count,bits,backend,boundary,transfer_policy,path_label,correctness,warmup,reps,trials,median_ms,iqr_ms,trial_median_min_ms,trial_median_max_ms,spread_ratio,spread_p90_p10,stable,unstable_rev2,baseline,speedup_vs_c,speedup_low,speedup_high,speedup_ci_low,speedup_ci_high,verdict,boundary_inversion,direction_supported,magnitude_supported,claim_supported_rev2,input_family,input_key
1024,4,cpu,comparator,none,cpu-comparator,passed,74075,30,30,0.013400,0.000100,0.013400,0.022150,1.6530,1.0075,true,true,,1.0000,1.0000,1.0000,1.0000,1.0000,comparator,false,,,,sparse,sparse_n1024
1024,4,cpu-avx2,optimized,none,cpu-avx2-optimized,passed,117648,30,30,0.008200,0.000900,0.007600,0.013750,1.8092,1.0975,true,true,cpu-comparator,1.6341,0.9745,2.9145,1.5952,1.6391,inconclusive,false,,,,sparse,sparse_n1024
1024,4,cuda,resident,none,cuda-resident,passed,8937,30,30,0.102950,0.025825,0.090950,0.131200,1.4426,1.2019,true,true,cpu-comparator,0.1302,0.1021,0.2435,0.1263,0.1317,slower,false,true,true,false,sparse,sparse_n1024
1024,4,cuda,resident-graph,none,cuda-resident-graph,passed,48781,30,30,0.020500,0.000100,0.020400,0.020500,1.0049,1.0049,true,false,cpu-comparator,0.6537,0.6537,1.0858,0.6537,0.6553,inconclusive,false,false,false,false,sparse,sparse_n1024
1024,4,cuda,host-origin,pageable,cuda-host-origin,passed,5308,30,30,0.205750,0.028100,0.192400,0.237200,1.2328,1.0695,true,false,cpu-comparator,0.0651,0.0565,0.1151,0.0645,0.0656,slower,false,true,true,false,sparse,sparse_n1024
1024,4,cuda,host-origin,pinned,cuda-host-origin-pinned,passed,5419,30,30,0.183900,0.009000,0.167450,0.244250,1.4586,1.0392,true,true,cpu-comparator,0.0729,0.0549,0.1323,0.0724,0.0735,slower,false,true,true,false,sparse,sparse_n1024
1024,4,cpu,gpu-origin,pageable,cpu-gpu-origin,passed,22599,30,30,0.046300,0.004400,0.037550,0.049200,1.3103,1.1359,true,true,cpu-comparator,0.2894,0.2724,0.5899,0.2872,0.3111,slower,false,true,true,false,sparse,sparse_n1024
1024,4,cuda,gpu-origin,pageable,cuda-gpu-origin,passed,5023,30,30,0.182900,0.024825,0.168750,0.206050,1.2210,1.1077,true,false,cpu-gpu-origin,0.2531,0.1822,0.2916,0.2332,0.2584,slower,false,true,true,false,sparse,sparse_n1024
1024,4,cpu,gpu-origin,pinned,cpu-gpu-origin-pinned,passed,27360,30,30,0.044400,0.001000,0.041200,0.045550,1.1056,1.0539,true,false,cpu-comparator,0.3018,0.2942,0.5376,0.2996,0.3018,slower,false,true,true,false,sparse,sparse_n1024
1024,4,cuda,gpu-origin,pinned,cuda-gpu-origin-pinned,passed,6364,30,30,0.157300,0.013300,0.147150,0.169050,1.1488,1.1003,true,false,cpu-gpu-origin-pinned,0.2823,0.2437,0.3095,0.2780,0.2875,slower,false,true,true,true,sparse,sparse_n1024
1024,8,cpu,comparator,none,cpu-comparator,passed,74627,30,30,0.013400,0.000100,0.013350,0.013400,1.0037,1.0000,true,false,,1.0000,1.0000,1.0000,1.0000,1.0000,comparator,false,,,,sparse,sparse_n1024
1024,8,cpu-avx2,optimized,none,cpu-avx2-optimized,passed,116280,30,30,0.008100,0.000825,0.007500,0.008400,1.1200,1.0664,true,false,cpu-comparator,1.6543,1.5893,1.7867,1.6145,1.6543,faster,false,,,,sparse,sparse_n1024
1024,8,cuda,resident,none,cuda-resident,passed,9071,30,30,0.100650,0.025625,0.082800,0.164250,1.9837,1.2155,true,true,cpu-comparator,0.1331,0.0813,0.1618,0.1304,0.1382,slower,false,true,true,false,sparse,sparse_n1024
1024,8,cuda,resident-graph,none,cuda-resident-graph,passed,46512,30,30,0.020500,0.000100,0.019500,0.020500,1.0513,1.0027,true,false,cpu-comparator,0.6537,0.6512,0.6872,0.6537,0.6537,slower,false,true,true,true,sparse,sparse_n1024
1024,8,cuda,host-origin,pageable,cuda-host-origin,passed,4862,30,30,0.205150,0.025775,0.191700,0.232050,1.2105,1.0830,true,false,cpu-comparator,0.0653,0.0575,0.0699,0.0647,0.0657,slower,false,true,true,true,sparse,sparse_n1024
1024,8,cuda,host-origin,pinned,cuda-host-origin-pinned,passed,5310,30,30,0.183000,0.009000,0.170250,0.242850,1.4264,1.0341,true,true,cpu-comparator,0.0732,0.0550,0.0787,0.0727,0.0734,slower,false,true,true,false,sparse,sparse_n1024
1024,8,cpu,gpu-origin,pageable,cpu-gpu-origin,passed,21954,30,30,0.046400,0.004700,0.033750,0.047300,1.4015,1.1377,true,true,cpu-comparator,0.2888,0.2822,0.3970,0.2866,0.2986,slower,false,true,true,false,sparse,sparse_n1024
1024,8,cuda,gpu-origin,pageable,cuda-gpu-origin,passed,5054,30,30,0.183450,0.024000,0.169300,0.220600,1.3030,1.1067,true,true,cpu-gpu-origin,0.2529,0.1530,0.2794,0.2403,0.2587,slower,false,true,true,false,sparse,sparse_n1024
1024,8,cpu,gpu-origin,pinned,cpu-gpu-origin-pinned,passed,22989,30,30,0.044400,0.001000,0.042700,0.047100,1.1030,1.0344,true,false,cpu-comparator,0.3018,0.2834,0.3138,0.2998,0.3020,slower,false,true,true,true,sparse,sparse_n1024
1024,8,cuda,gpu-origin,pinned,cuda-gpu-origin-pinned,passed,6010,30,30,0.157950,0.016450,0.148650,0.207250,1.3942,1.1265,true,true,cpu-gpu-origin-pinned,0.2811,0.2060,0.3169,0.2760,0.2883,slower,false,true,true,false,sparse,sparse_n1024
2048,4,cpu,comparator,none,cpu-comparator,passed,23095,30,30,0.027000,0.000100,0.027000,0.028600,1.0593,1.0004,true,false,,1.0000,1.0000,1.0000,1.0000,1.0000,comparator,false,,,,sparse,sparse_n2048
2048,4,cpu-avx2,optimized,none,cpu-avx2-optimized,passed,51283,30,30,0.008700,0.000800,0.008050,0.020650,2.5652,1.0680,true,true,cpu-comparator,3.1035,1.3075,3.5528,3.0857,3.1304,faster,false,,,,sparse,sparse_n2048
2048,4,cuda,resident,none,cuda-resident,passed,9667,30,30,0.101700,0.024000,0.090700,0.115450,1.2729,1.1582,true,true,cpu-comparator,0.2655,0.2339,0.3153,0.2648,0.2766,slower,false,true,true,false,sparse,sparse_n2048
2048,4,cuda,resident-graph,none,cuda-resident-graph,passed,48781,30,30,0.020500,0.000100,0.020400,0.021500,1.0539,1.0049,true,false,cpu-comparator,1.3171,1.2558,1.4020,1.3171,1.3171,faster,false,true,true,true,sparse,sparse_n2048
2048,4,cuda,host-origin,pageable,cuda-host-origin,passed,4797,30,30,0.207150,0.032825,0.195350,0.229450,1.1746,1.1185,true,false,cpu-comparator,0.1303,0.1177,0.1464,0.1283,0.1313,slower,false,true,true,true,sparse,sparse_n2048
2048,4,cuda,host-origin,pinned,cuda-host-origin-pinned,passed,5407,30,30,0.183700,0.007325,0.179400,0.198600,1.1070,1.0262,true,false,cpu-comparator,0.1470,0.1360,0.1594,0.1460,0.1476,slower,false,true,true,true,sparse,sparse_n2048
2048,4,cpu,gpu-origin,pageable,cpu-gpu-origin,passed,20388,30,30,0.049500,0.019325,0.048300,0.078550,1.6263,1.4194,false,true,cpu-comparator,0.5455,0.3437,0.5921,0.4260,0.5564,slower,false,true,false,false,sparse,sparse_n2048
2048,4,cuda,gpu-origin,pageable,cuda-gpu-origin,passed,5118,30,30,0.180400,0.024225,0.153500,0.207000,1.3485,1.0998,true,true,cpu-gpu-origin,0.2744,0.2333,0.5117,0.2648,0.3523,slower,false,true,false,false,sparse,sparse_n2048
2048,4,cpu,gpu-origin,pinned,cpu-gpu-origin-pinned,passed,16921,30,30,0.056800,0.001400,0.043900,0.076350,1.7392,1.0462,true,true,cpu-comparator,0.4754,0.3536,0.6515,0.4745,0.4766,slower,false,true,true,false,sparse,sparse_n2048
2048,4,cuda,gpu-origin,pinned,cuda-gpu-origin-pinned,passed,5381,30,30,0.154450,0.011625,0.148500,0.164600,1.1084,1.0812,true,false,cpu-gpu-origin-pinned,0.3678,0.2667,0.5141,0.3666,0.3699,slower,false,true,true,false,sparse,sparse_n2048
2048,8,cpu,comparator,none,cpu-comparator,passed,37038,30,30,0.026900,0.000100,0.026900,0.028000,1.0409,1.0037,true,false,,1.0000,1.0000,1.0000,1.0000,1.0000,comparator,false,,,,sparse,sparse_n2048
2048,8,cpu-avx2,optimized,none,cpu-avx2-optimized,passed,114943,30,30,0.008600,0.000800,0.008100,0.009050,1.1173,1.0622,true,false,cpu-comparator,3.1279,2.9724,3.4568,3.1098,3.1647,faster,false,,,,sparse,sparse_n2048
2048,8,cuda,resident,none,cuda-resident,passed,9867,30,30,0.098450,0.025200,0.089550,0.140000,1.5634,1.1807,true,true,cpu-comparator,0.2732,0.1921,0.3127,0.2728,0.2859,slower,false,true,true,false,sparse,sparse_n2048
2048,8,cuda,resident-graph,none,cuda-resident-graph,passed,46512,30,30,0.020500,0.000100,0.020400,0.023500,1.1520,1.0049,true,false,cpu-comparator,1.3122,1.1447,1.3725,1.3122,1.3159,faster,false,true,true,true,sparse,sparse_n2048
2048,8,cuda,host-origin,pageable,cuda-host-origin,passed,4895,30,30,0.206800,0.027925,0.194150,0.230400,1.1867,1.0845,true,false,cpu-comparator,0.1301,0.1168,0.1442,0.1288,0.1314,slower,false,true,true,true,sparse,sparse_n2048
2048,8,cuda,host-origin,pinned,cuda-host-origin-pinned,passed,5393,30,30,0.183000,0.007025,0.179700,0.209250,1.1644,1.0224,true,false,cpu-comparator,0.1470,0.1286,0.1558,0.1463,0.1476,slower,false,true,true,true,sparse,sparse_n2048
2048,8,cpu,gpu-origin,pageable,cpu-gpu-origin,passed,14663,30,30,0.048900,0.019600,0.048200,0.069000,1.4315,1.4219,false,true,cpu-comparator,0.5501,0.3899,0.5809,0.4342,0.5554,slower,false,true,false,false,sparse,sparse_n2048
2048,8,cuda,gpu-origin,pageable,cuda-gpu-origin,passed,5556,30,30,0.181200,0.028925,0.138250,0.239550,1.7327,1.1146,true,true,cpu-gpu-origin,0.2699,0.2012,0.4991,0.2617,0.3426,slower,false,true,false,false,sparse,sparse_n2048
2048,8,cpu,gpu-origin,pinned,cpu-gpu-origin-pinned,passed,16667,30,30,0.056700,0.000700,0.055500,0.059550,1.0730,1.0216,true,false,cpu-comparator,0.4744,0.4517,0.5045,0.4740,0.4762,slower,false,true,true,true,sparse,sparse_n2048
2048,8,cuda,gpu-origin,pinned,cuda-gpu-origin-pinned,passed,5999,30,30,0.155900,0.010800,0.147350,0.209150,1.4194,1.0923,true,true,cpu-gpu-origin-pinned,0.3637,0.2654,0.4041,0.3511,0.3681,slower,false,true,true,false,sparse,sparse_n2048
4096,4,cpu,comparator,none,cpu-comparator,passed,18149,30,30,0.054950,0.000100,0.054900,0.055200,1.0055,1.0018,true,false,,1.0000,1.0000,1.0000,1.0000,1.0000,comparator,false,,,,sparse,sparse_n4096
4096,4,cpu-avx2,optimized,none,cpu-avx2-optimized,passed,91325,30,30,0.010400,0.001000,0.009800,0.027550,2.8112,1.4897,false,true,cpu-comparator,5.2837,1.9927,5.6327,5.2536,5.3325,faster,false,,,,sparse,sparse_n4096
4096,4,cuda,resident,none,cuda-resident,passed,10336,30,30,0.099200,0.023450,0.090150,0.114450,1.2696,1.1982,true,true,cpu-comparator,0.5539,0.4797,0.6123,0.5408,0.5727,slower,false,true,true,false,sparse,sparse_n4096
4096,4,cuda,resident-graph,none,cuda-resident-graph,passed,48781,30,30,0.020500,0.000100,0.020400,0.020500,1.0049,1.0049,true,false,cpu-comparator,2.6805,2.6780,2.7059,2.6780,2.6895,faster,false,true,true,true,sparse,sparse_n4096
4096,4,cuda,host-origin,pageable,cuda-host-origin,passed,5186,30,30,0.211800,0.033850,0.195200,0.250650,1.2841,1.1494,true,true,cpu-comparator,0.2594,0.2190,0.2828,0.2541,0.2655,slower,false,true,true,false,sparse,sparse_n4096
4096,4,cuda,host-origin,pinned,cuda-host-origin-pinned,passed,5429,30,30,0.183200,0.006700,0.180400,0.210250,1.1655,1.0236,true,false,cpu-comparator,0.2999,0.2611,0.3060,0.2988,0.3010,slower,false,true,true,true,sparse,sparse_n4096
4096,4,cpu,gpu-origin,pageable,cpu-gpu-origin,passed,10661,30,30,0.093700,0.000600,0.089800,0.095350,1.0618,1.0118,true,false,cpu-comparator,0.5864,0.5758,0.6147,0.5859,0.5876,slower,false,true,true,true,sparse,sparse_n4096
4096,4,cuda,gpu-origin,pageable,cuda-gpu-origin,passed,5060,30,30,0.178850,0.026950,0.170650,0.221550,1.2983,1.1054,true,true,cpu-gpu-origin,0.5239,0.4053,0.5587,0.5049,0.5283,slower,false,true,true,false,sparse,sparse_n4096
4096,4,cpu,gpu-origin,pinned,cpu-gpu-origin-pinned,passed,11642,30,30,0.085700,0.000700,0.083500,0.091750,1.0988,1.0043,true,false,cpu-comparator,0.6412,0.5984,0.6611,0.6404,0.6425,slower,false,true,true,true,sparse,sparse_n4096
4096,4,cuda,gpu-origin,pinned,cuda-gpu-origin-pinned,passed,6400,30,30,0.155950,0.012700,0.147400,0.178600,1.2117,1.0914,true,false,cpu-gpu-origin-pinned,0.5495,0.4675,0.6225,0.5384,0.5549,slower,false,true,true,true,sparse,sparse_n4096
4096,8,cpu,comparator,none,cpu-comparator,passed,18199,30,30,0.054800,0.000100,0.054650,0.083550,1.5288,1.0018,true,true,,1.0000,1.0000,1.0000,1.0000,1.0000,comparator,false,,,,sparse,sparse_n4096
4096,8,cpu-avx2,optimized,none,cpu-avx2-optimized,passed,102041,30,30,0.010100,0.001000,0.009400,0.011100,1.1809,1.0958,true,false,cpu-comparator,5.4257,4.9234,8.8883,5.3463,5.4392,faster,false,,,,sparse,sparse_n4096
4096,8,cuda,resident,none,cuda-resident,passed,10466,30,30,0.097750,0.023800,0.085000,0.114250,1.3441,1.1773,true,true,cpu-comparator,0.5606,0.4783,0.9829,0.5513,0.5774,slower,false,true,true,false,sparse,sparse_n4096
4096,8,cuda,resident-graph,none,cuda-resident-graph,passed,48900,30,30,0.020500,0.000100,0.020400,0.021250,1.0417,1.0049,true,false,cpu-comparator,2.6732,2.5718,4.0956,2.6683,2.6797,faster,false,true,true,false,sparse,sparse_n4096
4096,8,cuda,host-origin,pageable,cuda-host-origin,passed,5029,30,30,0.212250,0.033225,0.195000,0.236600,1.2133,1.1289,true,false,cpu-comparator,0.2582,0.2310,0.4285,0.2529,0.2626,slower,false,true,true,false,sparse,sparse_n4096
4096,8,cuda,host-origin,pinned,cuda-host-origin-pinned,passed,5469,30,30,0.183800,0.008500,0.178550,0.187400,1.0496,1.0247,true,false,cpu-comparator,0.2982,0.2916,0.4679,0.2966,0.2987,slower,false,true,true,false,sparse,sparse_n4096
4096,8,cpu,gpu-origin,pageable,cpu-gpu-origin,passed,10673,30,30,0.093400,0.000700,0.089600,0.093800,1.0469,1.0100,true,false,cpu-comparator,0.5867,0.5826,0.9325,0.5857,0.5874,slower,false,true,true,false,sparse,sparse_n4096
4096,8,cuda,gpu-origin,pageable,cuda-gpu-origin,passed,5273,30,30,0.181000,0.024375,0.171300,0.193450,1.1293,1.0785,true,false,cpu-gpu-origin,0.5160,0.4632,0.5476,0.4973,0.5223,slower,false,true,true,true,sparse,sparse_n4096
4096,8,cpu,gpu-origin,pinned,cpu-gpu-origin-pinned,passed,11669,30,30,0.085600,0.000700,0.083450,0.086900,1.0413,1.0055,true,false,cpu-comparator,0.6402,0.6289,1.0012,0.6390,0.6409,inconclusive,false,false,false,false,sparse,sparse_n4096
4096,8,cuda,gpu-origin,pinned,cuda-gpu-origin-pinned,passed,6310,30,30,0.157350,0.013025,0.150200,0.172150,1.1461,1.0810,true,false,cpu-gpu-origin-pinned,0.5440,0.4848,0.5786,0.5339,0.5547,slower,false,true,true,true,sparse,sparse_n4096
8192,4,cpu,comparator,none,cpu-comparator,passed,8769,30,30,0.110900,0.000100,0.110700,0.111550,1.0077,1.0009,true,false,,1.0000,1.0000,1.0000,1.0000,1.0000,comparator,false,,,,sparse,sparse_n8192
8192,4,cpu-avx2,optimized,none,cpu-avx2-optimized,passed,36497,30,30,0.014000,0.000900,0.013250,0.032250,2.4340,1.0668,true,true,cpu-comparator,7.9214,3.4326,8.4189,7.8339,7.9928,faster,false,,,,sparse,sparse_n8192
8192,4,cuda,resident,none,cuda-resident,passed,8933,30,30,0.100600,0.026900,0.092600,0.144300,1.5583,1.1914,true,true,cpu-comparator,1.1024,0.7672,1.2046,1.0916,1.1421,inconclusive,false,false,false,false,sparse,sparse_n8192
8192,4,cuda,resident-graph,none,cuda-resident-graph,passed,48781,30,30,0.020500,0.000100,0.020400,0.020500,1.0049,1.0024,true,false,cpu-comparator,5.4098,5.4000,5.4681,5.4049,5.4098,faster,false,true,true,true,sparse,sparse_n8192
8192,4,cuda,host-origin,pageable,cuda-host-origin,passed,4838,30,30,0.206550,0.041025,0.165650,0.239400,1.4452,1.1949,true,true,cpu-comparator,0.5369,0.4624,0.6734,0.5182,0.5544,slower,false,true,true,false,sparse,sparse_n8192
8192,4,cuda,host-origin,pinned,cuda-host-origin-pinned,passed,5362,30,30,0.190800,0.020350,0.180000,0.204800,1.1378,1.0743,true,false,cpu-comparator,0.5812,0.5405,0.6197,0.5748,0.5866,slower,false,true,true,true,sparse,sparse_n8192
8192,4,cpu,gpu-origin,pageable,cpu-gpu-origin,passed,6545,30,30,0.152700,0.000800,0.149600,0.156000,1.0428,1.0099,true,false,cpu-comparator,0.7263,0.7096,0.7457,0.7252,0.7267,slower,false,true,true,true,sparse,sparse_n8192
8192,4,cuda,gpu-origin,pageable,cuda-gpu-origin,passed,5016,30,30,0.181300,0.025850,0.128300,0.202050,1.5748,1.1127,true,true,cpu-gpu-origin,0.8423,0.7404,1.2159,0.8139,0.8597,inconclusive,false,false,false,false,sparse,sparse_n8192
8192,4,cpu,gpu-origin,pinned,cpu-gpu-origin-pinned,passed,6897,30,30,0.143900,0.001800,0.142400,0.196850,1.3824,1.0139,true,true,cpu-comparator,0.7707,0.5624,0.7834,0.7694,0.7708,slower,false,true,true,false,sparse,sparse_n8192
8192,4,cuda,gpu-origin,pinned,cuda-gpu-origin-pinned,passed,6288,30,30,0.156450,0.012525,0.149900,0.179250,1.1958,1.0794,true,false,cpu-gpu-origin-pinned,0.9198,0.7944,1.3132,0.9092,0.9287,inconclusive,false,false,false,false,sparse,sparse_n8192
8192,8,cpu,comparator,none,cpu-comparator,passed,9034,30,30,0.110500,0.000100,0.110400,0.110800,1.0036,1.0010,true,false,,1.0000,1.0000,1.0000,1.0000,1.0000,comparator,false,,,,sparse,sparse_n8192
8192,8,cpu-avx2,optimized,none,cpu-avx2-optimized,passed,73530,30,30,0.013500,0.000800,0.013000,0.014300,1.1000,1.0427,true,false,cpu-comparator,8.1852,7.7203,8.5231,8.0657,8.2193,faster,false,,,,sparse,sparse_n8192
8192,8,cuda,resident,none,cuda-resident,passed,10210,30,30,0.095900,0.024125,0.076300,0.114200,1.4967,1.1684,true,true,cpu-comparator,1.1522,0.9667,1.4522,1.1061,1.1698,inconclusive,false,false,false,false,sparse,sparse_n8192
8192,8,cuda,resident-graph,none,cuda-resident-graph,passed,48781,30,30,0.020500,0.000100,0.020400,0.020500,1.0049,1.0049,true,false,cpu-comparator,5.3902,5.3854,5.4314,5.3902,5.4034,faster,false,true,true,true,sparse,sparse_n8192
8192,8,cuda,host-origin,pageable,cuda-host-origin,passed,4945,30,30,0.200600,0.044225,0.156400,0.236900,1.5147,1.2975,false,true,cpu-comparator,0.5508,0.4660,0.7084,0.5112,0.5686,slower,false,true,false,false,sparse,sparse_n8192
8192,8,cuda,host-origin,pinned,cuda-host-origin-pinned,passed,5206,30,30,0.193550,0.021150,0.184450,0.201450,1.0922,1.0657,true,false,cpu-comparator,0.5709,0.5480,0.6007,0.5577,0.5766,slower,false,true,true,true,sparse,sparse_n8192
8192,8,cpu,gpu-origin,pageable,cpu-gpu-origin,passed,6562,30,30,0.152400,0.000600,0.149200,0.153300,1.0275,1.0039,true,false,cpu-comparator,0.7251,0.7202,0.7426,0.7246,0.7257,slower,false,true,true,true,sparse,sparse_n8192
8192,8,cuda,gpu-origin,pageable,cuda-gpu-origin,passed,5393,30,30,0.183500,0.027350,0.172850,0.214850,1.2430,1.1291,true,false,cpu-gpu-origin,0.8305,0.6944,0.8869,0.8129,0.8489,slower,false,true,true,true,sparse,sparse_n8192
8192,8,cpu,gpu-origin,pinned,cpu-gpu-origin-pinned,passed,6950,30,30,0.143700,0.001100,0.143300,0.149750,1.0450,1.0065,true,false,cpu-comparator,0.7690,0.7372,0.7732,0.7690,0.7702,slower,false,true,true,true,sparse,sparse_n8192
8192,8,cuda,gpu-origin,pinned,cuda-gpu-origin-pinned,passed,6507,30,30,0.155200,0.012825,0.150050,0.169100,1.1270,1.0795,true,false,cpu-gpu-origin-pinned,0.9259,0.8474,0.9980,0.9135,0.9285,slower,false,true,true,true,sparse,sparse_n8192
16384,4,cpu,comparator,none,cpu-comparator,passed,4479,30,30,0.223200,0.000400,0.222900,0.261200,1.1718,1.0013,true,false,,1.0000,1.0000,1.0000,1.0000,1.0000,comparator,false,,,,sparse,sparse_n16384
16384,4,cpu-avx2,optimized,none,cpu-avx2-optimized,passed,50633,30,30,0.020300,0.000900,0.019750,0.040600,2.0557,1.0310,true,true,cpu-comparator,10.9951,5.4901,13.2253,10.9521,11.0907,faster,false,,,,sparse,sparse_n16384
16384,4,cuda,resident,none,cuda-resident,passed,10096,30,30,0.095700,0.022625,0.087900,0.109450,1.2452,1.1347,true,false,cpu-comparator,2.3323,2.0365,2.9716,2.2604,2.3569,faster,false,true,true,true,sparse,sparse_n16384
16384,4,cuda,resident-graph,none,cuda-resident-graph,passed,48781,30,30,0.020500,0.000400,0.020400,0.025750,1.2623,1.0027,true,true,cpu-comparator,10.8878,8.6563,12.8039,10.8829,10.8878,faster,false,true,true,false,sparse,sparse_n16384
16384,4,cuda,host-origin,pageable,cuda-host-origin,passed,5373,30,30,0.194100,0.032650,0.167450,0.225950,1.3494,1.1875,true,true,cpu-comparator,1.1499,0.9865,1.5599,1.1397,1.1844,inconclusive,false,false,false,false,sparse,sparse_n16384
16384,4,cuda,host-origin,pinned,cuda-host-origin-pinned,passed,5167,30,30,0.183800,0.022400,0.166850,0.206500,1.2376,1.1170,true,false,cpu-comparator,1.2144,1.0794,1.5655,1.1946,1.2658,faster,false,true,true,true,sparse,sparse_n16384
16384,4,cpu,gpu-origin,pageable,cpu-gpu-origin,passed,3672,30,30,0.272200,0.001400,0.268350,0.281750,1.0499,1.0055,true,false,cpu-comparator,0.8200,0.7911,0.9734,0.8192,0.8202,slower,false,true,true,true,sparse,sparse_n16384
16384,4,cuda,gpu-origin,pageable,cuda-gpu-origin,passed,5271,30,30,0.178800,0.023725,0.171450,0.232950,1.3587,1.1146,true,true,cpu-gpu-origin,1.5224,1.1520,1.6433,1.5034,1.5289,faster,false,true,true,false,sparse,sparse_n16384
16384,4,cpu,gpu-origin,pinned,cpu-gpu-origin-pinned,passed,3812,30,30,0.262500,0.001200,0.262100,0.268050,1.0227,1.0027,true,false,cpu-comparator,0.8503,0.8316,0.9966,0.8496,0.8509,slower,false,true,true,true,sparse,sparse_n16384
16384,4,cuda,gpu-origin,pinned,cuda-gpu-origin-pinned,passed,6507,30,30,0.153400,0.014750,0.148950,0.221050,1.4841,1.0961,true,true,cpu-gpu-origin-pinned,1.7112,1.1857,1.7996,1.6975,1.7377,faster,false,true,true,false,sparse,sparse_n16384
16384,8,cpu,comparator,none,cpu-comparator,passed,4474,30,30,0.223500,0.000300,0.223100,0.224100,1.0045,1.0013,true,false,,1.0000,1.0000,1.0000,1.0000,1.0000,comparator,false,,,,sparse,sparse_n16384
16384,8,cpu-avx2,optimized,none,cpu-avx2-optimized,passed,45978,30,30,0.019500,0.000800,0.019000,0.034700,1.8263,1.0334,true,true,cpu-comparator,11.4615,6.4294,11.7947,11.4322,11.5355,faster,false,,,,sparse,sparse_n16384
16384,8,cuda,resident,none,cuda-resident,passed,8842,30,30,0.099150,0.025800,0.089700,0.120750,1.3462,1.1789,true,true,cpu-comparator,2.2542,1.8476,2.4983,2.1762,2.3446,faster,false,true,true,false,sparse,sparse_n16384
16384,8,cuda,resident-graph,none,cuda-resident-graph,passed,48781,30,30,0.020500,0.000100,0.020400,0.023600,1.1569,1.0024,true,false,cpu-comparator,10.9024,9.4534,10.9853,10.9024,10.9037,faster,false,true,true,true,sparse,sparse_n16384
16384,8,cuda,host-origin,pageable,cuda-host-origin,passed,4784,30,30,0.200500,0.030300,0.179700,0.228000,1.2688,1.1066,true,true,cpu-comparator,1.1147,0.9785,1.2471,1.1028,1.1312,inconclusive,false,false,false,false,sparse,sparse_n16384
16384,8,cuda,host-origin,pinned,cuda-host-origin-pinned,passed,5556,30,30,0.188100,0.021725,0.171700,0.212800,1.2394,1.1106,true,false,cpu-comparator,1.1882,1.0484,1.3052,1.1680,1.2055,faster,false,true,true,true,sparse,sparse_n16384
16384,8,cpu,gpu-origin,pageable,cpu-gpu-origin,passed,3670,30,30,0.272300,0.001700,0.268800,0.292050,1.0865,1.0077,true,false,cpu-comparator,0.8208,0.7639,0.8337,0.8206,0.8214,slower,false,true,true,true,sparse,sparse_n16384
16384,8,cuda,gpu-origin,pageable,cuda-gpu-origin,passed,5637,30,30,0.186700,0.027750,0.171550,0.222150,1.2950,1.1236,true,true,cpu-gpu-origin,1.4585,1.2100,1.7024,1.3804,1.4719,faster,false,true,true,false,sparse,sparse_n16384
16384,8,cpu,gpu-origin,pinned,cpu-gpu-origin-pinned,passed,3807,30,30,0.262800,0.001000,0.262350,0.263650,1.0050,1.0031,true,false,cpu-comparator,0.8505,0.8462,0.8542,0.8505,0.8509,slower,false,true,true,true,sparse,sparse_n16384
16384,8,cuda,gpu-origin,pinned,cuda-gpu-origin-pinned,passed,6245,30,30,0.160300,0.015850,0.151700,0.210200,1.3856,1.0866,true,true,cpu-gpu-origin-pinned,1.6394,1.2481,1.7380,1.6126,1.6662,faster,false,true,true,false,sparse,sparse_n16384
32768,4,cpu,comparator,none,cpu-comparator,passed,2220,30,30,0.449800,0.001600,0.449300,0.633450,1.4099,1.0140,true,true,,1.0000,1.0000,1.0000,1.0000,1.0000,comparator,false,,,,sparse,sparse_n32768
32768,4,cpu-avx2,optimized,none,cpu-avx2-optimized,passed,29070,30,30,0.032500,0.001000,0.031500,0.056900,1.8063,1.0257,true,true,cpu-comparator,13.8400,7.8963,20.1095,13.8081,13.9042,faster,false,,,,sparse,sparse_n32768
32768,4,cuda,resident,none,cuda-resident,passed,9916,30,30,0.094900,0.022000,0.089050,0.104150,1.1696,1.1320,true,false,cpu-comparator,4.7397,4.3140,7.1134,4.5955,4.8612,faster,false,true,true,false,sparse,sparse_n32768
32768,4,cuda,resident-graph,none,cuda-resident-graph,passed,48781,30,30,0.020500,0.000100,0.020400,0.020500,1.0049,1.0049,true,false,cpu-comparator,21.9415,21.9171,31.0515,21.9366,21.9951,faster,false,true,true,false,sparse,sparse_n32768
32768,4,cuda,host-origin,pageable,cuda-host-origin,passed,4621,30,30,0.226700,0.031600,0.211050,0.252950,1.1985,1.1019,true,false,cpu-comparator,1.9841,1.7762,3.0014,1.9478,2.0166,faster,false,true,true,false,sparse,sparse_n32768
32768,4,cuda,host-origin,pinned,cuda-host-origin-pinned,passed,5202,30,30,0.196600,0.030425,0.177700,0.225700,1.2701,1.1650,true,true,cpu-comparator,2.2879,1.9907,3.5647,2.2572,2.2841,faster,false,true,true,false,sparse,sparse_n32768
32768,4,cpu,gpu-origin,pageable,cpu-gpu-origin,passed,1896,30,30,0.527400,0.002000,0.521350,0.567400,1.0883,1.0059,true,false,cpu-comparator,0.8529,0.7919,1.2150,0.8527,0.8533,inconclusive,false,false,false,false,sparse,sparse_n32768
32768,4,cuda,gpu-origin,pageable,cuda-gpu-origin,passed,5493,30,30,0.184700,0.020050,0.141300,0.208400,1.4749,1.1160,true,true,cpu-gpu-origin,2.8554,2.5017,4.0156,2.8343,2.8619,faster,false,true,true,false,sparse,sparse_n32768
32768,4,cpu,gpu-origin,pinned,cpu-gpu-origin-pinned,passed,2006,30,30,0.498900,0.003300,0.498300,0.601250,1.2066,1.0196,true,false,cpu-comparator,0.9016,0.7473,1.2712,0.9015,0.9023,inconclusive,false,false,false,false,sparse,sparse_n32768
32768,4,cuda,gpu-origin,pinned,cuda-gpu-origin-pinned,passed,5967,30,30,0.158900,0.009900,0.151900,0.165750,1.0912,1.0588,true,false,cpu-gpu-origin-pinned,3.1397,3.0063,3.9582,3.1295,3.1686,faster,false,true,true,true,sparse,sparse_n32768
32768,8,cpu,comparator,none,cpu-comparator,passed,2217,30,30,0.451100,0.001100,0.450450,0.472950,1.0500,1.0011,true,false,,1.0000,1.0000,1.0000,1.0000,1.0000,comparator,false,,,,sparse,sparse_n32768
32768,8,cpu-avx2,optimized,none,cpu-avx2-optimized,passed,32841,30,30,0.031100,0.001100,0.030100,0.058550,1.9452,1.0264,true,true,cpu-comparator,14.5048,7.6934,15.7126,14.4320,14.5869,faster,false,,,,sparse,sparse_n32768
32768,8,cuda,resident,none,cuda-resident,passed,9150,30,30,0.095450,0.022425,0.085800,0.115350,1.3444,1.1367,true,true,cpu-comparator,4.7260,3.9051,5.5122,4.5284,4.8414,faster,false,true,true,false,sparse,sparse_n32768
32768,8,cuda,resident-graph,none,cuda-resident-graph,passed,46512,30,30,0.020500,0.000100,0.020400,0.024500,1.2010,1.0027,true,false,cpu-comparator,22.0049,18.3857,23.1838,22.0000,22.0049,faster,false,true,true,true,sparse,sparse_n32768
32768,8,cuda,host-origin,pageable,cuda-host-origin,passed,4302,30,30,0.234850,0.033450,0.216450,0.278950,1.2888,1.1343,true,true,cpu-comparator,1.9208,1.6148,2.1850,1.8898,1.9516,faster,false,true,true,false,sparse,sparse_n32768
32768,8,cuda,host-origin,pinned,cuda-host-origin-pinned,passed,5121,30,30,0.197650,0.023825,0.173000,0.212650,1.2292,1.1448,true,false,cpu-comparator,2.2823,2.1183,2.7338,2.2387,2.2963,faster,false,true,true,true,sparse,sparse_n32768
32768,8,cpu,gpu-origin,pageable,cpu-gpu-origin,passed,1892,30,30,0.528500,0.001625,0.522900,0.551350,1.0544,1.0026,true,false,cpu-comparator,0.8535,0.8170,0.9045,0.8533,0.8537,slower,false,true,true,true,sparse,sparse_n32768
32768,8,cuda,gpu-origin,pageable,cuda-gpu-origin,passed,4870,30,30,0.179450,0.044125,0.136300,0.202850,1.4883,1.3789,false,true,cpu-gpu-origin,2.9451,2.5778,4.0451,2.8205,2.9867,faster,false,true,false,false,sparse,sparse_n32768
32768,8,cpu,gpu-origin,pinned,cpu-gpu-origin-pinned,passed,2000,30,30,0.500100,0.001800,0.499300,0.502450,1.0063,1.0016,true,false,cpu-comparator,0.9020,0.8965,0.9472,0.9018,0.9023,slower,false,true,true,true,sparse,sparse_n32768
32768,8,cuda,gpu-origin,pinned,cuda-gpu-origin-pinned,passed,6132,30,30,0.151050,0.023925,0.145150,0.209150,1.4409,1.1209,true,true,cpu-gpu-origin-pinned,3.3108,2.3873,3.4616,3.1701,3.3812,faster,false,true,true,false,sparse,sparse_n32768
65536,4,cpu,comparator,none,cpu-comparator,passed,1105,30,30,0.905550,0.002500,0.904400,0.996100,1.1014,1.0034,true,false,,1.0000,1.0000,1.0000,1.0000,1.0000,comparator,false,,,,sparse,sparse_n65536
65536,4,cpu-avx2,optimized,none,cpu-avx2-optimized,passed,17762,30,30,0.058100,0.001300,0.057450,0.103650,1.8042,1.0141,true,true,cpu-comparator,15.5861,8.7255,17.3386,15.5490,15.6541,faster,false,,,,sparse,sparse_n65536
65536,4,cuda,resident,none,cuda-resident,passed,9547,30,30,0.098450,0.022800,0.089750,0.110600,1.2323,1.1397,true,false,cpu-comparator,9.1981,8.1772,11.0986,9.0202,9.3808,faster,false,true,true,true,sparse,sparse_n65536
65536,4,cuda,resident-graph,none,cuda-resident-graph,passed,46512,30,30,0.020500,0.002100,0.020500,0.022500,1.0976,1.0927,true,false,cpu-comparator,44.1732,40.1956,48.5902,44.1415,44.1707,faster,false,true,true,true,sparse,sparse_n65536
65536,4,cuda,host-origin,pageable,cuda-host-origin,passed,3712,30,30,0.262700,0.036050,0.226900,0.304200,1.3407,1.1732,true,true,cpu-comparator,3.4471,2.9730,4.3900,3.3689,3.5073,faster,false,true,true,false,sparse,sparse_n65536
65536,4,cuda,host-origin,pinned,cuda-host-origin-pinned,passed,4193,30,30,0.223300,0.029325,0.213750,0.253700,1.1869,1.0705,true,false,cpu-comparator,4.0553,3.5648,4.6601,3.9734,4.0837,faster,false,true,true,true,sparse,sparse_n65536
65536,4,cpu,gpu-origin,pageable,cpu-gpu-origin,passed,987,30,30,1.004600,0.005100,0.998850,1.095100,1.0964,1.0047,true,false,cpu-comparator,0.9014,0.8259,0.9972,0.9005,0.9016,slower,false,true,true,true,sparse,sparse_n65536
65536,4,cuda,gpu-origin,pageable,cuda-gpu-origin,passed,4867,30,30,0.181200,0.056975,0.125250,0.202350,1.6156,1.3386,false,true,cpu-gpu-origin,5.5442,4.9362,8.7433,5.3440,5.8237,faster,false,true,false,false,sparse,sparse_n65536
65536,4,cpu,gpu-origin,pinned,cpu-gpu-origin-pinned,passed,1028,30,30,0.973600,0.005200,0.971400,1.001350,1.0308,1.0044,true,false,cpu-comparator,0.9301,0.9032,1.0254,0.9294,0.9304,inconclusive,false,false,false,false,sparse,sparse_n65536
65536,4,cuda,gpu-origin,pinned,cuda-gpu-origin-pinned,passed,6274,30,30,0.156250,0.026300,0.145350,0.173700,1.1950,1.1345,true,false,cpu-gpu-origin-pinned,6.2310,5.5924,6.8892,5.9823,6.4324,faster,false,true,true,true,sparse,sparse_n65536
65536,8,cpu,comparator,none,cpu-comparator,passed,1097,30,30,0.910600,0.001800,0.909600,0.919800,1.0112,1.0012,true,false,,1.0000,1.0000,1.0000,1.0000,1.0000,comparator,false,,,,sparse,sparse_n65536
65536,8,cpu-avx2,optimized,none,cpu-avx2-optimized,passed,19084,30,30,0.055100,0.001400,0.054300,0.100000,1.8416,1.1605,true,true,cpu-comparator,16.5263,9.0960,16.9392,16.5011,16.6136,faster,false,,,,sparse,sparse_n65536
65536,8,cuda,resident,none,cuda-resident,passed,10538,30,30,0.097400,0.021725,0.090400,0.108700,1.2024,1.1310,true,false,cpu-comparator,9.3491,8.3680,10.1748,9.1705,9.5613,faster,false,true,true,true,sparse,sparse_n65536
65536,8,cuda,resident-graph,none,cuda-resident-graph,passed,42554,30,30,0.022500,0.000200,0.020500,0.022500,1.0976,1.0040,true,false,cpu-comparator,40.4711,40.4267,44.8683,40.4533,40.4667,faster,false,true,true,true,sparse,sparse_n65536
65536,8,cuda,host-origin,pageable,cuda-host-origin,passed,3492,30,30,0.271050,0.029450,0.250600,0.296650,1.1838,1.1353,true,false,cpu-comparator,3.3595,3.0662,3.6704,3.2653,3.4500,faster,false,true,true,true,sparse,sparse_n65536
65536,8,cuda,host-origin,pinned,cuda-host-origin-pinned,passed,4365,30,30,0.222500,0.021075,0.203150,0.235450,1.1590,1.0770,true,false,cpu-comparator,4.0926,3.8632,4.5277,4.0238,4.1375,faster,false,true,true,true,sparse,sparse_n65536
65536,8,cpu,gpu-origin,pageable,cpu-gpu-origin,passed,989,30,30,1.009600,0.005400,1.003550,1.027100,1.0235,1.0112,true,false,cpu-comparator,0.9019,0.8856,0.9165,0.9014,0.9024,slower,false,true,true,true,sparse,sparse_n65536
65536,8,cuda,gpu-origin,pageable,cuda-gpu-origin,passed,4856,30,30,0.161750,0.059350,0.145800,0.241250,1.6547,1.3015,false,true,cpu-gpu-origin,6.2417,4.1598,7.0446,5.7865,6.5793,faster,false,true,false,false,sparse,sparse_n65536
65536,8,cpu,gpu-origin,pinned,cpu-gpu-origin-pinned,passed,1018,30,30,0.978550,0.006400,0.976450,1.008500,1.0328,1.0138,true,false,cpu-comparator,0.9306,0.9019,0.9420,0.9302,0.9310,slower,false,true,true,true,sparse,sparse_n65536
65536,8,cuda,gpu-origin,pinned,cuda-gpu-origin-pinned,passed,5967,30,30,0.161950,0.025825,0.151400,0.186550,1.2322,1.1222,true,false,cpu-gpu-origin-pinned,6.0423,5.2343,6.6612,5.8962,6.2464,faster,false,true,true,true,sparse,sparse_n65536
131072,4,cpu,comparator,none,cpu-comparator,passed,553,30,30,1.811100,0.003700,1.809750,1.826900,1.0095,1.0006,true,false,,1.0000,1.0000,1.0000,1.0000,1.0000,comparator,false,,,,sparse,sparse_n131072
131072,4,cpu-avx2,optimized,none,cpu-avx2-optimized,passed,9511,30,30,0.109200,0.001700,0.107550,0.112300,1.0442,1.0110,true,false,cpu-comparator,16.5852,16.1153,16.9865,16.5501,16.6313,faster,false,,,,sparse,sparse_n131072
131072,4,cuda,resident,none,cuda-resident,passed,10829,30,30,0.100750,0.026325,0.092350,0.132500,1.4348,1.1615,true,true,cpu-comparator,17.9762,13.6585,19.7823,17.4861,18.9253,faster,false,true,true,false,sparse,sparse_n131072
131072,4,cuda,resident-graph,none,cuda-resident-graph,passed,40817,30,30,0.024300,0.002200,0.022550,0.025000,1.1086,1.0845,true,false,cpu-comparator,74.5309,72.3900,81.0155,74.3025,77.0702,faster,false,true,true,true,sparse,sparse_n131072
131072,4,cuda,host-origin,pageable,cuda-host-origin,passed,3162,30,30,0.305800,0.041825,0.267500,0.346800,1.2964,1.1942,true,true,cpu-comparator,5.9225,5.2184,6.8295,5.7311,6.0241,faster,false,true,true,false,sparse,sparse_n131072
131072,4,cuda,host-origin,pinned,cuda-host-origin-pinned,passed,3778,30,30,0.257300,0.032850,0.240600,0.284950,1.1843,1.1107,true,false,cpu-comparator,7.0389,6.3511,7.5931,6.8669,7.2337,faster,false,true,true,true,sparse,sparse_n131072
131072,4,cpu,gpu-origin,pageable,cpu-gpu-origin,passed,511,30,30,1.959700,0.009325,1.954550,2.287100,1.1701,1.0026,true,false,cpu-comparator,0.9242,0.7913,0.9347,0.9239,0.9246,slower,false,true,true,true,sparse,sparse_n131072
131072,4,cuda,gpu-origin,pageable,cuda-gpu-origin,passed,5528,30,30,0.159900,0.055650,0.141100,0.210150,1.4894,1.2494,true,true,cpu-gpu-origin,12.2558,9.3007,16.2091,11.5951,13.0729,faster,false,true,true,false,sparse,sparse_n131072
131072,4,cpu,gpu-origin,pinned,cpu-gpu-origin-pinned,passed,522,30,30,1.916900,0.009000,1.914600,2.228400,1.1639,1.0029,true,false,cpu-comparator,0.9448,0.8121,0.9542,0.9446,0.9453,slower,false,true,true,true,sparse,sparse_n131072
131072,4,cuda,gpu-origin,pinned,cuda-gpu-origin-pinned,passed,5960,30,30,0.158300,0.023500,0.149600,0.181150,1.2109,1.1329,true,false,cpu-gpu-origin-pinned,12.1093,10.5691,14.8957,11.8311,12.3597,faster,false,true,true,true,sparse,sparse_n131072
131072,8,cpu,comparator,none,cpu-comparator,passed,548,30,30,1.826100,0.007525,1.824650,1.863950,1.0215,1.0059,true,false,,1.0000,1.0000,1.0000,1.0000,1.0000,comparator,false,,,,sparse,sparse_n131072
131072,8,cpu-avx2,optimized,none,cpu-avx2-optimized,passed,10153,30,30,0.103100,0.002100,0.101550,0.202750,1.9966,1.1119,true,true,cpu-comparator,17.7119,8.9995,18.3550,17.6546,17.8023,faster,false,,,,sparse,sparse_n131072
131072,8,cuda,resident,none,cuda-resident,passed,10858,30,30,0.097500,0.021100,0.090200,0.106850,1.1846,1.1358,true,false,cpu-comparator,18.7292,17.0767,20.6646,18.1596,19.1703,faster,false,true,true,true,sparse,sparse_n131072
131072,8,cuda,resident-graph,none,cuda-resident-graph,passed,42373,30,30,0.024600,0.006700,0.023550,0.026500,1.1253,1.0043,true,false,cpu-comparator,74.2317,68.8547,79.1486,74.2236,74.5367,faster,false,true,true,true,sparse,sparse_n131072
131072,8,cuda,host-origin,pageable,cuda-host-origin,passed,3026,30,30,0.323950,0.031525,0.305350,0.348300,1.1407,1.1012,true,false,cpu-comparator,5.6370,5.2387,6.1043,5.5196,5.7557,faster,false,true,true,true,sparse,sparse_n131072
131072,8,cuda,host-origin,pinned,cuda-host-origin-pinned,passed,3678,30,30,0.266400,0.030700,0.250200,0.288350,1.1525,1.1138,true,false,cpu-comparator,6.8547,6.3279,7.4498,6.6898,6.9352,faster,false,true,true,true,sparse,sparse_n131072
131072,8,cpu,gpu-origin,pageable,cpu-gpu-origin,passed,507,30,30,1.975700,0.008900,1.969600,2.000400,1.0156,1.0080,true,false,cpu-comparator,0.9243,0.9121,0.9464,0.9242,0.9248,slower,false,true,true,true,sparse,sparse_n131072
131072,8,cuda,gpu-origin,pageable,cuda-gpu-origin,passed,5551,30,30,0.168800,0.058650,0.157700,0.218450,1.3852,1.2074,true,true,cpu-gpu-origin,11.7044,9.0163,12.6848,11.5172,12.0395,faster,false,true,true,false,sparse,sparse_n131072
131072,8,cpu,gpu-origin,pinned,cpu-gpu-origin-pinned,passed,519,30,30,1.931100,0.009625,1.928050,2.031450,1.0536,1.0061,true,false,cpu-comparator,0.9456,0.8982,0.9668,0.9455,0.9461,slower,false,true,true,true,sparse,sparse_n131072
131072,8,cuda,gpu-origin,pinned,cuda-gpu-origin-pinned,passed,5855,30,30,0.163150,0.018100,0.159400,0.180500,1.1324,1.1190,true,false,cpu-gpu-origin-pinned,11.8363,10.6817,12.7444,11.4652,12.0266,faster,false,true,true,true,sparse,sparse_n131072
262144,4,cpu,comparator,none,cpu-comparator,passed,276,30,30,3.621500,0.010850,3.619100,3.649550,1.0084,1.0013,true,false,,1.0000,1.0000,1.0000,1.0000,1.0000,comparator,false,,,,sparse,sparse_n262144
262144,4,cpu-avx2,optimized,none,cpu-avx2-optimized,passed,4769,30,30,0.211600,0.002600,0.210150,0.215450,1.0252,1.0124,true,false,cpu-comparator,17.1148,16.7979,17.3664,17.0833,17.1417,faster,false,,,,sparse,sparse_n262144
262144,4,cuda,resident,none,cuda-resident,passed,10811,30,30,0.103850,0.025925,0.093500,0.110200,1.1786,1.1484,true,false,cpu-comparator,34.8724,32.8412,39.0326,33.8623,35.6603,faster,false,true,true,true,sparse,sparse_n262144
262144,4,cuda,resident-graph,none,cuda-resident-graph,passed,36232,30,30,0.028600,0.002100,0.026700,0.028650,1.0730,1.0694,true,false,cpu-comparator,126.6259,126.3211,136.6873,126.5874,127.1694,faster,false,true,true,true,sparse,sparse_n262144
262144,4,cuda,host-origin,pageable,cuda-host-origin,passed,2163,30,30,0.444000,0.035250,0.419100,0.466850,1.1139,1.0864,true,false,cpu-comparator,8.1565,7.7522,8.7081,8.0283,8.2135,faster,false,true,true,true,sparse,sparse_n262144
262144,4,cuda,host-origin,pinned,cuda-host-origin-pinned,passed,2793,30,30,0.352400,0.028525,0.325750,0.371100,1.1392,1.0829,true,false,cpu-comparator,10.2767,9.7524,11.2035,10.1547,10.3833,faster,false,true,true,true,sparse,sparse_n262144
262144,4,cpu,gpu-origin,pageable,cpu-gpu-origin,passed,259,30,30,3.875050,0.017025,3.866350,3.918700,1.0135,1.0112,true,false,cpu-comparator,0.9346,0.9235,0.9439,0.9343,0.9352,slower,false,true,true,true,sparse,sparse_n262144
262144,4,cuda,gpu-origin,pageable,cuda-gpu-origin,passed,6284,30,30,0.171650,0.064050,0.148350,0.211850,1.4280,1.2968,false,true,cpu-gpu-origin,22.5753,18.2504,26.4152,20.3601,23.5604,faster,false,true,false,false,sparse,sparse_n262144
262144,4,cpu,gpu-origin,pinned,cpu-gpu-origin-pinned,passed,264,30,30,3.804400,0.012200,3.799600,3.858650,1.0155,1.0012,true,false,cpu-comparator,0.9519,0.9379,0.9605,0.9517,0.9522,slower,false,true,true,true,sparse,sparse_n262144
262144,4,cuda,gpu-origin,pinned,cuda-gpu-origin-pinned,passed,6225,30,30,0.162800,0.021700,0.157900,0.186150,1.1789,1.1398,true,false,cpu-gpu-origin-pinned,23.3686,20.4115,24.4373,22.4045,23.7191,faster,false,true,true,true,sparse,sparse_n262144
262144,8,cpu,comparator,none,cpu-comparator,passed,273,30,30,3.660700,0.011900,3.657800,3.769100,1.0304,1.0027,true,false,,1.0000,1.0000,1.0000,1.0000,1.0000,comparator,false,,,,sparse,sparse_n262144
262144,8,cpu-avx2,optimized,none,cpu-avx2-optimized,passed,5162,30,30,0.200100,0.003825,0.198000,0.593300,2.9965,1.1321,true,true,cpu-comparator,18.2944,6.1652,19.0359,18.2354,18.3497,faster,false,,,,sparse,sparse_n262144
262144,8,cuda,resident,none,cuda-resident,passed,11050,30,30,0.105300,0.028150,0.092000,0.125900,1.3685,1.0888,true,true,cpu-comparator,34.7645,29.0532,40.9685,34.0969,35.6039,faster,false,true,true,false,sparse,sparse_n262144
262144,8,cuda,resident-graph,none,cuda-resident-graph,passed,36232,30,30,0.028700,0.000100,0.028600,0.033750,1.1801,1.0037,true,false,cpu-comparator,127.5505,108.3793,131.7867,127.7330,128.0061,faster,false,true,true,true,sparse,sparse_n262144
262144,8,cuda,host-origin,pageable,cuda-host-origin,passed,2127,30,30,0.461800,0.030850,0.436100,0.482450,1.1063,1.0674,true,false,cpu-comparator,7.9270,7.5817,8.6427,7.8360,7.9550,faster,false,true,true,true,sparse,sparse_n262144
262144,8,cuda,host-origin,pinned,cuda-host-origin-pinned,passed,2656,30,30,0.370000,0.031000,0.342400,0.407700,1.1907,1.0867,true,false,cpu-comparator,9.8938,8.9718,11.0079,9.7090,10.0006,faster,false,true,true,true,sparse,sparse_n262144
262144,8,cpu,gpu-origin,pageable,cpu-gpu-origin,passed,256,30,30,3.913800,0.013675,3.904250,4.583500,1.1740,1.0023,true,false,cpu-comparator,0.9353,0.7980,0.9654,0.9349,0.9358,slower,false,true,true,true,sparse,sparse_n262144
262144,8,cuda,gpu-origin,pageable,cuda-gpu-origin,passed,4305,30,30,0.223350,0.052525,0.187100,0.235650,1.2595,1.1885,true,true,cpu-gpu-origin,17.5232,16.5680,24.4976,17.2328,18.2876,faster,false,true,true,false,sparse,sparse_n262144
262144,8,cpu,gpu-origin,pinned,cpu-gpu-origin-pinned,passed,260,30,30,3.842800,0.011800,3.836900,4.241150,1.1054,1.0014,true,false,cpu-comparator,0.9526,0.8625,0.9823,0.9523,0.9531,slower,false,true,true,true,sparse,sparse_n262144
262144,8,cuda,gpu-origin,pinned,cuda-gpu-origin-pinned,passed,5489,30,30,0.183300,0.027725,0.175300,0.216300,1.2339,1.1174,true,false,cpu-gpu-origin-pinned,20.9645,17.7388,24.1937,20.6402,21.4987,faster,false,true,true,true,sparse,sparse_n262144
524288,4,cpu,comparator,none,cpu-comparator,passed,138,30,30,7.242750,0.019250,7.236650,7.322650,1.0119,1.0024,true,false,,1.0000,1.0000,1.0000,1.0000,1.0000,comparator,false,,,,sparse,sparse_n524288
524288,4,cpu-avx2,optimized,none,cpu-avx2-optimized,passed,2257,30,30,0.436600,0.005600,0.432550,0.443550,1.0254,1.0108,true,false,cpu-comparator,16.5890,16.3153,16.9290,16.5551,16.6314,faster,false,,,,sparse,sparse_n524288
524288,4,cuda,resident,none,cuda-resident,passed,9867,30,30,0.108550,0.031800,0.092600,0.115300,1.2451,1.1757,true,false,cpu-comparator,66.7227,62.7637,79.0783,65.9661,69.0343,faster,false,true,true,true,sparse,sparse_n524288
524288,4,cuda,resident-graph,none,cuda-resident-graph,passed,27174,30,30,0.036800,0.000100,0.036800,0.037350,1.0149,1.0027,true,false,cpu-comparator,196.8139,193.7523,198.9851,196.7609,196.8023,faster,false,true,true,true,sparse,sparse_n524288
524288,4,cuda,host-origin,pageable,cuda-host-origin,passed,1616,30,30,0.619000,0.038950,0.591950,0.667850,1.1282,1.0743,true,false,cpu-comparator,11.7007,10.8357,12.3704,11.5635,11.8837,faster,false,true,true,true,sparse,sparse_n524288
524288,4,cuda,host-origin,pinned,cuda-host-origin-pinned,passed,1895,30,30,0.526700,0.033600,0.509100,0.556500,1.0931,1.0795,true,false,cpu-comparator,13.7512,13.0039,14.3835,13.6629,13.9781,faster,false,true,true,true,sparse,sparse_n524288
524288,4,cpu,gpu-origin,pageable,cpu-gpu-origin,passed,131,30,30,7.647400,0.018425,7.637000,7.879050,1.0317,1.0035,true,false,cpu-comparator,0.9471,0.9185,0.9588,0.9467,0.9475,slower,false,true,true,true,sparse,sparse_n524288
524288,4,cuda,gpu-origin,pageable,cuda-gpu-origin,passed,4432,30,30,0.211400,0.046725,0.184800,0.235700,1.2754,1.2131,true,true,cpu-gpu-origin,36.1750,32.4014,42.6356,35.2102,38.9016,faster,false,true,true,false,sparse,sparse_n524288
524288,4,cpu,gpu-origin,pinned,cpu-gpu-origin-pinned,passed,130,30,30,7.575000,0.015950,7.568300,7.823250,1.0337,1.0021,true,false,cpu-comparator,0.9561,0.9250,0.9675,0.9558,0.9563,slower,false,true,true,true,sparse,sparse_n524288
524288,4,cuda,gpu-origin,pinned,cuda-gpu-origin-pinned,passed,5533,30,30,0.188300,0.025400,0.175450,0.203850,1.1619,1.1172,true,false,cpu-gpu-origin-pinned,40.2284,37.1268,44.5896,39.1971,40.7455,faster,false,true,true,true,sparse,sparse_n524288
524288,8,cpu,comparator,none,cpu-comparator,passed,137,30,30,7.318850,0.018500,7.314200,7.406400,1.0126,1.0068,true,false,,1.0000,1.0000,1.0000,1.0000,1.0000,comparator,false,,,,sparse,sparse_n524288
524288,8,cpu-avx2,optimized,none,cpu-avx2-optimized,passed,2357,30,30,0.410800,0.006800,0.406850,0.735400,1.8075,1.0288,true,true,cpu-comparator,17.8161,9.9459,18.2043,17.7981,17.8726,faster,false,,,,sparse,sparse_n524288
524288,8,cuda,resident,none,cuda-resident,passed,10091,30,30,0.107250,0.025950,0.082850,0.127300,1.5365,1.1673,true,true,cpu-comparator,68.2410,57.4564,89.3953,66.8983,71.5801,faster,false,true,true,false,sparse,sparse_n524288
524288,8,cuda,resident-graph,none,cuda-resident-graph,passed,26421,30,30,0.038800,0.002000,0.036900,0.040900,1.1084,1.0542,true,false,cpu-comparator,188.6302,178.8313,200.7154,188.5754,193.1921,faster,false,true,true,true,sparse,sparse_n524288
524288,8,cuda,host-origin,pageable,cuda-host-origin,passed,1435,30,30,0.658400,0.028450,0.647900,0.694700,1.0722,1.0456,true,false,cpu-comparator,11.1161,10.5286,11.4314,11.0411,11.1617,faster,false,true,true,true,sparse,sparse_n524288
524288,8,cuda,host-origin,pinned,cuda-host-origin-pinned,passed,1819,30,30,0.554450,0.035975,0.536550,0.603250,1.1243,1.0805,true,false,cpu-comparator,13.2002,12.1247,13.8037,13.0732,13.3563,faster,false,true,true,true,sparse,sparse_n524288
524288,8,cpu,gpu-origin,pageable,cpu-gpu-origin,passed,130,30,30,7.722400,0.026400,7.709550,7.999350,1.0376,1.0118,true,false,cpu-comparator,0.9477,0.9143,0.9607,0.9471,0.9481,slower,false,true,true,true,sparse,sparse_n524288
524288,8,cuda,gpu-origin,pageable,cuda-gpu-origin,passed,3630,30,30,0.275700,0.053400,0.230100,0.299850,1.3031,1.2076,true,true,cpu-gpu-origin,28.0102,25.7114,34.7647,27.8045,31.4109,faster,false,true,true,false,sparse,sparse_n524288
524288,8,cpu,gpu-origin,pinned,cpu-gpu-origin-pinned,passed,131,30,30,7.647100,0.013125,7.640400,7.772150,1.0172,1.0009,true,false,cpu-comparator,0.9571,0.9411,0.9694,0.9568,0.9571,slower,false,true,true,true,sparse,sparse_n524288
524288,8,cuda,gpu-origin,pinned,cuda-gpu-origin-pinned,passed,4385,30,30,0.222650,0.020250,0.211850,0.235500,1.1116,1.0585,true,false,cpu-gpu-origin-pinned,34.3458,32.4433,36.6870,34.0432,34.9460,faster,false,true,true,true,sparse,sparse_n524288
1048576,4,cpu,comparator,none,cpu-comparator,passed,69,30,30,14.490200,0.017625,14.482150,14.735600,1.0175,1.0019,true,false,,1.0000,1.0000,1.0000,1.0000,1.0000,comparator,false,,,,sparse,sparse_n1048576
1048576,4,cpu-avx2,optimized,none,cpu-avx2-optimized,passed,1085,30,30,0.872150,0.009925,0.867600,1.603700,1.8484,1.0228,true,true,cpu-comparator,16.6143,9.0305,16.9843,16.5822,16.6517,faster,false,,,,sparse,sparse_n1048576
1048576,4,cuda,resident,none,cuda-resident,passed,8811,30,30,0.123600,0.024825,0.111350,0.127200,1.1423,1.0480,true,false,cpu-comparator,117.2346,113.8534,132.3359,116.4017,117.4832,faster,false,true,true,true,sparse,sparse_n1048576
1048576,4,cuda,resident-graph,none,cuda-resident-graph,passed,19158,30,30,0.053200,0.000100,0.053200,0.060500,1.1372,1.0036,true,false,cpu-comparator,272.3722,239.3744,276.9850,272.3289,272.3985,faster,false,true,true,true,sparse,sparse_n1048576
1048576,4,cuda,host-origin,pageable,cuda-host-origin,passed,1038,30,30,0.956150,0.067250,0.922350,1.004200,1.0887,1.0782,true,false,cpu-comparator,15.1547,14.4216,15.9761,14.8230,15.2815,faster,false,true,true,true,sparse,sparse_n1048576
1048576,4,cuda,host-origin,pinned,cuda-host-origin-pinned,passed,1166,30,30,0.845750,0.060075,0.814600,0.897550,1.1018,1.0869,true,false,cpu-comparator,17.1330,16.1352,18.0894,16.8231,17.3665,faster,false,true,true,true,sparse,sparse_n1048576
1048576,4,cpu,gpu-origin,pageable,cpu-gpu-origin,passed,66,30,30,15.192550,0.034025,15.181750,15.429750,1.0163,1.0038,true,false,cpu-comparator,0.9538,0.9386,0.9706,0.9536,0.9542,slower,false,true,true,true,sparse,sparse_n1048576
1048576,4,cuda,gpu-origin,pageable,cuda-gpu-origin,passed,3475,30,30,0.282650,0.018950,0.275800,0.292100,1.0591,1.0280,true,false,cpu-gpu-origin,53.7504,51.9745,55.9454,53.4839,53.9432,faster,false,true,true,true,sparse,sparse_n1048576
1048576,4,cpu,gpu-origin,pinned,cpu-gpu-origin-pinned,passed,67,30,30,15.120700,0.046325,15.110800,17.753550,1.1749,1.0121,true,false,cpu-comparator,0.9583,0.8157,0.9752,0.9582,0.9586,slower,false,true,true,true,sparse,sparse_n1048576
1048576,4,cuda,gpu-origin,pinned,cuda-gpu-origin-pinned,passed,4808,30,30,0.210450,0.027525,0.205000,0.238550,1.1637,1.1270,true,false,cpu-gpu-origin-pinned,71.8494,63.3444,86.6027,71.1967,72.4132,faster,false,true,true,true,sparse,sparse_n1048576
1048576,8,cpu,comparator,none,cpu-comparator,passed,69,30,30,14.605500,0.018525,14.597400,14.852300,1.0175,1.0013,true,false,,1.0000,1.0000,1.0000,1.0000,1.0000,comparator,false,,,,sparse,sparse_n1048576
1048576,8,cpu-avx2,optimized,none,cpu-avx2-optimized,passed,1118,30,30,0.823300,0.019800,0.814750,1.535300,1.8844,1.2004,true,true,cpu-comparator,17.7402,9.5078,18.2293,17.7026,17.8061,faster,false,,,,sparse,sparse_n1048576
1048576,8,cuda,resident,none,cuda-resident,passed,8526,30,30,0.127450,0.027900,0.117150,0.149450,1.2757,1.0997,true,true,cpu-comparator,114.5979,97.6741,126.7802,112.7269,117.5164,faster,false,true,true,false,sparse,sparse_n1048576
1048576,8,cuda,resident-graph,none,cuda-resident-graph,passed,17762,30,30,0.057300,0.000000,0.057300,0.057800,1.0087,1.0000,true,false,cpu-comparator,254.8953,252.5502,259.2024,254.8455,254.9014,faster,false,true,true,true,sparse,sparse_n1048576
1048576,8,cuda,host-origin,pageable,cuda-host-origin,passed,970,30,30,1.079850,0.068625,1.023250,1.253950,1.2255,1.0846,true,false,cpu-comparator,13.5255,11.6411,14.5148,13.3630,13.8627,faster,false,true,true,true,sparse,sparse_n1048576
1048576,8,cuda,host-origin,pinned,cuda-host-origin-pinned,passed,1099,30,30,0.927700,0.056025,0.885900,0.977500,1.1034,1.0780,true,false,cpu-comparator,15.7438,14.9334,16.7652,15.5038,15.9946,faster,false,true,true,true,sparse,sparse_n1048576
1048576,8,cpu,gpu-origin,pageable,cpu-gpu-origin,passed,66,30,30,15.302100,0.039600,15.285300,16.171950,1.0580,1.0150,true,false,cpu-comparator,0.9545,0.9026,0.9717,0.9543,0.9547,slower,false,true,true,true,sparse,sparse_n1048576
1048576,8,cuda,gpu-origin,pageable,cuda-gpu-origin,passed,2604,30,30,0.387150,0.034625,0.376400,0.429900,1.1421,1.0370,true,false,cpu-gpu-origin,39.5250,35.5555,42.9648,39.3745,39.7638,faster,false,true,true,true,sparse,sparse_n1048576
1048576,8,cpu,gpu-origin,pinned,cpu-gpu-origin-pinned,passed,66,30,30,15.231350,0.018625,15.224050,15.757350,1.0350,1.0009,true,false,cpu-comparator,0.9589,0.9264,0.9756,0.9587,0.9590,slower,false,true,true,true,sparse,sparse_n1048576
1048576,8,cuda,gpu-origin,pinned,cuda-gpu-origin-pinned,passed,3538,30,30,0.301700,0.025300,0.280600,0.316500,1.1279,1.0895,true,false,cpu-gpu-origin-pinned,50.4851,48.1013,56.1559,49.9938,52.1832,faster,false,true,true,true,sparse,sparse_n1048576
2097152,4,cpu,comparator,none,cpu-comparator,passed,35,30,30,28.973250,0.046025,28.963750,29.660950,1.0241,1.0012,true,false,,1.0000,1.0000,1.0000,1.0000,1.0000,comparator,false,,,,sparse,sparse_n2097152
2097152,4,cpu-avx2,optimized,none,cpu-avx2-optimized,passed,562,30,30,1.738700,0.025725,1.724000,2.831450,1.6424,1.0161,true,true,cpu-comparator,16.6637,10.2293,17.2047,16.5895,16.7412,faster,false,,,,sparse,sparse_n2097152
2097152,4,cuda,resident,none,cuda-resident,passed,7177,30,30,0.137800,0.010300,0.136700,0.164800,1.2056,1.0604,true,false,cpu-comparator,210.2558,175.7509,216.9784,208.7266,211.7504,faster,false,true,true,true,sparse,sparse_n2097152
2097152,4,cuda,resident-graph,none,cuda-resident-graph,passed,11786,30,30,0.086000,0.000100,0.085900,0.086950,1.0122,1.0000,true,false,cpu-comparator,336.8983,333.1081,345.2963,336.8497,336.9023,faster,false,true,true,true,sparse,sparse_n2097152
2097152,4,cuda,host-origin,pageable,cuda-host-origin,passed,603,30,30,1.652200,0.014075,1.646300,1.737200,1.0552,1.0129,true,false,cpu-comparator,17.5362,16.6727,18.0167,17.5288,17.5560,faster,false,true,true,true,sparse,sparse_n2097152
2097152,4,cuda,host-origin,pinned,cuda-host-origin-pinned,passed,655,30,30,1.515950,0.013200,1.508850,1.545200,1.0241,1.0055,true,false,cpu-comparator,19.1123,18.7443,19.6580,19.1106,19.1363,faster,false,true,true,true,sparse,sparse_n2097152
2097152,4,cpu,gpu-origin,pageable,cpu-gpu-origin,passed,34,30,30,30.261600,0.037000,30.246300,33.874700,1.1200,1.0010,true,false,cpu-comparator,0.9574,0.8550,0.9806,0.9573,0.9575,slower,false,true,true,true,sparse,sparse_n2097152
2097152,4,cuda,gpu-origin,pageable,cuda-gpu-origin,passed,2426,30,30,0.372800,0.007025,0.369650,0.512900,1.3875,1.0183,true,true,cpu-gpu-origin,81.1738,58.9711,91.6399,81.0489,81.4838,faster,false,true,true,false,sparse,sparse_n2097152
2097152,4,cpu,gpu-origin,pinned,cpu-gpu-origin-pinned,passed,34,30,30,30.192000,0.048050,30.179900,31.357600,1.0390,1.0086,true,false,cpu-comparator,0.9596,0.9237,0.9828,0.9595,0.9598,slower,false,true,true,true,sparse,sparse_n2097152
2097152,4,cuda,gpu-origin,pinned,cuda-gpu-origin-pinned,passed,3040,30,30,0.319000,0.041125,0.290700,0.335800,1.1551,1.1175,true,false,cpu-gpu-origin-pinned,94.6458,89.8746,107.8693,93.2459,96.5491,faster,false,true,true,true,sparse,sparse_n2097152
2097152,8,cpu,comparator,none,cpu-comparator,passed,35,30,30,29.139800,0.052150,29.126450,29.593600,1.0160,1.0021,true,false,,1.0000,1.0000,1.0000,1.0000,1.0000,comparator,false,,,,sparse,sparse_n2097152
2097152,8,cpu-avx2,optimized,none,cpu-avx2-optimized,passed,592,30,30,1.642350,0.044225,1.615850,2.941700,1.8205,1.0498,true,true,cpu-comparator,17.7427,9.9012,18.3146,17.5994,17.8788,faster,false,,,,sparse,sparse_n2097152
2097152,8,cuda,resident,none,cuda-resident,passed,7844,30,30,0.146950,0.029200,0.125800,0.175250,1.3931,1.1286,true,true,cpu-comparator,198.2974,166.1994,235.2432,197.6902,201.1813,faster,false,true,true,false,sparse,sparse_n2097152
2097152,8,cuda,resident-graph,none,cuda-resident-graph,passed,10977,30,30,0.092100,0.000100,0.092100,0.096050,1.0429,1.0006,true,false,cpu-comparator,316.3931,303.2426,321.3203,316.3398,316.4077,faster,false,true,true,true,sparse,sparse_n2097152
2097152,8,cuda,host-origin,pageable,cuda-host-origin,passed,556,30,30,1.799200,0.008400,1.791650,1.853500,1.0345,1.0043,true,false,cpu-comparator,16.1960,15.7143,16.5175,16.1809,16.2124,faster,false,true,true,true,sparse,sparse_n2097152
2097152,8,cuda,host-origin,pinned,cuda-host-origin-pinned,passed,602,30,30,1.666400,0.027025,1.658700,1.718350,1.0360,1.0177,true,false,cpu-comparator,17.4867,16.9502,17.8414,17.4228,17.5238,faster,false,true,true,true,sparse,sparse_n2097152
2097152,8,cpu,gpu-origin,pageable,cpu-gpu-origin,passed,33,30,30,30.426800,0.055125,30.408950,32.845250,1.0801,1.0052,true,false,cpu-comparator,0.9577,0.8868,0.9732,0.9575,0.9579,slower,false,true,true,true,sparse,sparse_n2097152
2097152,8,cuda,gpu-origin,pageable,cuda-gpu-origin,passed,1824,30,30,0.550100,0.020175,0.520550,0.686900,1.3196,1.0457,true,true,cpu-gpu-origin,55.3114,44.2698,63.0972,55.2264,55.5679,faster,false,true,true,false,sparse,sparse_n2097152
2097152,8,cpu,gpu-origin,pinned,cpu-gpu-origin-pinned,passed,33,30,30,30.356200,0.043300,30.344000,31.795700,1.0478,1.0010,true,false,cpu-comparator,0.9599,0.9160,0.9753,0.9597,0.9600,slower,false,true,true,true,sparse,sparse_n2097152
2097152,8,cuda,gpu-origin,pinned,cuda-gpu-origin-pinned,passed,2104,30,30,0.482550,0.027825,0.469650,0.497850,1.0600,1.0388,true,false,cpu-gpu-origin-pinned,62.9079,60.9501,67.7008,62.4540,64.1937,faster,false,true,true,true,sparse,sparse_n2097152
4194304,4,cpu,comparator,none,cpu-comparator,passed,18,30,30,57.975600,0.098025,57.938450,58.300100,1.0062,1.0017,true,false,,1.0000,1.0000,1.0000,1.0000,1.0000,comparator,false,,,,sparse,sparse_n4194304
4194304,4,cpu-avx2,optimized,none,cpu-avx2-optimized,passed,284,30,30,3.514250,0.063475,3.487250,5.720950,1.6405,1.0284,true,true,cpu-comparator,16.4973,10.1274,16.7181,16.4713,16.5611,faster,false,,,,sparse,sparse_n4194304
4194304,4,cuda,resident,none,cuda-resident,passed,5728,30,30,0.200200,0.010225,0.185200,0.224700,1.2133,1.0523,true,false,cpu-comparator,289.5884,257.8480,314.7954,288.6869,290.8959,faster,false,true,true,true,sparse,sparse_n4194304
4194304,4,cuda,resident-graph,none,cuda-resident-graph,passed,6831,30,30,0.148200,0.002100,0.147400,0.149650,1.0153,1.0136,true,false,cpu-comparator,391.1984,387.1597,395.5231,388.0596,392.9251,faster,false,true,true,true,sparse,sparse_n4194304
4194304,4,cuda,host-origin,pageable,cuda-host-origin,passed,327,30,30,3.078050,0.032350,3.060200,3.165900,1.0345,1.0058,true,false,cpu-comparator,18.8352,18.3008,19.0511,18.8289,18.8470,faster,false,true,true,true,sparse,sparse_n4194304
4194304,4,cuda,host-origin,pinned,cuda-host-origin-pinned,passed,341,30,30,2.914600,0.031125,2.905800,2.938500,1.0113,1.0071,true,false,cpu-comparator,19.8914,19.7170,20.0634,19.8785,19.9195,faster,false,true,true,true,sparse,sparse_n4194304
4194304,4,cpu,gpu-origin,pageable,cpu-gpu-origin,passed,17,30,30,60.436800,0.100675,60.396700,61.083600,1.0114,1.0015,true,false,cpu-comparator,0.9593,0.9485,0.9653,0.9592,0.9595,slower,false,true,true,true,sparse,sparse_n4194304
4194304,4,cuda,gpu-origin,pageable,cuda-gpu-origin,passed,1744,30,30,0.601050,0.044025,0.570800,0.697350,1.2217,1.1349,true,false,cpu-gpu-origin,100.5520,86.6089,107.0140,99.7589,104.7499,faster,false,true,true,true,sparse,sparse_n4194304
4194304,4,cpu,gpu-origin,pinned,cpu-gpu-origin-pinned,passed,17,30,30,60.355550,0.071475,60.332150,61.125550,1.0132,1.0006,true,false,cpu-comparator,0.9606,0.9479,0.9663,0.9604,0.9608,slower,false,true,true,true,sparse,sparse_n4194304
4194304,4,cuda,gpu-origin,pinned,cuda-gpu-origin-pinned,passed,2012,30,30,0.499500,0.028000,0.494900,0.524800,1.0604,1.0545,true,false,cpu-gpu-origin-pinned,120.8319,114.9622,123.5109,117.4748,121.3010,faster,false,true,true,true,sparse,sparse_n4194304
4194304,8,cpu,comparator,none,cpu-comparator,passed,18,30,30,58.221500,0.109800,58.188300,59.060450,1.0150,1.0055,true,false,,1.0000,1.0000,1.0000,1.0000,1.0000,comparator,false,,,,sparse,sparse_n4194304
4194304,8,cpu-avx2,optimized,none,cpu-avx2-optimized,passed,293,30,30,3.344400,0.086175,3.297600,6.004650,1.8209,1.0852,true,true,cpu-comparator,17.4087,9.6905,17.9101,17.3894,17.4618,faster,false,,,,sparse,sparse_n4194304
4194304,8,cuda,resident,none,cuda-resident,passed,5351,30,30,0.186700,0.002100,0.185900,0.188350,1.0132,1.0054,true,false,cpu-comparator,311.8452,308.9371,317.7001,311.5929,312.9777,faster,false,true,true,true,sparse,sparse_n4194304
4194304,8,cuda,resident-graph,none,cuda-resident-graph,passed,6219,30,30,0.161800,0.002100,0.161700,0.163800,1.0130,1.0124,true,false,cpu-comparator,359.8362,355.2399,365.2471,358.0994,359.9047,faster,false,true,true,true,sparse,sparse_n4194304
4194304,8,cuda,host-origin,pageable,cuda-host-origin,passed,296,30,30,3.385700,0.033825,3.370500,3.409600,1.0116,1.0099,true,false,cpu-comparator,17.1963,17.0660,17.5228,17.1160,17.2438,faster,false,true,true,true,sparse,sparse_n4194304
4194304,8,cuda,host-origin,pinned,cuda-host-origin-pinned,passed,308,30,30,3.242600,0.023825,3.227900,3.260700,1.0102,1.0055,true,false,cpu-comparator,17.9552,17.8453,18.2969,17.9491,17.9795,faster,false,true,true,true,sparse,sparse_n4194304
4194304,8,cpu,gpu-origin,pageable,cpu-gpu-origin,passed,17,30,30,60.695400,0.237675,60.653600,61.318750,1.0110,1.0082,true,false,cpu-comparator,0.9592,0.9489,0.9737,0.9579,0.9597,slower,false,true,true,true,sparse,sparse_n4194304
4194304,8,cuda,gpu-origin,pageable,cuda-gpu-origin,passed,1112,30,30,0.898500,0.012550,0.893500,1.104550,1.2362,1.0632,true,false,cpu-gpu-origin,67.5519,54.9125,68.6276,67.3708,67.7562,faster,false,true,true,true,sparse,sparse_n4194304
4194304,8,cpu,gpu-origin,pinned,cpu-gpu-origin-pinned,passed,17,30,30,60.608050,0.140150,60.573500,61.519200,1.0156,1.0104,true,false,cpu-comparator,0.9606,0.9459,0.9750,0.9603,0.9609,slower,false,true,true,true,sparse,sparse_n4194304
4194304,8,cuda,gpu-origin,pinned,cuda-gpu-origin-pinned,passed,1210,30,30,0.820850,0.010350,0.816200,0.834400,1.0223,1.0142,true,false,cpu-gpu-origin-pinned,73.8357,72.5953,75.3727,73.5962,73.9800,faster,false,true,true,true,sparse,sparse_n4194304
8388608,4,cpu,comparator,none,cpu-comparator,passed,10,30,30,115.967450,0.278575,115.905350,119.882250,1.0343,1.0020,true,false,,1.0000,1.0000,1.0000,1.0000,1.0000,comparator,false,,,,sparse,sparse_n8388608
8388608,4,cpu-avx2,optimized,none,cpu-avx2-optimized,passed,130,30,30,7.501450,0.208650,7.420550,14.067400,1.8957,1.3831,false,true,cpu-comparator,15.4593,8.2393,16.1554,15.4394,15.5173,faster,false,,,,sparse,sparse_n8388608
8388608,4,cuda,resident,none,cuda-resident,passed,2580,30,30,0.391700,0.000400,0.391300,0.395550,1.0109,1.0006,true,false,cpu-comparator,296.0619,293.0233,306.3692,296.0114,296.0700,faster,false,true,true,true,sparse,sparse_n8388608
8388608,4,cuda,resident-graph,none,cuda-resident-graph,passed,2743,30,30,0.366800,0.002000,0.366600,0.373600,1.0191,1.0055,true,false,cpu-comparator,316.1599,310.2392,327.0110,314.6109,316.3408,faster,false,true,true,true,sparse,sparse_n8388608
8388608,4,cuda,host-origin,pageable,cuda-host-origin,passed,167,30,30,5.985650,0.015825,5.977000,6.045200,1.0114,1.0094,true,false,cpu-comparator,19.3742,19.1731,20.0573,19.3690,19.3801,faster,false,true,true,true,sparse,sparse_n8388608
8388608,4,cuda,host-origin,pinned,cuda-host-origin-pinned,passed,172,30,30,5.825500,0.021950,5.815450,5.850800,1.0061,1.0017,true,false,cpu-comparator,19.9069,19.8102,20.6144,19.8996,19.9159,faster,false,true,true,true,sparse,sparse_n8388608
8388608,4,cpu,gpu-origin,pageable,cpu-gpu-origin,passed,10,30,30,120.793950,0.277300,120.714950,126.324700,1.0465,1.0033,true,false,cpu-comparator,0.9600,0.9175,0.9931,0.9598,0.9602,slower,false,true,true,true,sparse,sparse_n8388608
8388608,4,cuda,gpu-origin,pageable,cuda-gpu-origin,passed,913,30,30,1.099100,0.007475,1.094900,1.308550,1.1951,1.0243,true,false,cpu-gpu-origin,109.9026,92.2509,115.3756,109.8463,110.0286,faster,false,true,true,true,sparse,sparse_n8388608
8388608,4,cpu,gpu-origin,pinned,cpu-gpu-origin-pinned,passed,10,30,30,120.693450,0.205075,120.637000,122.579150,1.0161,1.0008,true,false,cpu-comparator,0.9608,0.9456,0.9937,0.9607,0.9609,slower,false,true,true,true,sparse,sparse_n8388608
8388608,4,cuda,gpu-origin,pinned,cuda-gpu-origin-pinned,passed,985,30,30,1.021000,0.010100,1.015800,1.045050,1.0288,1.0102,true,false,cpu-gpu-origin-pinned,118.2110,115.4366,120.6725,117.6280,118.3214,faster,false,true,true,true,sparse,sparse_n8388608
8388608,8,cpu,comparator,none,cpu-comparator,passed,10,30,30,116.353900,0.298275,116.293350,117.598900,1.0112,1.0022,true,false,,1.0000,1.0000,1.0000,1.0000,1.0000,comparator,false,,,,sparse,sparse_n8388608
8388608,8,cpu-avx2,optimized,none,cpu-avx2-optimized,passed,128,30,30,7.908950,0.353075,7.779850,17.044300,2.1908,1.3104,false,true,cpu-comparator,14.7117,6.8230,15.1158,14.6649,14.8496,faster,false,,,,sparse,sparse_n8388608
8388608,8,cuda,resident,none,cuda-resident,passed,2312,30,30,0.434500,0.002100,0.433700,0.450950,1.0398,1.0034,true,false,cpu-comparator,267.7880,257.8852,271.1526,267.7359,268.1936,faster,false,true,true,true,sparse,sparse_n8388608
8388608,8,cuda,resident-graph,none,cuda-resident-graph,passed,2445,30,30,0.409600,0.001000,0.409600,0.412600,1.0073,1.0025,true,false,cpu-comparator,284.0671,281.8549,287.1067,283.9988,284.1075,faster,false,true,true,true,sparse,sparse_n8388608
8388608,8,cuda,host-origin,pageable,cuda-host-origin,passed,152,30,30,6.612600,0.013475,6.605500,6.945250,1.0514,1.0053,true,false,cpu-comparator,17.5958,16.7443,17.8032,17.5912,17.6039,faster,false,true,true,true,sparse,sparse_n8388608
8388608,8,cuda,host-origin,pinned,cuda-host-origin-pinned,passed,155,30,30,6.451200,0.022500,6.439600,6.516600,1.0120,1.0025,true,false,cpu-comparator,18.0360,17.8457,18.2618,18.0346,18.0450,faster,false,true,true,true,sparse,sparse_n8388608
8388608,8,cpu,gpu-origin,pageable,cpu-gpu-origin,passed,10,30,30,121.154950,0.251500,121.086450,124.378850,1.0272,1.0009,true,false,cpu-comparator,0.9604,0.9350,0.9712,0.9601,0.9606,slower,false,true,true,true,sparse,sparse_n8388608
8388608,8,cuda,gpu-origin,pageable,cuda-gpu-origin,passed,565,30,30,1.726600,0.006100,1.724100,1.765650,1.0241,1.0035,true,false,cpu-gpu-origin,70.1697,68.5790,72.1413,70.1417,70.2151,faster,false,true,true,true,sparse,sparse_n8388608
8388608,8,cpu,gpu-origin,pinned,cpu-gpu-origin-pinned,passed,10,30,30,121.075100,0.229650,120.995350,121.233050,1.0020,1.0009,true,false,cpu-comparator,0.9610,0.9593,0.9719,0.9608,0.9611,slower,false,true,true,true,sparse,sparse_n8388608
8388608,8,cuda,gpu-origin,pinned,cuda-gpu-origin-pinned,passed,604,30,30,1.648900,0.008500,1.646450,1.679550,1.0201,1.0052,true,false,cpu-gpu-origin-pinned,73.4278,72.0403,73.6330,73.4125,73.4773,faster,false,true,true,true,sparse,sparse_n8388608
16777216,4,cpu,comparator,none,cpu-comparator,passed,10,30,30,232.056600,0.654600,231.892600,232.909750,1.0044,1.0016,true,false,,1.0000,1.0000,1.0000,1.0000,1.0000,comparator,false,,,,sparse,sparse_n16777216
16777216,4,cpu-avx2,optimized,none,cpu-avx2-optimized,passed,57,30,30,17.022900,0.350100,16.848050,22.991100,1.3646,1.0124,true,true,cpu-comparator,13.6320,10.0862,13.8241,13.6259,13.6648,faster,false,,,,sparse,sparse_n16777216
16777216,4,cuda,resident,none,cuda-resident,passed,1288,30,30,0.778900,0.003100,0.777400,0.790050,1.0163,1.0044,true,false,cpu-comparator,297.9286,293.5164,299.6009,297.5257,298.0137,faster,false,true,true,true,sparse,sparse_n16777216
16777216,4,cuda,resident-graph,none,cuda-resident-graph,passed,1327,30,30,0.755700,0.002000,0.753700,0.758400,1.0062,1.0027,true,false,cpu-comparator,307.0750,305.7656,309.0218,306.9732,307.1262,faster,false,true,true,true,sparse,sparse_n16777216
16777216,4,cuda,host-origin,pageable,cuda-host-origin,passed,86,30,30,11.753500,0.024425,11.737200,12.246000,1.0433,1.0049,true,false,cpu-comparator,19.7436,18.9362,19.8437,19.7354,19.7497,faster,false,true,true,true,sparse,sparse_n16777216
16777216,4,cuda,host-origin,pinned,cuda-host-origin-pinned,passed,87,30,30,11.557100,0.021950,11.542200,11.584950,1.0037,1.0022,true,false,cpu-comparator,20.0791,20.0167,20.1790,20.0661,20.0820,faster,false,true,true,true,sparse,sparse_n16777216
16777216,4,cpu,gpu-origin,pageable,cpu-gpu-origin,passed,10,30,30,241.679450,1.901925,241.465700,243.662400,1.0091,1.0055,true,false,cpu-comparator,0.9602,0.9517,0.9646,0.9598,0.9607,slower,false,true,true,true,sparse,sparse_n16777216
16777216,4,cuda,gpu-origin,pageable,cuda-gpu-origin,passed,483,30,30,2.072900,0.012800,2.067000,2.123350,1.0273,1.0104,true,false,cpu-gpu-origin,116.5900,113.7192,117.8821,116.5246,116.7344,faster,false,true,true,true,sparse,sparse_n16777216
16777216,4,cpu,gpu-origin,pinned,cpu-gpu-origin-pinned,passed,10,30,30,241.483200,0.860950,241.312350,242.518400,1.0050,1.0020,true,false,cpu-comparator,0.9610,0.9562,0.9652,0.9603,0.9612,slower,false,true,true,true,sparse,sparse_n16777216
16777216,4,cuda,gpu-origin,pinned,cuda-gpu-origin-pinned,passed,501,30,30,1.994300,0.010500,1.991400,2.020850,1.0148,1.0037,true,false,cpu-gpu-origin-pinned,121.0867,119.4113,121.7829,121.0479,121.1886,faster,false,true,true,true,sparse,sparse_n16777216
16777216,8,cpu,comparator,none,cpu-comparator,passed,10,30,30,232.780800,0.778475,232.539300,234.221500,1.0072,1.0017,true,false,,1.0000,1.0000,1.0000,1.0000,1.0000,comparator,false,,,,sparse,sparse_n16777216
16777216,8,cpu-avx2,optimized,none,cpu-avx2-optimized,passed,55,30,30,18.412350,0.674225,17.833250,24.839050,1.3929,1.1855,true,true,cpu-comparator,12.6426,9.3618,13.1340,12.6057,12.7140,faster,false,,,,sparse,sparse_n16777216
16777216,8,cuda,resident,none,cuda-resident,passed,1152,30,30,0.869000,0.002200,0.868800,0.878150,1.0108,1.0023,true,false,cpu-comparator,267.8720,264.8059,269.5920,267.6610,267.9632,faster,false,true,true,true,sparse,sparse_n16777216
16777216,8,cuda,resident-graph,none,cuda-resident-graph,passed,1186,30,30,0.844900,0.002700,0.843900,0.853000,1.0108,1.0016,true,false,cpu-comparator,275.5128,272.6135,277.5465,275.3130,275.6249,faster,false,true,true,true,sparse,sparse_n16777216
16777216,8,cuda,host-origin,pageable,cuda-host-origin,passed,77,30,30,13.087200,0.063550,13.011900,13.589000,1.0444,1.0131,true,false,cpu-comparator,17.7869,17.1123,18.0006,17.7762,17.8029,faster,false,true,true,true,sparse,sparse_n16777216
16777216,8,cuda,host-origin,pinned,cuda-host-origin-pinned,passed,78,30,30,12.834000,0.070050,12.807650,12.909350,1.0079,1.0061,true,false,cpu-comparator,18.1378,18.0132,18.2876,18.0669,18.1501,faster,false,true,true,true,sparse,sparse_n16777216
16777216,8,cpu,gpu-origin,pageable,cpu-gpu-origin,passed,10,30,30,242.408450,1.681725,242.082900,244.421950,1.0097,1.0024,true,false,cpu-comparator,0.9603,0.9514,0.9675,0.9601,0.9611,slower,false,true,true,true,sparse,sparse_n16777216
16777216,8,cuda,gpu-origin,pageable,cuda-gpu-origin,passed,293,30,30,3.344200,0.071950,3.335550,4.630300,1.3882,1.0170,true,true,cpu-gpu-origin,72.4862,52.2823,73.2779,72.4221,72.5612,faster,false,true,true,false,sparse,sparse_n16777216
16777216,8,cpu,gpu-origin,pinned,cpu-gpu-origin-pinned,passed,10,30,30,242.220850,1.512475,241.984950,243.066650,1.0045,1.0021,true,false,cpu-comparator,0.9610,0.9567,0.9679,0.9605,0.9614,slower,false,true,true,true,sparse,sparse_n16777216
16777216,8,cuda,gpu-origin,pinned,cuda-gpu-origin-pinned,passed,306,30,30,3.265900,0.020800,3.256850,3.287950,1.0095,1.0049,true,false,cpu-gpu-origin-pinned,74.1666,73.5975,74.6324,74.1285,74.2307,faster,false,true,true,true,sparse,sparse_n16777216
33554432,4,cpu,comparator,none,cpu-comparator,passed,10,30,30,464.696450,1.527650,464.018550,467.189600,1.0068,1.0021,true,false,,1.0000,1.0000,1.0000,1.0000,1.0000,comparator,false,,,,sparse,sparse_n33554432
33554432,4,cpu-avx2,optimized,none,cpu-avx2-optimized,passed,28,30,30,37.548300,1.919900,36.803200,47.719800,1.2966,1.2513,false,true,cpu-comparator,12.3760,9.7238,12.6943,12.3374,12.4410,faster,false,,,,sparse,sparse_n33554432
33554432,4,cuda,resident,none,cuda-resident,passed,657,30,30,1.524300,0.005100,1.522300,1.535150,1.0084,1.0027,true,false,cpu-comparator,304.8589,302.2627,306.8972,304.7261,305.1165,faster,false,true,true,true,sparse,sparse_n33554432
33554432,4,cuda,resident-graph,none,cuda-resident-graph,passed,668,30,30,1.500200,0.003700,1.498100,1.506450,1.0056,1.0028,true,false,cpu-comparator,309.7563,308.0212,311.8547,309.4782,309.8801,faster,false,true,true,true,sparse,sparse_n33554432
33554432,4,cuda,host-origin,pageable,cuda-host-origin,passed,43,30,30,23.337800,0.067400,23.231200,23.773100,1.0233,1.0045,true,false,cpu-comparator,19.9118,19.5186,20.1104,19.8982,19.9253,faster,false,true,true,true,sparse,sparse_n33554432
33554432,4,cuda,host-origin,pinned,cuda-host-origin-pinned,passed,44,30,30,23.029550,0.081525,22.950200,23.082850,1.0058,1.0042,true,false,cpu-comparator,20.1783,20.1023,20.3567,20.1563,20.2148,faster,false,true,true,true,sparse,sparse_n33554432
33554432,4,cpu,gpu-origin,pageable,cpu-gpu-origin,passed,10,30,30,539.071450,55.727300,486.133000,540.301650,1.1114,1.0013,true,false,cpu-comparator,0.8620,0.8588,0.9610,0.8615,0.8623,slower,false,true,true,true,sparse,sparse_n33554432
33554432,4,cuda,gpu-origin,pageable,cuda-gpu-origin,passed,250,30,30,4.001400,0.093800,3.991450,4.476750,1.1216,1.0688,true,false,cpu-gpu-origin,134.7207,108.5906,135.3648,134.7803,134.9305,faster,false,true,true,true,sparse,sparse_n33554432
33554432,4,cpu,gpu-origin,pinned,cpu-gpu-origin-pinned,passed,10,30,30,538.328450,52.510300,502.784000,539.677750,1.0734,1.0040,true,false,cpu-comparator,0.8632,0.8598,0.9292,0.8627,0.8636,slower,false,true,true,true,sparse,sparse_n33554432
33554432,4,cuda,gpu-origin,pinned,cuda-gpu-origin-pinned,passed,255,30,30,3.925650,0.020025,3.912800,3.936050,1.0059,1.0041,true,false,cpu-gpu-origin-pinned,137.1310,127.7382,137.9262,137.0362,137.2275,faster,false,true,true,true,sparse,sparse_n33554432
33554432,8,cpu,comparator,none,cpu-comparator,passed,10,30,30,465.416800,1.439800,464.768700,466.388650,1.0035,1.0020,true,false,,1.0000,1.0000,1.0000,1.0000,1.0000,comparator,false,,,,sparse,sparse_n33554432
33554432,8,cpu-avx2,optimized,none,cpu-avx2-optimized,passed,26,30,30,38.908750,2.120250,38.269100,46.915850,1.2259,1.1718,true,false,cpu-comparator,11.9618,9.9064,12.1871,11.9361,12.0214,faster,false,,,,sparse,sparse_n33554432
33554432,8,cuda,resident,none,cuda-resident,passed,608,30,30,1.649100,0.004200,1.646850,1.651200,1.0026,1.0020,true,false,cpu-comparator,282.2247,281.4733,283.2004,282.1580,282.5763,faster,false,true,true,true,sparse,sparse_n33554432
33554432,8,cuda,resident-graph,none,cuda-resident-graph,passed,617,30,30,1.623100,0.004100,1.621000,1.630050,1.0056,1.0021,true,false,cpu-comparator,286.7456,285.1254,287.7166,286.6141,286.8554,faster,false,true,true,true,sparse,sparse_n33554432
33554432,8,cuda,host-origin,pageable,cuda-host-origin,passed,39,30,30,25.811700,0.072200,25.708500,26.454200,1.0290,1.0050,true,false,cpu-comparator,18.0312,17.5688,18.1414,18.0250,18.0444,faster,false,true,true,true,sparse,sparse_n33554432
33554432,8,cuda,host-origin,pinned,cuda-host-origin-pinned,passed,40,30,30,25.521250,0.047375,25.447200,25.560850,1.0045,1.0033,true,false,cpu-comparator,18.2364,18.1828,18.3277,18.2304,18.2488,faster,false,true,true,true,sparse,sparse_n33554432
33554432,8,cpu,gpu-origin,pageable,cpu-gpu-origin,passed,10,30,30,539.965850,55.293575,527.857200,540.702500,1.0243,1.0012,true,false,cpu-comparator,0.8619,0.8596,0.8836,0.8616,0.8623,slower,false,true,true,true,sparse,sparse_n33554432
33554432,8,cuda,gpu-origin,pageable,cuda-gpu-origin,passed,155,30,30,6.508700,0.093675,6.467050,8.900900,1.3763,1.0142,true,true,cpu-gpu-origin,82.9606,59.3038,83.6088,83.0517,83.2819,faster,false,true,true,false,sparse,sparse_n33554432
33554432,8,cpu,gpu-origin,pinned,cpu-gpu-origin-pinned,passed,10,30,30,539.356350,51.269250,505.556700,540.309500,1.0687,1.0010,true,false,cpu-comparator,0.8629,0.8602,0.9225,0.8625,0.8632,slower,false,true,true,true,sparse,sparse_n33554432
33554432,8,cuda,gpu-origin,pinned,cuda-gpu-origin-pinned,passed,157,30,30,6.399700,0.070700,6.383600,6.440900,1.0090,1.0050,true,false,cpu-gpu-origin-pinned,84.2784,78.4916,84.6403,84.1710,84.3019,faster,false,true,true,true,sparse,sparse_n33554432
67108864,4,cpu,comparator,none,cpu-comparator,passed,10,30,30,928.267600,2.273750,927.745200,932.365800,1.0050,1.0008,true,false,,1.0000,1.0000,1.0000,1.0000,1.0000,comparator,false,,,,sparse,sparse_n67108864
67108864,4,cpu-avx2,optimized,none,cpu-avx2-optimized,passed,14,30,30,76.315700,0.919450,75.922750,84.105700,1.1078,1.0772,true,false,cpu-comparator,12.1635,11.0307,12.2805,12.1309,12.1834,faster,false,,,,sparse,sparse_n67108864
67108864,4,cuda,resident,none,cuda-resident,passed,342,30,30,2.932700,0.009200,2.928250,2.944750,1.0056,1.0041,true,false,cpu-comparator,316.5232,315.0506,318.4038,316.4108,316.7678,faster,false,true,true,true,sparse,sparse_n67108864
67108864,4,cuda,resident-graph,none,cuda-resident-graph,passed,345,30,30,2.908800,0.009200,2.903700,2.919900,1.0056,1.0035,true,false,cpu-comparator,319.1239,317.7318,321.0958,319.0443,319.4159,faster,false,true,true,true,sparse,sparse_n67108864
67108864,4,cuda,host-origin,pageable,cuda-host-origin,passed,22,30,30,46.178800,0.047450,46.108050,46.610100,1.0109,1.0014,true,false,cpu-comparator,20.1016,19.9044,20.2213,20.0967,20.1106,faster,false,true,true,true,sparse,sparse_n67108864
67108864,4,cuda,host-origin,pinned,cuda-host-origin-pinned,passed,22,30,30,45.742450,0.036100,45.691850,45.791600,1.0022,1.0015,true,false,cpu-comparator,20.2934,20.2602,20.4055,20.2886,20.2993,faster,false,true,true,true,sparse,sparse_n67108864
67108864,4,cpu,gpu-origin,pageable,cpu-gpu-origin,passed,10,30,30,1076.752300,75.536300,995.036850,1248.670250,1.2549,1.0734,true,true,cpu-comparator,0.8621,0.7430,0.9370,0.8618,0.8767,slower,false,true,true,false,sparse,sparse_n67108864
67108864,4,cuda,gpu-origin,pageable,cuda-gpu-origin,passed,130,30,30,7.754550,0.029025,7.745200,36.796150,4.7508,1.0259,true,true,cpu-gpu-origin,138.8543,27.0419,161.2186,136.5795,138.9789,faster,false,true,true,false,sparse,sparse_n67108864
67108864,4,cpu,gpu-origin,pinned,cpu-gpu-origin-pinned,passed,10,30,30,1075.729200,74.176750,1002.523150,1076.636650,1.0739,1.0680,true,false,cpu-comparator,0.8629,0.8617,0.9300,0.8627,0.8631,slower,false,true,true,true,sparse,sparse_n67108864
67108864,4,cuda,gpu-origin,pinned,cuda-gpu-origin-pinned,passed,131,30,30,7.675050,0.016650,7.666250,7.693350,1.0035,1.0027,true,false,cpu-gpu-origin-pinned,140.1592,130.3104,140.4385,140.1139,140.2507,faster,false,true,true,true,sparse,sparse_n67108864
67108864,8,cpu,comparator,none,cpu-comparator,passed,10,30,30,929.847650,2.112875,929.295150,935.540350,1.0067,1.0008,true,false,,1.0000,1.0000,1.0000,1.0000,1.0000,comparator,false,,,,sparse,sparse_n67108864
67108864,8,cpu-avx2,optimized,none,cpu-avx2-optimized,passed,13,30,30,79.157600,1.174975,78.599450,103.436450,1.3160,1.0758,true,true,cpu-comparator,11.7468,8.9842,11.9026,11.7393,11.7680,faster,false,,,,sparse,sparse_n67108864
67108864,8,cuda,resident,none,cuda-resident,passed,315,30,30,3.187050,0.009300,3.183900,3.198800,1.0047,1.0029,true,false,cpu-comparator,291.7581,290.5137,293.8347,291.7042,292.0087,faster,false,true,true,true,sparse,sparse_n67108864
67108864,8,cuda,resident-graph,none,cuda-resident-graph,passed,317,30,30,3.161750,0.007225,3.159050,3.170200,1.0035,1.0015,true,false,cpu-comparator,294.0927,293.1345,296.1461,294.0826,294.2007,faster,false,true,true,true,sparse,sparse_n67108864
67108864,8,cuda,host-origin,pageable,cuda-host-origin,passed,20,30,30,51.149050,0.053500,51.100050,54.352000,1.0636,1.0020,true,false,cpu-comparator,18.1792,17.0977,18.3080,18.1745,18.1847,faster,false,true,true,true,sparse,sparse_n67108864
67108864,8,cuda,host-origin,pinned,cuda-host-origin-pinned,passed,20,30,30,50.689300,0.042150,50.622700,50.737800,1.0023,1.0013,true,false,cpu-comparator,18.3441,18.3156,18.4806,18.3401,18.3500,faster,false,true,true,true,sparse,sparse_n67108864
67108864,8,cpu,gpu-origin,pageable,cpu-gpu-origin,passed,10,30,30,1078.184300,75.609875,984.323200,1079.179450,1.0964,1.0737,true,false,cpu-comparator,0.8624,0.8611,0.9504,0.8621,0.8706,slower,false,true,true,true,sparse,sparse_n67108864
67108864,8,cuda,gpu-origin,pageable,cuda-gpu-origin,passed,79,30,30,12.706350,0.022000,12.697650,13.991050,1.1019,1.0076,true,false,cpu-gpu-origin,84.8540,70.3538,84.9905,84.4444,84.8976,faster,false,true,true,true,sparse,sparse_n67108864
67108864,8,cpu,gpu-origin,pinned,cpu-gpu-origin-pinned,passed,10,30,30,1077.418700,2.073200,1003.609700,1078.077300,1.0742,1.0043,true,false,cpu-comparator,0.8630,0.8620,0.9322,0.8627,0.8632,slower,false,true,true,true,sparse,sparse_n67108864
67108864,8,cuda,gpu-origin,pinned,cuda-gpu-origin-pinned,passed,80,30,30,12.626100,0.014725,12.619900,12.653850,1.0027,1.0008,true,false,cpu-gpu-origin-pinned,85.3327,79.3126,85.4268,85.3284,85.3650,faster,false,true,true,true,sparse,sparse_n67108864
