count,bits,backend,boundary,transfer_policy,path_label,correctness,warmup,reps,trials,median_ms,iqr_ms,trial_median_min_ms,trial_median_max_ms,spread_ratio,spread_p90_p10,stable,unstable_rev2,baseline,speedup_vs_c,speedup_low,speedup_high,speedup_ci_low,speedup_ci_high,verdict,boundary_inversion,direction_supported,magnitude_supported,claim_supported_rev2,input_family,input_key
1024,4,cpu,comparator,none,cpu-comparator,passed,64309,30,30,0.015300,0.000200,0.015200,0.022300,1.4671,1.0066,true,true,,1.0000,1.0000,1.0000,1.0000,1.0000,comparator,false,,,,dense,n1024
1024,4,cpu-avx2,optimized,none,cpu-avx2-optimized,passed,70672,30,30,0.007800,0.000800,0.007450,0.014050,1.8859,1.0960,true,true,cpu-comparator,1.9615,1.0819,2.9933,1.9551,2.0000,faster,false,,,,dense,n1024
1024,4,cuda,resident,none,cuda-resident,passed,10455,30,30,0.098000,0.023600,0.090650,0.123050,1.3574,1.1562,true,true,cpu-comparator,0.1561,0.1235,0.2460,0.1504,0.1613,slower,false,true,true,false,dense,n1024
1024,4,cuda,resident-graph,none,cuda-resident-graph,passed,54348,30,30,0.018400,0.001000,0.018400,0.018500,1.0054,1.0054,true,false,cpu-comparator,0.8315,0.8216,1.2120,0.8266,0.8315,inconclusive,false,false,false,false,dense,n1024
1024,4,cuda,host-origin,pageable,cuda-host-origin,passed,4709,30,30,0.205200,0.025350,0.195250,0.221200,1.1329,1.0661,true,false,cpu-comparator,0.0746,0.0687,0.1142,0.0739,0.0748,slower,false,true,true,false,dense,n1024
1024,4,cuda,host-origin,pinned,cuda-host-origin-pinned,passed,5368,30,30,0.184100,0.007700,0.178050,0.204950,1.1511,1.0345,true,false,cpu-comparator,0.0831,0.0742,0.1252,0.0823,0.0836,slower,false,true,true,false,dense,n1024
1024,4,cpu,gpu-origin,pageable,cpu-gpu-origin,passed,23311,30,30,0.038500,0.008625,0.035750,0.046850,1.3105,1.1982,true,true,cpu-comparator,0.3974,0.3244,0.6238,0.3953,0.4044,slower,false,true,true,false,dense,n1024
1024,4,cuda,gpu-origin,pageable,cuda-gpu-origin,passed,5237,30,30,0.180050,0.022450,0.168700,0.191950,1.1378,1.0549,true,false,cpu-gpu-origin,0.2138,0.1862,0.2777,0.2064,0.2154,slower,false,true,true,false,dense,n1024
1024,4,cpu,gpu-origin,pinned,cpu-gpu-origin-pinned,passed,22272,30,30,0.047500,0.003800,0.042150,0.048000,1.1388,1.1062,true,false,cpu-comparator,0.3221,0.3167,0.5291,0.3190,0.3235,slower,false,true,true,false,dense,n1024
1024,4,cuda,gpu-origin,pinned,cuda-gpu-origin-pinned,passed,6382,30,30,0.155000,0.015600,0.146900,0.199650,1.3591,1.1046,true,true,cpu-gpu-origin-pinned,0.3065,0.2111,0.3268,0.3009,0.3151,slower,false,true,true,false,dense,n1024
1024,8,cpu,comparator,none,cpu-comparator,passed,71429,30,30,0.013900,0.000100,0.013850,0.020800,1.5018,1.0000,true,true,,1.0000,1.0000,1.0000,1.0000,1.0000,comparator,false,,,,dense,n1024
1024,8,cpu-avx2,optimized,none,cpu-avx2-optimized,passed,117648,30,30,0.007700,0.000800,0.007300,0.009400,1.2877,1.1014,true,true,cpu-comparator,1.8052,1.4734,2.8493,1.7878,1.8289,faster,false,,,,dense,n1024
1024,8,cuda,resident,none,cuda-resident,passed,9364,30,30,0.100550,0.025400,0.088400,0.118400,1.3394,1.1999,true,true,cpu-comparator,0.1382,0.1170,0.2353,0.1356,0.1444,slower,false,true,true,false,dense,n1024
1024,8,cuda,resident-graph,none,cuda-resident-graph,passed,54055,30,30,0.018400,0.001000,0.018400,0.019400,1.0543,1.0057,true,false,cpu-comparator,0.7554,0.7139,1.1304,0.7544,0.7554,inconclusive,false,false,false,false,dense,n1024
1024,8,cuda,host-origin,pageable,cuda-host-origin,passed,6505,30,30,0.205900,0.029275,0.168650,0.228300,1.3537,1.0611,true,true,cpu-comparator,0.0675,0.0607,0.1233,0.0672,0.0679,slower,false,true,true,false,dense,n1024
1024,8,cuda,host-origin,pinned,cuda-host-origin-pinned,passed,5331,30,30,0.184100,0.008225,0.176050,0.189800,1.0781,1.0380,true,false,cpu-comparator,0.0755,0.0730,0.1181,0.0747,0.0759,slower,false,true,true,false,dense,n1024
1024,8,cpu,gpu-origin,pageable,cpu-gpu-origin,passed,22124,30,30,0.046200,0.004700,0.041900,0.047200,1.1265,1.1213,true,false,cpu-comparator,0.3009,0.2934,0.4964,0.2975,0.3246,slower,false,true,true,false,dense,n1024
1024,8,cuda,gpu-origin,pageable,cuda-gpu-origin,passed,5337,30,30,0.179200,0.023625,0.142600,0.199200,1.3969,1.0808,true,true,cpu-gpu-origin,0.2578,0.2103,0.3310,0.2370,0.2607,slower,false,true,true,false,dense,n1024
1024,8,cpu,gpu-origin,pinned,cpu-gpu-origin-pinned,passed,23122,30,30,0.044800,0.001700,0.037500,0.045700,1.2187,1.0588,true,false,cpu-comparator,0.3103,0.3031,0.5547,0.3091,0.3108,slower,false,true,true,false,dense,n1024
1024,8,cuda,gpu-origin,pinned,cuda-gpu-origin-pinned,passed,6091,30,30,0.157050,0.015300,0.148000,0.169700,1.1466,1.0938,true,false,cpu-gpu-origin-pinned,0.2853,0.2210,0.3088,0.2797,0.2903,slower,false,true,true,true,dense,n1024
2048,4,cpu,comparator,none,cpu-comparator,passed,32521,30,30,0.030500,0.000300,0.030450,0.045350,1.4893,1.0033,true,true,,1.0000,1.0000,1.0000,1.0000,1.0000,comparator,false,,,,dense,n2048
2048,4,cpu-avx2,optimized,none,cpu-avx2-optimized,passed,112360,30,30,0.008300,0.000800,0.008000,0.017450,2.1812,1.0574,true,true,cpu-comparator,3.6747,1.7450,5.6687,3.6527,3.6970,faster,false,,,,dense,n2048
2048,4,cuda,resident,none,cuda-resident,passed,8985,30,30,0.096100,0.024825,0.089550,0.135100,1.5087,1.1577,true,true,cpu-comparator,0.3174,0.2254,0.5064,0.3144,0.3246,slower,false,true,true,false,dense,n2048
2048,4,cuda,resident-graph,none,cuda-resident-graph,passed,54055,30,30,0.018450,0.001625,0.018400,0.019400,1.0543,1.0160,true,false,cpu-comparator,1.6531,1.5696,2.4647,1.6486,1.6576,faster,false,true,true,false,dense,n2048
2048,4,cuda,host-origin,pageable,cuda-host-origin,passed,5121,30,30,0.209950,0.031075,0.191400,0.236150,1.2338,1.1348,true,false,cpu-comparator,0.1453,0.1289,0.2369,0.1417,0.1487,slower,false,true,true,false,dense,n2048
2048,4,cuda,host-origin,pinned,cuda-host-origin-pinned,passed,5357,30,30,0.183600,0.008500,0.126150,0.203400,1.6124,1.0375,true,true,cpu-comparator,0.1661,0.1497,0.3595,0.1649,0.1669,slower,false,true,true,false,dense,n2048
2048,4,cpu,gpu-origin,pageable,cpu-gpu-origin,passed,14926,30,30,0.069750,0.018225,0.052300,0.075700,1.4474,1.0643,true,true,cpu-comparator,0.4373,0.4022,0.8671,0.4317,0.4448,slower,false,true,true,false,dense,n2048
2048,4,cuda,gpu-origin,pageable,cuda-gpu-origin,passed,5046,30,30,0.179300,0.020800,0.175250,0.198350,1.1318,1.0572,true,false,cpu-gpu-origin,0.3890,0.2637,0.4320,0.3817,0.3955,slower,false,true,true,false,dense,n2048
2048,4,cpu,gpu-origin,pinned,cpu-gpu-origin-pinned,passed,16557,30,30,0.060400,0.000700,0.057950,0.062750,1.0828,1.0177,true,false,cpu-comparator,0.5050,0.4853,0.7826,0.5050,0.5058,slower,false,true,true,false,dense,n2048
2048,4,cuda,gpu-origin,pinned,cuda-gpu-origin-pinned,passed,6528,30,30,0.154100,0.013325,0.148700,0.170950,1.1496,1.0986,true,false,cpu-gpu-origin-pinned,0.3920,0.3390,0.4220,0.3775,0.3943,slower,false,true,true,true,dense,n2048
2048,8,cpu,comparator,none,cpu-comparator,passed,34723,30,30,0.028400,0.000200,0.028350,0.029950,1.0564,1.0002,true,false,,1.0000,1.0000,1.0000,1.0000,1.0000,comparator,false,,,,dense,n2048
2048,8,cpu-avx2,optimized,none,cpu-avx2-optimized,passed,114286,30,30,0.008200,0.000900,0.007900,0.017900,2.2658,1.1906,true,true,cpu-comparator,3.4634,1.5838,3.7911,3.4634,3.5062,faster,false,,,,dense,n2048
2048,8,cuda,resident,none,cuda-resident,passed,8548,30,30,0.099650,0.026025,0.086650,0.124150,1.4328,1.1630,true,true,cpu-comparator,0.2850,0.2284,0.3456,0.2727,0.2945,slower,false,true,true,false,dense,n2048
2048,8,cuda,resident-graph,none,cuda-resident-graph,passed,54055,30,30,0.018500,0.002025,0.018400,0.023450,1.2745,1.0326,true,true,cpu-comparator,1.5351,1.2090,1.6277,1.5351,1.5435,faster,false,true,true,false,dense,n2048
2048,8,cuda,host-origin,pageable,cuda-host-origin,passed,4958,30,30,0.208800,0.026200,0.201300,0.228900,1.1371,1.1139,true,false,cpu-comparator,0.1360,0.1239,0.1488,0.1349,0.1373,slower,false,true,true,true,dense,n2048
2048,8,cuda,host-origin,pinned,cuda-host-origin-pinned,passed,5394,30,30,0.184200,0.007700,0.178800,0.208200,1.1644,1.0321,true,false,cpu-comparator,0.1542,0.1362,0.1675,0.1536,0.1546,slower,false,true,true,true,dense,n2048
2048,8,cpu,gpu-origin,pageable,cpu-gpu-origin,passed,19744,30,30,0.050300,0.015800,0.049600,0.066700,1.3448,1.3114,false,true,cpu-comparator,0.5646,0.4250,0.6038,0.5610,0.5669,slower,false,true,false,false,dense,n2048
2048,8,cuda,gpu-origin,pageable,cuda-gpu-origin,passed,5321,30,30,0.181550,0.024450,0.166450,0.211050,1.2679,1.0670,true,true,cpu-gpu-origin,0.2771,0.2350,0.4007,0.2719,0.2813,slower,false,true,false,false,dense,n2048
2048,8,cpu,gpu-origin,pinned,cpu-gpu-origin-pinned,passed,17051,30,30,0.058200,0.000700,0.058000,0.079500,1.3707,1.0242,true,true,cpu-comparator,0.4880,0.3566,0.5164,0.4871,0.4888,slower,false,true,true,false,dense,n2048
2048,8,cuda,gpu-origin,pinned,cuda-gpu-origin-pinned,passed,6057,30,30,0.155800,0.014650,0.149050,0.206500,1.3854,1.0850,true,true,cpu-gpu-origin-pinned,0.3736,0.2809,0.5334,0.3619,0.3782,slower,false,true,true,false,dense,n2048
4096,4,cpu,comparator,none,cpu-comparator,passed,16314,30,30,0.061100,0.000400,0.061000,0.061300,1.0049,1.0025,true,false,,1.0000,1.0000,1.0000,1.0000,1.0000,comparator,false,,,,dense,n4096
4096,4,cpu-avx2,optimized,none,cpu-avx2-optimized,passed,85837,30,30,0.009900,0.000700,0.009600,0.010600,1.1042,1.0410,true,false,cpu-comparator,6.1717,5.7547,6.3854,6.1253,6.2030,faster,false,,,,dense,n4096
4096,4,cuda,resident,none,cuda-resident,passed,9705,30,30,0.098000,0.024525,0.090350,0.112350,1.2435,1.1570,true,false,cpu-comparator,0.6235,0.5429,0.6785,0.6026,0.6391,slower,false,true,true,true,dense,n4096
4096,4,cuda,resident-graph,none,cuda-resident-graph,passed,51151,30,30,0.018500,0.002000,0.018400,0.021300,1.1576,1.0299,true,false,cpu-comparator,3.3027,2.8638,3.3315,3.3000,3.3207,faster,false,true,true,true,dense,n4096
4096,4,cuda,host-origin,pageable,cuda-host-origin,passed,4936,30,30,0.210750,0.031000,0.195600,0.264400,1.3517,1.1014,true,true,cpu-comparator,0.2899,0.2307,0.3134,0.2851,0.2940,slower,false,true,true,false,dense,n4096
4096,4,cuda,host-origin,pinned,cuda-host-origin-pinned,passed,5416,30,30,0.183700,0.008600,0.176700,0.210650,1.1921,1.0400,true,false,cpu-comparator,0.3326,0.2896,0.3469,0.3296,0.3336,slower,false,true,true,true,dense,n4096
4096,4,cpu,gpu-origin,pageable,cpu-gpu-origin,passed,10011,30,30,0.099900,0.000800,0.096200,0.106400,1.1060,1.0112,true,false,cpu-comparator,0.6116,0.5733,0.6372,0.6110,0.6122,slower,false,true,true,true,dense,n4096
4096,4,cuda,gpu-origin,pageable,cuda-gpu-origin,passed,5206,30,30,0.179000,0.020975,0.129700,0.194350,1.4985,1.0921,true,true,cpu-gpu-origin,0.5581,0.4950,0.8204,0.5461,0.5599,slower,false,true,true,false,dense,n4096
4096,4,cpu,gpu-origin,pinned,cpu-gpu-origin-pinned,passed,10800,30,30,0.092100,0.001000,0.091700,0.093600,1.0207,1.0078,true,false,cpu-comparator,0.6634,0.6517,0.6685,0.6629,0.6641,slower,false,true,true,true,dense,n4096
4096,4,cuda,gpu-origin,pinned,cuda-gpu-origin-pinned,passed,6358,30,30,0.157050,0.016175,0.148150,0.189450,1.2788,1.1296,true,true,cpu-gpu-origin-pinned,0.5864,0.4840,0.6318,0.5674,0.5964,slower,false,true,true,false,dense,n4096
4096,8,cpu,comparator,none,cpu-comparator,passed,12912,30,30,0.062200,0.000400,0.062100,0.083800,1.3494,1.0034,true,true,,1.0000,1.0000,1.0000,1.0000,1.0000,comparator,false,,,,dense,n4096
4096,8,cpu-avx2,optimized,none,cpu-avx2-optimized,passed,92166,30,30,0.009800,0.000900,0.009200,0.020950,2.2772,1.0476,true,true,cpu-comparator,6.3469,2.9642,9.1087,6.3469,6.4456,faster,false,,,,dense,n4096
4096,8,cuda,resident,none,cuda-resident,passed,9872,30,30,0.098050,0.025525,0.089550,0.119950,1.3395,1.1653,true,true,cpu-comparator,0.6344,0.5177,0.9358,0.6101,0.6479,slower,false,true,true,false,dense,n4096
4096,8,cuda,resident-graph,none,cuda-resident-graph,passed,51814,30,30,0.018500,0.002000,0.018400,0.025550,1.3886,1.0446,true,true,cpu-comparator,3.3622,2.4305,4.5543,3.3622,3.3818,faster,false,true,true,false,dense,n4096
4096,8,cuda,host-origin,pageable,cuda-host-origin,passed,4968,30,30,0.206500,0.033500,0.194550,0.229200,1.1781,1.0597,true,false,cpu-comparator,0.3012,0.2709,0.4307,0.2965,0.3056,slower,false,true,true,false,dense,n4096
4096,8,cuda,host-origin,pinned,cuda-host-origin-pinned,passed,4805,30,30,0.184100,0.009225,0.174750,0.249200,1.4260,1.0408,true,true,cpu-comparator,0.3379,0.2492,0.4795,0.3362,0.3402,slower,false,true,true,false,dense,n4096
4096,8,cpu,gpu-origin,pageable,cpu-gpu-origin,passed,9853,30,30,0.101100,0.000800,0.097050,0.103650,1.0680,1.0096,true,false,cpu-comparator,0.6152,0.5991,0.8635,0.6145,0.6158,slower,false,true,true,false,dense,n4096
4096,8,cuda,gpu-origin,pageable,cuda-gpu-origin,passed,4798,30,30,0.180000,0.019650,0.127100,0.200300,1.5759,1.1353,true,true,cpu-gpu-origin,0.5617,0.4845,0.8155,0.5517,0.5701,slower,false,true,true,false,dense,n4096
4096,8,cpu,gpu-origin,pinned,cpu-gpu-origin-pinned,passed,10673,30,30,0.093200,0.001100,0.092800,0.108850,1.1730,1.0173,true,false,cpu-comparator,0.6674,0.5705,0.9030,0.6668,0.6685,slower,false,true,true,false,dense,n4096
4096,8,cuda,gpu-origin,pinned,cuda-gpu-origin-pinned,passed,6630,30,30,0.155000,0.016750,0.148750,0.181400,1.2195,1.1302,true,false,cpu-gpu-origin-pinned,0.6013,0.5116,0.7318,0.5799,0.6112,slower,false,true,true,true,dense,n4096
8192,4,cpu,comparator,none,cpu-comparator,passed,5168,30,30,0.124800,0.000700,0.124650,0.129850,1.0417,1.0054,true,false,,1.0000,1.0000,1.0000,1.0000,1.0000,comparator,false,,,,dense,n8192
8192,4,cpu-avx2,optimized,none,cpu-avx2-optimized,passed,26703,30,30,0.013700,0.000900,0.013300,0.028850,2.1692,1.0382,true,true,cpu-comparator,9.1095,4.3206,9.7632,9.0764,9.1765,faster,false,,,,dense,n8192
8192,4,cuda,resident,none,cuda-resident,passed,7271,30,30,0.097400,0.023825,0.090050,0.112050,1.2443,1.1433,true,false,cpu-comparator,1.2813,1.1124,1.4420,1.2431,1.3060,faster,false,true,true,true,dense,n8192
8192,4,cuda,resident-graph,none,cuda-resident-graph,passed,42373,30,30,0.018500,0.002025,0.018400,0.020500,1.1141,1.1063,true,false,cpu-comparator,6.7459,6.0805,7.0571,6.5992,6.7642,faster,false,true,true,true,dense,n8192
8192,4,cuda,host-origin,pageable,cuda-host-origin,passed,4170,30,30,0.203050,0.034725,0.143850,0.241950,1.6820,1.1741,true,true,cpu-comparator,0.6146,0.5152,0.9027,0.5862,0.6277,slower,false,true,true,false,dense,n8192
8192,4,cuda,host-origin,pinned,cuda-host-origin-pinned,passed,3994,30,30,0.192800,0.023375,0.185250,0.221300,1.1946,1.0719,true,false,cpu-comparator,0.6473,0.5633,0.7009,0.6341,0.6538,slower,false,true,true,true,dense,n8192
8192,4,cpu,gpu-origin,pageable,cpu-gpu-origin,passed,4796,30,30,0.167000,0.001000,0.164000,0.208650,1.2723,1.0037,true,true,cpu-comparator,0.7473,0.5974,0.7918,0.7465,0.7476,slower,false,true,true,false,dense,n8192
8192,4,cuda,gpu-origin,pageable,cuda-gpu-origin,passed,5032,30,30,0.181500,0.023925,0.130700,0.212400,1.6251,1.0903,true,true,cpu-gpu-origin,0.9201,0.7721,1.5964,0.9097,0.9414,inconclusive,false,false,false,false,dense,n8192
8192,4,cpu,gpu-origin,pinned,cpu-gpu-origin-pinned,passed,6296,30,30,0.158200,0.001800,0.157800,0.160150,1.0149,1.0095,true,false,cpu-comparator,0.7889,0.7783,0.8229,0.7882,0.7894,slower,false,true,true,true,dense,n8192
8192,4,cuda,gpu-origin,pinned,cuda-gpu-origin-pinned,passed,6054,30,30,0.156100,0.015525,0.148400,0.180250,1.2146,1.0876,true,false,cpu-gpu-origin-pinned,1.0135,0.8755,1.0792,0.9998,1.0245,inconclusive,false,false,false,false,dense,n8192
8192,8,cpu,comparator,none,cpu-comparator,passed,7441,30,30,0.134200,0.000700,0.133950,0.141900,1.0594,1.0029,true,false,,1.0000,1.0000,1.0000,1.0000,1.0000,comparator,false,,,,dense,n8192
8192,8,cpu-avx2,optimized,none,cpu-avx2-optimized,passed,67568,30,30,0.013200,0.000700,0.012900,0.022150,1.7171,1.0504,true,true,cpu-comparator,10.1667,6.0474,11.0000,10.1226,10.2405,faster,false,,,,dense,n8192
8192,8,cuda,resident,none,cuda-resident,passed,10122,30,30,0.096500,0.025050,0.072250,0.119450,1.6533,1.2041,true,true,cpu-comparator,1.3907,1.1214,1.9640,1.3123,1.4293,faster,false,true,true,false,dense,n8192
8192,8,cuda,resident-graph,none,cuda-resident-graph,passed,53909,30,30,0.018500,0.002100,0.018400,0.020500,1.1141,1.0402,true,false,cpu-comparator,7.2541,6.5341,7.7120,7.1903,7.2724,faster,false,true,true,true,dense,n8192
8192,8,cuda,host-origin,pageable,cuda-host-origin,passed,4580,30,30,0.206950,0.036425,0.169650,0.236700,1.3952,1.1725,true,true,cpu-comparator,0.6485,0.5659,0.8364,0.6220,0.6732,slower,false,true,true,false,dense,n8192
8192,8,cuda,host-origin,pinned,cuda-host-origin-pinned,passed,5373,30,30,0.192500,0.021425,0.171350,0.203250,1.1862,1.0615,true,false,cpu-comparator,0.6971,0.6590,0.8281,0.6920,0.7011,slower,false,true,true,true,dense,n8192
8192,8,cpu,gpu-origin,pageable,cpu-gpu-origin,passed,5665,30,30,0.176200,0.001200,0.173400,0.182250,1.0510,1.0060,true,false,cpu-comparator,0.7616,0.7350,0.8183,0.7606,0.7617,slower,false,true,true,true,dense,n8192
8192,8,cuda,gpu-origin,pageable,cuda-gpu-origin,passed,5033,30,30,0.184800,0.024625,0.176450,0.199450,1.1303,1.0687,true,false,cpu-gpu-origin,0.9535,0.8694,1.0329,0.9490,0.9643,inconclusive,false,false,false,false,dense,n8192
8192,8,cpu,gpu-origin,pinned,cpu-gpu-origin-pinned,passed,5971,30,30,0.167500,0.001900,0.166200,0.225650,1.3577,1.0112,true,true,cpu-comparator,0.8012,0.5936,0.8538,0.8001,0.8017,slower,false,true,true,false,dense,n8192
8192,8,cuda,gpu-origin,pinned,cuda-gpu-origin-pinned,passed,6225,30,30,0.156500,0.018100,0.149750,0.183600,1.2260,1.1043,true,false,cpu-gpu-origin-pinned,1.0703,0.9052,1.5068,1.0570,1.0861,inconclusive,false,false,false,false,dense,n8192
16384,4,cpu,comparator,none,cpu-comparator,passed,3948,30,30,0.253200,0.000700,0.252850,0.254100,1.0049,1.0019,true,false,,1.0000,1.0000,1.0000,1.0000,1.0000,comparator,false,,,,dense,n16384
16384,4,cpu-avx2,optimized,none,cpu-avx2-optimized,passed,28902,30,30,0.019700,0.000800,0.019350,0.020700,1.0698,1.0288,true,false,cpu-comparator,12.8528,12.2150,13.1318,12.8040,12.9833,faster,false,,,,dense,n16384
16384,4,cuda,resident,none,cuda-resident,passed,10215,30,30,0.100150,0.026000,0.091150,0.115400,1.2660,1.1936,true,true,cpu-comparator,2.5282,2.1911,2.7877,2.4396,2.6110,faster,false,true,true,false,dense,n16384
16384,4,cuda,resident-graph,none,cuda-resident-graph,passed,54055,30,30,0.018700,0.002100,0.018400,0.020400,1.1087,1.0962,true,false,cpu-comparator,13.5401,12.3946,13.8098,13.0013,13.6851,faster,false,true,true,true,dense,n16384
16384,4,cuda,host-origin,pageable,cuda-host-origin,passed,4946,30,30,0.194300,0.029975,0.156350,0.212150,1.3569,1.1277,true,true,cpu-comparator,1.3031,1.1918,1.6252,1.2899,1.3244,faster,false,true,true,false,dense,n16384
16384,4,cuda,host-origin,pinned,cuda-host-origin-pinned,passed,5243,30,30,0.189400,0.024550,0.172150,0.233150,1.3543,1.1290,true,true,cpu-comparator,1.3369,1.0845,1.4760,1.3294,1.3798,faster,false,true,true,false,dense,n16384
16384,4,cpu,gpu-origin,pageable,cpu-gpu-origin,passed,3308,30,30,0.302100,0.001600,0.298200,0.320450,1.0746,1.0080,true,false,cpu-comparator,0.8381,0.7890,0.8521,0.8376,0.8384,slower,false,true,true,true,dense,n16384
16384,4,cuda,gpu-origin,pageable,cuda-gpu-origin,passed,5328,30,30,0.182050,0.025900,0.173450,0.203350,1.1724,1.1096,true,false,cpu-gpu-origin,1.6594,1.4664,1.8475,1.6281,1.6956,faster,false,true,true,true,dense,n16384
16384,4,cpu,gpu-origin,pinned,cpu-gpu-origin-pinned,passed,3418,30,30,0.292400,0.001500,0.290250,0.311450,1.0730,1.0023,true,false,cpu-comparator,0.8659,0.8118,0.8755,0.8654,0.8662,slower,false,true,true,true,dense,n16384
16384,4,cuda,gpu-origin,pinned,cuda-gpu-origin-pinned,passed,6310,30,30,0.157500,0.014900,0.149650,0.188450,1.2593,1.0830,true,true,cpu-gpu-origin-pinned,1.8565,1.5402,2.0812,1.8041,1.8801,faster,false,true,true,false,dense,n16384
16384,8,cpu,comparator,none,cpu-comparator,passed,3568,30,30,0.280000,0.001000,0.279800,0.281600,1.0064,1.0014,true,false,,1.0000,1.0000,1.0000,1.0000,1.0000,comparator,false,,,,dense,n16384
16384,8,cpu-avx2,optimized,none,cpu-avx2-optimized,passed,28209,30,30,0.019000,0.000900,0.018600,0.045450,2.4435,1.0274,true,true,cpu-comparator,14.7368,6.1562,15.1398,14.7342,14.8148,faster,false,,,,dense,n16384
16384,8,cuda,resident,none,cuda-resident,passed,8799,30,30,0.100100,0.024950,0.090650,0.115250,1.2714,1.1595,true,true,cpu-comparator,2.7972,2.4278,3.1065,2.6818,2.8978,faster,false,true,true,false,dense,n16384
16384,8,cuda,resident-graph,none,cuda-resident-graph,passed,51547,30,30,0.020050,0.002100,0.018450,0.025600,1.3875,1.1030,true,true,cpu-comparator,13.9651,10.9297,15.2629,13.8076,14.6982,faster,false,true,true,false,dense,n16384
16384,8,cuda,host-origin,pageable,cuda-host-origin,passed,4732,30,30,0.199800,0.025475,0.179700,0.236250,1.3147,1.0718,true,true,cpu-comparator,1.4014,1.1843,1.5671,1.3905,1.4158,faster,false,true,true,false,dense,n16384
16384,8,cuda,host-origin,pinned,cuda-host-origin-pinned,passed,5071,30,30,0.188800,0.022850,0.171600,0.221500,1.2908,1.1053,true,true,cpu-comparator,1.4831,1.2632,1.6410,1.4836,1.5017,faster,false,true,true,false,dense,n16384
16384,8,cpu,gpu-origin,pageable,cpu-gpu-origin,passed,3011,30,30,0.328800,0.001900,0.325550,0.344000,1.0567,1.0037,true,false,cpu-comparator,0.8516,0.8134,0.8650,0.8512,0.8521,slower,false,true,true,true,dense,n16384
16384,8,cuda,gpu-origin,pageable,cuda-gpu-origin,passed,5063,30,30,0.186300,0.026325,0.175400,0.204850,1.1679,1.1426,true,false,cpu-gpu-origin,1.7649,1.5892,1.9612,1.7093,1.7732,faster,false,true,true,true,dense,n16384
16384,8,cpu,gpu-origin,pinned,cpu-gpu-origin-pinned,passed,3121,30,30,0.319500,0.001700,0.318950,0.322300,1.0105,1.0029,true,false,cpu-comparator,0.8764,0.8681,0.8829,0.8762,0.8769,slower,false,true,true,true,dense,n16384
16384,8,cuda,gpu-origin,pinned,cuda-gpu-origin-pinned,passed,5474,30,30,0.160150,0.014825,0.152150,0.173300,1.1390,1.0980,true,false,cpu-gpu-origin-pinned,1.9950,1.8405,2.1183,1.9320,2.0402,faster,false,true,true,true,dense,n16384
32768,4,cpu,comparator,none,cpu-comparator,passed,1961,30,30,0.508800,0.001600,0.507950,0.678900,1.3365,1.0021,true,true,,1.0000,1.0000,1.0000,1.0000,1.0000,comparator,false,,,,dense,n32768
32768,4,cpu-avx2,optimized,none,cpu-avx2-optimized,passed,31848,30,30,0.032100,0.001200,0.031500,0.060050,1.9063,1.0209,true,true,cpu-comparator,15.8505,8.4588,21.5524,15.7981,15.9467,faster,false,,,,dense,n32768
32768,4,cuda,resident,none,cuda-resident,passed,10667,30,30,0.102400,0.026300,0.091500,0.131850,1.4410,1.1716,true,true,cpu-comparator,4.9688,3.8525,7.4197,4.8885,5.1824,faster,false,true,true,false,dense,n32768
32768,4,cuda,resident-graph,none,cuda-resident-graph,passed,48781,30,30,0.020500,0.000100,0.020400,0.025000,1.2255,1.0049,true,false,cpu-comparator,24.8195,20.3180,33.2794,24.8122,24.9082,faster,false,true,true,false,dense,n32768
32768,4,cuda,host-origin,pageable,cuda-host-origin,passed,3844,30,30,0.225450,0.033950,0.215700,0.260050,1.2056,1.0937,true,false,cpu-comparator,2.2568,1.9533,3.1474,2.2183,2.2874,faster,false,true,true,false,dense,n32768
32768,4,cuda,host-origin,pinned,cuda-host-origin-pinned,passed,5026,30,30,0.197000,0.027100,0.178900,0.228200,1.2756,1.1580,true,true,cpu-comparator,2.5827,2.2259,3.7949,2.5675,2.5950,faster,false,true,true,false,dense,n32768
32768,4,cpu,gpu-origin,pageable,cpu-gpu-origin,passed,1706,30,30,0.586000,0.002000,0.580400,0.588300,1.0136,1.0022,true,false,cpu-comparator,0.8683,0.8634,1.1697,0.8677,0.8682,inconclusive,false,false,false,false,dense,n32768
32768,4,cuda,gpu-origin,pageable,cuda-gpu-origin,passed,5325,30,30,0.187100,0.029325,0.172200,0.216000,1.2544,1.1008,true,true,cpu-gpu-origin,3.1320,2.6870,3.4164,2.9977,3.1397,faster,false,true,true,false,dense,n32768
32768,4,cpu,gpu-origin,pinned,cpu-gpu-origin-pinned,passed,1791,30,30,0.558000,0.003900,0.556950,0.575700,1.0337,1.0076,true,false,cpu-comparator,0.9118,0.8823,1.2190,0.9115,0.9123,inconclusive,false,false,false,false,dense,n32768
32768,4,cuda,gpu-origin,pinned,cuda-gpu-origin-pinned,passed,6498,30,30,0.159250,0.017925,0.151950,0.179250,1.1797,1.1497,true,false,cpu-gpu-origin-pinned,3.5039,3.1071,3.7887,3.4488,3.5517,faster,false,true,true,true,dense,n32768
32768,8,cpu,comparator,none,cpu-comparator,passed,1734,30,30,0.576700,0.001700,0.576450,0.658600,1.1425,1.0010,true,false,,1.0000,1.0000,1.0000,1.0000,1.0000,comparator,false,,,,dense,n32768
32768,8,cpu-avx2,optimized,none,cpu-avx2-optimized,passed,33501,30,30,0.030500,0.001000,0.030100,0.062200,2.0664,1.0811,true,true,cpu-comparator,18.9082,9.2677,21.8804,18.9066,19.0338,faster,false,,,,dense,n32768
32768,8,cuda,resident,none,cuda-resident,passed,10091,30,30,0.098300,0.025100,0.082950,0.127950,1.5425,1.1686,true,true,cpu-comparator,5.8667,4.5053,7.9397,5.7588,5.9834,faster,false,true,true,false,dense,n32768
32768,8,cuda,resident-graph,none,cuda-resident-graph,passed,48781,30,30,0.020500,0.000100,0.020400,0.020500,1.0049,1.0049,true,false,cpu-comparator,28.1317,28.1195,32.2843,28.1280,28.2338,faster,false,true,true,true,dense,n32768
32768,8,cuda,host-origin,pageable,cuda-host-origin,passed,4331,30,30,0.235200,0.030925,0.202250,0.296200,1.4645,1.0805,true,true,cpu-comparator,2.4520,1.9462,3.2564,2.4347,2.4974,faster,false,true,true,false,dense,n32768
32768,8,cuda,host-origin,pinned,cuda-host-origin-pinned,passed,4953,30,30,0.197800,0.021650,0.174650,0.211800,1.2127,1.1433,true,false,cpu-comparator,2.9156,2.7217,3.7710,2.8785,2.9238,faster,false,true,true,true,dense,n32768
32768,8,cpu,gpu-origin,pageable,cpu-gpu-origin,passed,1526,30,30,0.655300,0.003200,0.649000,0.750450,1.1563,1.0088,true,false,cpu-comparator,0.8801,0.7681,1.0148,0.8798,0.8805,inconclusive,false,false,false,false,dense,n32768
32768,8,cuda,gpu-origin,pageable,cuda-gpu-origin,passed,5614,30,30,0.185250,0.052900,0.136700,0.218600,1.5991,1.4152,false,true,cpu-gpu-origin,3.5374,2.9689,5.4898,3.4321,3.5385,faster,false,true,false,false,dense,n32768
32768,8,cpu,gpu-origin,pinned,cpu-gpu-origin-pinned,passed,1598,30,30,0.626300,0.002900,0.624500,0.633500,1.0144,1.0034,true,false,cpu-comparator,0.9208,0.9099,1.0546,0.9206,0.9214,inconclusive,false,false,false,false,dense,n32768
32768,8,cuda,gpu-origin,pinned,cuda-gpu-origin-pinned,passed,6376,30,30,0.155400,0.024825,0.147350,0.187850,1.2749,1.1124,true,true,cpu-gpu-origin-pinned,4.0302,3.3245,4.2993,3.9608,4.1388,faster,false,true,true,false,dense,n32768
65536,4,cpu,comparator,none,cpu-comparator,passed,980,30,30,1.018800,0.002100,1.018300,1.024250,1.0058,1.0010,true,false,,1.0000,1.0000,1.0000,1.0000,1.0000,comparator,false,,,,dense,n65536
65536,4,cpu-avx2,optimized,none,cpu-avx2-optimized,passed,17986,30,30,0.057900,0.001300,0.057300,0.068450,1.1946,1.0204,true,false,cpu-comparator,17.5959,14.8766,17.8752,17.5696,17.6696,faster,false,,,,dense,n65536
65536,4,cuda,resident,none,cuda-resident,passed,10056,30,30,0.099300,0.025025,0.088550,0.112400,1.2693,1.1534,true,true,cpu-comparator,10.2598,9.0596,11.5669,9.9332,10.4601,faster,false,true,true,false,dense,n65536
65536,4,cuda,resident-graph,none,cuda-resident-graph,passed,49020,30,30,0.020500,0.000100,0.020400,0.020650,1.0123,1.0024,true,false,cpu-comparator,49.6976,49.3123,50.2083,49.6854,49.6951,faster,false,true,true,true,dense,n65536
65536,4,cuda,host-origin,pageable,cuda-host-origin,passed,3555,30,30,0.260150,0.027925,0.228150,0.277400,1.2159,1.1157,true,false,cpu-comparator,3.9162,3.6709,4.4894,3.8532,3.9438,faster,false,true,true,true,dense,n65536
65536,4,cuda,host-origin,pinned,cuda-host-origin-pinned,passed,4719,30,30,0.213800,0.023425,0.197000,0.248000,1.2589,1.0970,true,true,cpu-comparator,4.7652,4.1060,5.1992,4.6915,4.8439,faster,false,true,true,false,dense,n65536
65536,4,cpu,gpu-origin,pageable,cpu-gpu-origin,passed,894,30,30,1.118600,0.006400,1.113450,1.244650,1.1178,1.0090,true,false,cpu-comparator,0.9108,0.8181,0.9199,0.9101,0.9114,slower,false,true,true,true,dense,n65536
65536,4,cuda,gpu-origin,pageable,cuda-gpu-origin,passed,7103,30,30,0.183350,0.051650,0.145200,0.206150,1.4198,1.3220,false,true,cpu-gpu-origin,6.1009,5.4012,8.5720,5.9355,6.3919,faster,false,true,false,false,dense,n65536
65536,4,cpu,gpu-origin,pinned,cpu-gpu-origin-pinned,passed,921,30,30,1.086800,0.005100,1.085550,1.100050,1.0134,1.0024,true,false,cpu-comparator,0.9374,0.9257,0.9435,0.9369,0.9375,slower,false,true,true,true,dense,n65536
65536,4,cuda,gpu-origin,pinned,cuda-gpu-origin-pinned,passed,5918,30,30,0.157250,0.023900,0.145800,0.179650,1.2322,1.1329,true,false,cpu-gpu-origin-pinned,6.9113,6.0426,7.5449,6.6828,7.0105,faster,false,true,true,true,dense,n65536
65536,8,cpu,comparator,none,cpu-comparator,passed,882,30,30,1.134900,0.002900,1.134250,1.138400,1.0037,1.0011,true,false,,1.0000,1.0000,1.0000,1.0000,1.0000,comparator,false,,,,dense,n65536
65536,8,cpu-avx2,optimized,none,cpu-avx2-optimized,passed,18904,30,30,0.054800,0.001200,0.054200,0.056250,1.0378,1.0206,true,false,cpu-comparator,20.7099,20.1644,21.0037,20.6882,20.7934,faster,false,,,,dense,n65536
65536,8,cuda,resident,none,cuda-resident,passed,10041,30,30,0.098100,0.024100,0.090000,0.113300,1.2589,1.1691,true,true,cpu-comparator,11.5688,10.0110,12.6489,11.2134,11.9673,faster,false,true,true,false,dense,n65536
65536,8,cuda,resident-graph,none,cuda-resident-graph,passed,48781,30,30,0.020500,0.000100,0.019700,0.021350,1.0838,1.0049,true,false,cpu-comparator,55.3610,53.1265,57.7868,55.3488,55.3634,faster,false,true,true,true,dense,n65536
65536,8,cuda,host-origin,pageable,cuda-host-origin,passed,3734,30,30,0.262750,0.029225,0.245000,0.280550,1.1451,1.0862,true,false,cpu-comparator,4.3193,4.0430,4.6465,4.2587,4.4092,faster,false,true,true,true,dense,n65536
65536,8,cuda,host-origin,pinned,cuda-host-origin-pinned,passed,4167,30,30,0.220700,0.022950,0.207250,0.248800,1.2005,1.0798,true,false,cpu-comparator,5.1423,4.5589,5.4929,5.1311,5.2240,faster,false,true,true,true,dense,n65536
65536,8,cpu,gpu-origin,pageable,cpu-gpu-origin,passed,811,30,30,1.234050,0.006225,1.228850,1.243150,1.0116,1.0045,true,false,cpu-comparator,0.9197,0.9124,0.9264,0.9191,0.9199,slower,false,true,true,true,dense,n65536
65536,8,cuda,gpu-origin,pageable,cuda-gpu-origin,passed,4992,30,30,0.172200,0.059825,0.144950,0.230800,1.5923,1.3561,false,true,cpu-gpu-origin,7.1664,5.3243,8.5764,6.8287,7.6214,faster,false,true,false,false,dense,n65536
65536,8,cpu,gpu-origin,pinned,cpu-gpu-origin-pinned,passed,831,30,30,1.203000,0.005300,1.201550,1.214750,1.0110,1.0017,true,false,cpu-comparator,0.9434,0.9337,0.9474,0.9430,0.9436,slower,false,true,true,true,dense,n65536
65536,8,cuda,gpu-origin,pinned,cuda-gpu-origin-pinned,passed,6336,30,30,0.159550,0.022725,0.149550,0.191200,1.2785,1.1564,true,true,cpu-gpu-origin-pinned,7.5400,6.2843,8.1227,7.4468,7.7361,faster,false,true,true,false,dense,n65536
131072,4,cpu,comparator,none,cpu-comparator,passed,491,30,30,2.035900,0.007725,2.035000,2.059000,1.0118,1.0010,true,false,,1.0000,1.0000,1.0000,1.0000,1.0000,comparator,false,,,,dense,n131072
131072,4,cpu-avx2,optimized,none,cpu-avx2-optimized,passed,9448,30,30,0.109100,0.001800,0.107700,0.126400,1.1736,1.0178,true,false,cpu-comparator,18.6609,16.0997,19.1179,18.6081,18.7495,faster,false,,,,dense,n131072
131072,4,cuda,resident,none,cuda-resident,passed,10225,30,30,0.102550,0.025025,0.095250,0.113050,1.1869,1.1224,true,false,cpu-comparator,19.8528,18.0009,21.6168,19.5032,20.3929,faster,false,true,true,true,dense,n131072
131072,4,cuda,resident-graph,none,cuda-resident-graph,passed,42554,30,30,0.022500,0.000100,0.022500,0.022500,1.0000,1.0000,true,false,cpu-comparator,90.4844,90.4444,91.5111,90.4689,90.4822,faster,false,true,true,true,dense,n131072
131072,4,cuda,host-origin,pageable,cuda-host-origin,passed,3622,30,30,0.301850,0.041050,0.279750,0.416550,1.4890,1.1414,true,true,cpu-comparator,6.7447,4.8854,7.3601,6.6513,6.7643,faster,false,true,true,false,dense,n131072
131072,4,cuda,host-origin,pinned,cuda-host-origin-pinned,passed,3794,30,30,0.257700,0.026550,0.243750,0.287850,1.1809,1.0882,true,false,cpu-comparator,7.9003,7.0697,8.4472,7.7306,8.0235,faster,false,true,true,true,dense,n131072
131072,4,cpu,gpu-origin,pageable,cpu-gpu-origin,passed,458,30,30,2.184700,0.009100,2.178550,2.215400,1.0169,1.0062,true,false,cpu-comparator,0.9319,0.9186,0.9451,0.9314,0.9322,slower,false,true,true,true,dense,n131072
131072,4,cuda,gpu-origin,pageable,cuda-gpu-origin,passed,6358,30,30,0.162750,0.059850,0.139350,0.217750,1.5626,1.3555,false,true,cpu-gpu-origin,13.4237,10.0048,15.8981,12.0688,14.6479,faster,false,true,false,false,dense,n131072
131072,4,cpu,gpu-origin,pinned,cpu-gpu-origin-pinned,passed,467,30,30,2.141900,0.008725,2.138850,2.170700,1.0149,1.0019,true,false,cpu-comparator,0.9505,0.9375,0.9627,0.9501,0.9509,slower,false,true,true,true,dense,n131072
131072,4,cuda,gpu-origin,pinned,cuda-gpu-origin-pinned,passed,6582,30,30,0.157400,0.021300,0.150450,0.173700,1.1545,1.1274,true,false,cpu-gpu-origin-pinned,13.6080,12.3135,14.4280,13.1365,13.9922,faster,false,true,true,true,dense,n131072
131072,8,cpu,comparator,none,cpu-comparator,passed,456,30,30,2.196200,0.004800,2.194900,2.198750,1.0018,1.0005,true,false,,1.0000,1.0000,1.0000,1.0000,1.0000,comparator,false,,,,dense,n131072
131072,8,cpu-avx2,optimized,none,cpu-avx2-optimized,passed,9941,30,30,0.102750,0.001700,0.101200,0.104400,1.0316,1.0193,true,false,cpu-comparator,21.3742,21.0239,21.7268,21.3520,21.4420,faster,false,,,,dense,n131072
131072,8,cuda,resident,none,cuda-resident,passed,9705,30,30,0.098800,0.023200,0.083000,0.106950,1.2886,1.1508,true,true,cpu-comparator,22.2287,20.5227,26.4910,21.0263,22.7329,faster,false,true,true,false,dense,n131072
131072,8,cuda,resident-graph,none,cuda-resident-graph,passed,42373,30,30,0.022500,0.001000,0.022500,0.024850,1.1044,1.0027,true,false,cpu-comparator,97.6089,88.3260,97.7222,97.5978,97.6156,faster,false,true,true,true,dense,n131072
131072,8,cuda,host-origin,pageable,cuda-host-origin,passed,3042,30,30,0.322650,0.027750,0.307300,0.361400,1.1760,1.0860,true,false,cpu-comparator,6.8068,6.0733,7.1551,6.7477,6.9835,faster,false,true,true,true,dense,n131072
131072,8,cuda,host-origin,pinned,cuda-host-origin-pinned,passed,3670,30,30,0.268300,0.024925,0.249400,0.301350,1.2083,1.0940,true,false,cpu-comparator,8.1856,7.2836,8.8162,8.1170,8.3555,faster,false,true,true,true,dense,n131072
131072,8,cpu,gpu-origin,pageable,cpu-gpu-origin,passed,426,30,30,2.345900,0.011425,2.339650,2.659000,1.1365,1.0071,true,false,cpu-comparator,0.9362,0.8255,0.9398,0.9360,0.9366,slower,false,true,true,true,dense,n131072
131072,8,cuda,gpu-origin,pageable,cuda-gpu-origin,passed,6296,30,30,0.171000,0.057200,0.157650,0.212950,1.3508,1.2117,true,true,cpu-gpu-origin,13.7187,10.9869,16.8665,13.0122,14.3596,faster,false,true,true,false,dense,n131072
131072,8,cpu,gpu-origin,pinned,cpu-gpu-origin-pinned,passed,434,30,30,2.303100,0.009000,2.298800,2.341250,1.0185,1.0050,true,false,cpu-comparator,0.9536,0.9375,0.9565,0.9534,0.9539,slower,false,true,true,true,dense,n131072
131072,8,cuda,gpu-origin,pinned,cuda-gpu-origin-pinned,passed,6239,30,30,0.168450,0.022225,0.159300,0.185250,1.1629,1.1119,true,false,cpu-gpu-origin-pinned,13.6723,12.4092,14.6971,13.2149,14.2763,faster,false,true,true,true,dense,n131072
262144,4,cpu,comparator,none,cpu-comparator,passed,242,30,30,4.067350,0.011425,4.064350,4.122900,1.0144,1.0021,true,false,,1.0000,1.0000,1.0000,1.0000,1.0000,comparator,false,,,,dense,n262144
262144,4,cpu-avx2,optimized,none,cpu-avx2-optimized,passed,2568,30,30,0.210700,0.002825,0.208950,0.406100,1.9435,1.0136,true,true,cpu-comparator,19.3040,10.0082,19.7315,19.2939,19.3527,faster,false,,,,dense,n262144
262144,4,cuda,resident,none,cuda-resident,passed,10499,30,30,0.104300,0.024325,0.090900,0.112050,1.2327,1.1558,true,false,cpu-comparator,38.9966,36.2726,45.3564,38.3513,40.2688,faster,false,true,true,true,dense,n262144
262144,4,cuda,resident-graph,none,cuda-resident-graph,passed,39063,30,30,0.026600,0.000100,0.026600,0.032100,1.2068,1.0038,true,false,cpu-comparator,152.9079,126.6153,154.9962,152.8609,152.9239,faster,false,true,true,true,dense,n262144
262144,4,cuda,host-origin,pageable,cuda-host-origin,passed,2198,30,30,0.442850,0.030025,0.415600,0.468650,1.1276,1.0612,true,false,cpu-comparator,9.1845,8.6725,9.9204,9.0655,9.2666,faster,false,true,true,true,dense,n262144
262144,4,cuda,host-origin,pinned,cuda-host-origin-pinned,passed,2652,30,30,0.347500,0.023500,0.327000,0.360050,1.1011,1.0578,true,false,cpu-comparator,11.7046,11.2883,12.6083,11.6564,11.8147,faster,false,true,true,true,dense,n262144
262144,4,cpu,gpu-origin,pageable,cpu-gpu-origin,passed,230,30,30,4.323700,0.022250,4.313550,4.421900,1.0251,1.0138,true,false,cpu-comparator,0.9407,0.9191,0.9558,0.9402,0.9415,slower,false,true,true,true,dense,n262144
262144,4,cuda,gpu-origin,pageable,cuda-gpu-origin,passed,5872,30,30,0.192400,0.065350,0.156700,0.214450,1.3685,1.2592,false,true,cpu-gpu-origin,22.4725,20.1145,28.2189,21.7806,24.2406,faster,false,true,false,false,dense,n262144
262144,4,cpu,gpu-origin,pinned,cpu-gpu-origin-pinned,passed,236,30,30,4.250300,0.011400,4.245700,4.279650,1.0080,1.0015,true,false,cpu-comparator,0.9570,0.9497,0.9711,0.9566,0.9572,slower,false,true,true,true,dense,n262144
262144,4,cuda,gpu-origin,pinned,cuda-gpu-origin-pinned,passed,5933,30,30,0.166500,0.022100,0.158450,0.190700,1.2035,1.1511,true,false,cpu-gpu-origin-pinned,25.5273,22.2638,27.0095,25.0056,26.4169,faster,false,true,true,true,dense,n262144
262144,8,cpu,comparator,none,cpu-comparator,passed,233,30,30,4.293100,0.013200,4.289800,4.714000,1.0989,1.0042,true,false,,1.0000,1.0000,1.0000,1.0000,1.0000,comparator,false,,,,dense,n262144
262144,8,cpu-avx2,optimized,none,cpu-avx2-optimized,passed,5121,30,30,0.200300,0.004325,0.197700,0.325700,1.6474,1.0387,true,true,cpu-comparator,21.4333,13.1710,23.8442,21.2915,21.5361,faster,false,,,,dense,n262144
262144,8,cuda,resident,none,cuda-resident,passed,10417,30,30,0.104500,0.026700,0.092050,0.135200,1.4688,1.1224,true,true,cpu-comparator,41.0823,31.7293,51.2113,39.9655,41.6469,faster,false,true,true,false,dense,n262144
262144,8,cuda,resident-graph,none,cuda-resident-graph,passed,36232,30,30,0.026700,0.002000,0.026600,0.029650,1.1147,1.0430,true,false,cpu-comparator,160.7903,144.6813,177.2180,156.9214,161.3590,faster,false,true,true,true,dense,n262144
262144,8,cuda,host-origin,pageable,cuda-host-origin,passed,2163,30,30,0.459100,0.028600,0.442900,0.502450,1.1345,1.0566,true,false,cpu-comparator,9.3511,8.5378,10.6435,9.2724,9.4281,faster,false,true,true,true,dense,n262144
262144,8,cuda,host-origin,pinned,cuda-host-origin-pinned,passed,2716,30,30,0.368000,0.028625,0.342500,0.402250,1.1745,1.0779,true,false,cpu-comparator,11.6660,10.6645,13.7635,11.4635,11.7218,faster,false,true,true,true,dense,n262144
262144,8,cpu,gpu-origin,pageable,cpu-gpu-origin,passed,220,30,30,4.545600,0.017025,4.538050,4.612500,1.0164,1.0047,true,false,cpu-comparator,0.9445,0.9300,1.0388,0.9440,0.9448,inconclusive,false,false,false,false,dense,n262144
262144,8,cuda,gpu-origin,pageable,cuda-gpu-origin,passed,4488,30,30,0.225200,0.051750,0.184250,0.251200,1.3634,1.2243,true,true,cpu-gpu-origin,20.1847,18.0655,25.0339,19.7693,21.5084,faster,false,true,true,false,dense,n262144
262144,8,cpu,gpu-origin,pinned,cpu-gpu-origin-pinned,passed,224,30,30,4.475950,0.015100,4.471000,4.526900,1.0125,1.0055,true,false,cpu-comparator,0.9591,0.9476,1.0544,0.9588,0.9594,inconclusive,false,false,false,false,dense,n262144
262144,8,cuda,gpu-origin,pinned,cuda-gpu-origin-pinned,passed,5586,30,30,0.183050,0.025300,0.174400,0.204550,1.1729,1.1146,true,false,cpu-gpu-origin-pinned,24.4521,21.8577,25.9570,24.1086,25.0711,faster,false,true,true,true,dense,n262144
524288,4,cpu,comparator,none,cpu-comparator,passed,123,30,30,8.134300,0.016275,8.129150,9.224300,1.1347,1.0060,true,false,,1.0000,1.0000,1.0000,1.0000,1.0000,comparator,false,,,,dense,n524288
524288,4,cpu-avx2,optimized,none,cpu-avx2-optimized,passed,2262,30,30,0.437600,0.006100,0.433750,0.444650,1.0251,1.0149,true,false,cpu-comparator,18.5884,18.2821,21.2664,18.5564,18.6538,faster,false,,,,dense,n524288
524288,4,cuda,resident,none,cuda-resident,passed,9421,30,30,0.108850,0.035625,0.093900,0.142900,1.5218,1.0873,true,true,cpu-comparator,74.7294,56.8870,98.2354,73.8502,75.3409,faster,false,true,true,false,dense,n524288
524288,4,cuda,resident-graph,none,cuda-resident-graph,passed,29586,30,30,0.034800,0.000000,0.034800,0.034800,1.0000,1.0000,true,false,cpu-comparator,233.7443,233.5963,265.0661,233.6868,233.7457,faster,false,true,true,true,dense,n524288
524288,4,cuda,host-origin,pageable,cuda-host-origin,passed,1656,30,30,0.606000,0.032000,0.582650,0.620850,1.0656,1.0447,true,false,cpu-comparator,13.4229,13.0936,15.8316,13.2864,13.4833,faster,false,true,true,true,dense,n524288
524288,4,cuda,host-origin,pinned,cuda-host-origin-pinned,passed,1897,30,30,0.520200,0.038100,0.504350,0.564950,1.1202,1.0617,true,false,cpu-comparator,15.6369,14.3891,18.2895,15.5193,15.8623,faster,false,true,true,true,dense,n524288
524288,4,cpu,gpu-origin,pageable,cpu-gpu-origin,passed,118,30,30,8.537900,0.017725,8.525600,8.798750,1.0320,1.0016,true,false,cpu-comparator,0.9527,0.9239,1.0820,0.9523,0.9529,inconclusive,false,false,false,false,dense,n524288
524288,4,cuda,gpu-origin,pageable,cuda-gpu-origin,passed,4321,30,30,0.227400,0.046275,0.200800,0.272350,1.3563,1.0901,true,true,cpu-gpu-origin,37.5457,31.3038,43.8185,37.1458,38.8742,faster,false,true,true,false,dense,n524288
524288,4,cpu,gpu-origin,pinned,cpu-gpu-origin-pinned,passed,119,30,30,8.465950,0.016925,8.461600,10.602500,1.2530,1.0203,true,true,cpu-comparator,0.9608,0.7667,1.0901,0.9607,0.9610,inconclusive,false,false,false,false,dense,n524288
524288,4,cuda,gpu-origin,pinned,cuda-gpu-origin-pinned,passed,4994,30,30,0.190450,0.025025,0.177000,0.211300,1.1938,1.1240,true,false,cpu-gpu-origin-pinned,44.4523,40.0454,59.9011,43.4315,45.1737,faster,false,true,true,false,dense,n524288
524288,8,cpu,comparator,none,cpu-comparator,passed,118,30,30,8.446450,0.040975,8.438550,8.689500,1.0297,1.0150,true,false,,1.0000,1.0000,1.0000,1.0000,1.0000,comparator,false,,,,dense,n524288
524288,8,cpu-avx2,optimized,none,cpu-avx2-optimized,passed,2341,30,30,0.412700,0.007925,0.408150,0.747200,1.8307,1.0350,true,true,cpu-comparator,20.4663,11.2936,21.2900,20.4042,20.5842,faster,false,,,,dense,n524288
524288,8,cuda,resident,none,cuda-resident,passed,9395,30,30,0.108500,0.032100,0.097150,0.114650,1.1801,1.0869,true,false,cpu-comparator,77.8475,73.6027,89.4442,76.5313,78.5169,faster,false,true,true,true,dense,n524288
524288,8,cuda,resident-graph,none,cuda-resident-graph,passed,27933,30,30,0.036800,0.000100,0.036800,0.036900,1.0027,1.0000,true,false,cpu-comparator,229.5231,228.6870,236.1277,229.3838,229.5707,faster,false,true,true,true,dense,n524288
524288,8,cuda,host-origin,pageable,cuda-host-origin,passed,1517,30,30,0.659700,0.039425,0.638450,0.687400,1.0767,1.0510,true,false,cpu-comparator,12.8035,12.2760,13.6103,12.7433,12.9092,faster,false,true,true,true,dense,n524288
524288,8,cuda,host-origin,pinned,cuda-host-origin-pinned,passed,1779,30,30,0.553950,0.036425,0.532000,0.591600,1.1120,1.0448,true,false,cpu-comparator,15.2477,14.2639,16.3336,15.0617,15.3566,faster,false,true,true,true,dense,n524288
524288,8,cpu,gpu-origin,pageable,cpu-gpu-origin,passed,114,30,30,8.848000,0.031825,8.836450,8.899400,1.0071,1.0029,true,false,cpu-comparator,0.9546,0.9482,0.9834,0.9540,0.9549,slower,false,true,true,true,dense,n524288
524288,8,cuda,gpu-origin,pageable,cuda-gpu-origin,passed,3470,30,30,0.281800,0.050350,0.235700,0.310000,1.3152,1.0516,true,true,cpu-gpu-origin,31.3982,28.5047,37.7573,31.2187,31.7271,faster,false,true,true,false,dense,n524288
524288,8,cpu,gpu-origin,pinned,cpu-gpu-origin-pinned,passed,114,30,30,8.775600,0.044275,8.766200,9.943000,1.1342,1.0181,true,false,cpu-comparator,0.9625,0.8487,0.9913,0.9619,0.9630,slower,false,true,true,true,dense,n524288
524288,8,cuda,gpu-origin,pinned,cuda-gpu-origin-pinned,passed,4410,30,30,0.225950,0.020500,0.214000,0.238850,1.1161,1.0792,true,false,cpu-gpu-origin-pinned,38.8387,36.7017,46.4626,38.6715,39.0762,faster,false,true,true,true,dense,n524288
1048576,4,cpu,comparator,none,cpu-comparator,passed,62,30,30,16.265600,0.058125,16.257550,18.529900,1.1398,1.0039,true,false,,1.0000,1.0000,1.0000,1.0000,1.0000,comparator,false,,,,dense,n1048576
1048576,4,cpu-avx2,optimized,none,cpu-avx2-optimized,passed,1074,30,30,0.876200,0.014500,0.869250,0.893400,1.0278,1.0140,true,false,cpu-comparator,18.5638,18.1974,21.3171,18.5479,18.6245,faster,false,,,,dense,n1048576
1048576,4,cuda,resident,none,cuda-resident,passed,8644,30,30,0.123150,0.024250,0.096700,0.152900,1.5812,1.1846,true,true,cpu-comparator,132.0796,106.3280,191.6225,130.5534,135.0259,faster,false,true,true,false,dense,n1048576
1048576,4,cuda,resident-graph,none,cuda-resident-graph,passed,19921,30,30,0.051100,0.002000,0.049150,0.057250,1.1648,1.0291,true,false,cpu-comparator,318.3092,283.9747,377.0071,318.2255,318.3327,faster,false,true,true,true,dense,n1048576
1048576,4,cuda,host-origin,pageable,cuda-host-origin,passed,1028,30,30,0.983300,0.054625,0.924100,1.024600,1.1088,1.0596,true,false,cpu-comparator,16.5418,15.8672,20.0518,16.3096,16.8136,faster,false,true,true,true,dense,n1048576
1048576,4,cuda,host-origin,pinned,cuda-host-origin-pinned,passed,1144,30,30,0.877200,0.049175,0.813200,0.911800,1.1212,1.0619,true,false,cpu-comparator,18.5426,17.8302,22.7864,18.4203,18.7526,faster,false,true,true,true,dense,n1048576
1048576,4,cpu,gpu-origin,pageable,cpu-gpu-origin,passed,59,30,30,16.963700,0.042425,16.949450,19.618000,1.1574,1.0037,true,false,cpu-comparator,0.9588,0.8287,1.0932,0.9586,0.9591,inconclusive,false,false,false,false,dense,n1048576
1048576,4,cuda,gpu-origin,pageable,cuda-gpu-origin,passed,3487,30,30,0.287100,0.011925,0.269250,0.298900,1.1101,1.0246,true,false,cpu-gpu-origin,59.0864,56.7061,72.8617,58.8609,59.3870,faster,false,true,true,true,dense,n1048576
1048576,4,cpu,gpu-origin,pinned,cpu-gpu-origin-pinned,passed,60,30,30,16.899450,0.083350,16.883600,19.930500,1.1805,1.0155,true,false,cpu-comparator,0.9625,0.8157,1.0975,0.9607,0.9629,inconclusive,false,false,false,false,dense,n1048576
1048576,4,cuda,gpu-origin,pinned,cuda-gpu-origin-pinned,passed,4508,30,30,0.212450,0.027350,0.206200,0.242550,1.1763,1.0966,true,false,cpu-gpu-origin-pinned,79.5455,69.6087,96.6562,77.5373,80.3613,faster,false,true,true,true,dense,n1048576
1048576,8,cpu,comparator,none,cpu-comparator,passed,60,30,30,16.697850,0.033325,16.689100,17.029700,1.0204,1.0011,true,false,,1.0000,1.0000,1.0000,1.0000,1.0000,comparator,false,,,,dense,n1048576
1048576,8,cpu-avx2,optimized,none,cpu-avx2-optimized,passed,1138,30,30,0.822550,0.014925,0.813800,0.846450,1.0401,1.0174,true,false,cpu-comparator,20.3001,19.7166,20.9261,20.2795,20.3748,faster,false,,,,dense,n1048576
1048576,8,cuda,resident,none,cuda-resident,passed,8953,30,30,0.129700,0.025700,0.123250,0.158150,1.2832,1.0609,true,true,cpu-comparator,128.7421,105.5270,138.1720,127.9611,129.8068,faster,false,true,true,false,dense,n1048576
1048576,8,cuda,resident-graph,none,cuda-resident-graph,passed,19158,30,30,0.053200,0.000100,0.053200,0.053300,1.0019,1.0000,true,false,cpu-comparator,313.8694,313.1163,320.1071,313.8083,313.8689,faster,false,true,true,true,dense,n1048576
1048576,8,cuda,host-origin,pageable,cuda-host-origin,passed,909,30,30,1.083700,0.049925,1.040650,1.110950,1.0676,1.0506,true,false,cpu-comparator,15.4082,15.0224,16.3645,15.2882,15.5665,faster,false,true,true,true,dense,n1048576
1048576,8,cuda,host-origin,pinned,cuda-host-origin-pinned,passed,1038,30,30,0.953000,0.047150,0.896300,0.978100,1.0913,1.0655,true,false,cpu-comparator,17.5214,17.0628,19.0000,17.3291,17.7053,faster,false,true,true,true,dense,n1048576
1048576,8,cpu,gpu-origin,pageable,cpu-gpu-origin,passed,58,30,30,17.403000,0.054650,17.383450,17.786450,1.0232,1.0082,true,false,cpu-comparator,0.9595,0.9383,0.9797,0.9592,0.9599,slower,false,true,true,true,dense,n1048576
1048576,8,cuda,gpu-origin,pageable,cuda-gpu-origin,passed,2570,30,30,0.395800,0.028775,0.374500,0.445050,1.1884,1.1084,true,false,cpu-gpu-origin,43.9692,39.0595,47.4939,43.5587,44.6769,faster,false,true,true,true,dense,n1048576
1048576,8,cpu,gpu-origin,pinned,cpu-gpu-origin-pinned,passed,58,30,30,17.325300,0.032925,17.318000,17.757950,1.0254,1.0067,true,false,cpu-comparator,0.9638,0.9398,0.9834,0.9637,0.9639,slower,false,true,true,true,dense,n1048576
1048576,8,cuda,gpu-origin,pinned,cuda-gpu-origin-pinned,passed,3215,30,30,0.303350,0.027525,0.271100,0.332350,1.2259,1.0991,true,false,cpu-gpu-origin-pinned,57.1132,52.1077,65.5033,56.4640,59.1907,faster,false,true,true,true,dense,n1048576
2097152,4,cpu,comparator,none,cpu-comparator,passed,31,30,30,32.558050,0.180600,32.509250,33.898850,1.0427,1.0256,true,false,,1.0000,1.0000,1.0000,1.0000,1.0000,comparator,false,,,,dense,n2097152
2097152,4,cpu-avx2,optimized,none,cpu-avx2-optimized,passed,559,30,30,1.745100,0.034650,1.729100,3.314900,1.9171,1.0192,true,true,cpu-comparator,18.6568,9.8070,19.6049,18.6249,18.7018,faster,false,,,,dense,n2097152
2097152,4,cuda,resident,none,cuda-resident,passed,7856,30,30,0.134900,0.018125,0.132650,0.153450,1.1568,1.0992,true,false,cpu-comparator,241.3495,211.8557,255.5511,240.3659,243.1238,faster,false,true,true,true,dense,n2097152
2097152,4,cuda,resident-graph,none,cuda-resident-graph,passed,12691,30,30,0.079800,0.000100,0.079800,0.079900,1.0013,1.0013,true,false,cpu-comparator,407.9956,406.8742,424.7976,407.3428,408.4145,faster,false,true,true,true,dense,n2097152
2097152,4,cuda,host-origin,pageable,cuda-host-origin,passed,599,30,30,1.664400,0.036950,1.639350,1.846200,1.1262,1.0331,true,false,cpu-comparator,19.5614,17.6087,20.6782,19.5275,19.6178,faster,false,true,true,true,dense,n2097152
2097152,4,cuda,host-origin,pinned,cuda-host-origin-pinned,passed,648,30,30,1.534200,0.033650,1.510550,1.555200,1.0296,1.0195,true,false,cpu-comparator,21.2215,20.9036,22.4414,21.1405,21.3287,faster,false,true,true,true,dense,n2097152
2097152,4,cpu,gpu-origin,pageable,cpu-gpu-origin,passed,30,30,30,33.857050,0.200875,33.796200,36.793200,1.0887,1.0213,true,false,cpu-comparator,0.9616,0.8836,1.0030,0.9605,0.9632,inconclusive,false,false,false,false,dense,n2097152
2097152,4,cuda,gpu-origin,pageable,cuda-gpu-origin,passed,2720,30,30,0.367000,0.025375,0.363700,0.424500,1.1672,1.0902,true,false,cpu-gpu-origin,92.2535,79.6141,101.1636,92.1123,92.5744,faster,false,true,true,true,dense,n2097152
2097152,4,cpu,gpu-origin,pinned,cpu-gpu-origin-pinned,passed,30,30,30,33.746600,0.091025,33.723200,34.108900,1.0114,1.0016,true,false,cpu-comparator,0.9648,0.9531,1.0052,0.9635,0.9659,inconclusive,false,false,false,false,dense,n2097152
2097152,4,cuda,gpu-origin,pinned,cuda-gpu-origin-pinned,passed,3200,30,30,0.304500,0.020025,0.285000,0.327450,1.1489,1.0658,true,false,cpu-gpu-origin-pinned,110.8263,102.9873,119.6804,110.3158,111.2552,faster,false,true,true,true,dense,n2097152
2097152,8,cpu,comparator,none,cpu-comparator,passed,31,30,30,33.143900,0.094500,33.121900,34.317550,1.0361,1.0142,true,false,,1.0000,1.0000,1.0000,1.0000,1.0000,comparator,false,,,,dense,n2097152
2097152,8,cpu-avx2,optimized,none,cpu-avx2-optimized,passed,582,30,30,1.650050,0.060950,1.607250,2.983700,1.8564,1.0606,true,true,cpu-comparator,20.0866,11.1009,21.3517,20.0695,20.2014,faster,false,,,,dense,n2097152
2097152,8,cuda,resident,none,cuda-resident,passed,7684,30,30,0.141900,0.010700,0.135700,0.153100,1.1282,1.0605,true,false,cpu-comparator,233.5722,216.3416,252.8928,232.3104,234.4297,faster,false,true,true,true,dense,n2097152
2097152,8,cuda,resident-graph,none,cuda-resident-graph,passed,11765,30,30,0.086000,0.000100,0.085000,0.086950,1.0229,1.0000,true,false,cpu-comparator,385.3942,380.9304,403.7359,385.2988,385.4706,faster,false,true,true,true,dense,n2097152
2097152,8,cuda,host-origin,pageable,cuda-host-origin,passed,547,30,30,1.833300,0.045350,1.789750,1.870250,1.0450,1.0304,true,false,cpu-comparator,18.0788,17.7099,19.1745,18.0071,18.1983,faster,false,true,true,true,dense,n2097152
2097152,8,cuda,host-origin,pinned,cuda-host-origin-pinned,passed,591,30,30,1.692600,0.032125,1.660800,1.729200,1.0412,1.0174,true,false,cpu-comparator,19.5816,19.1545,20.6633,19.5294,19.6549,faster,false,true,true,true,dense,n2097152
2097152,8,cpu,gpu-origin,pageable,cpu-gpu-origin,passed,30,30,30,34.441900,0.118100,34.413950,35.118400,1.0205,1.0106,true,false,cpu-comparator,0.9623,0.9431,0.9972,0.9623,0.9630,slower,false,true,true,true,dense,n2097152
2097152,8,cuda,gpu-origin,pageable,cuda-gpu-origin,passed,1842,30,30,0.544200,0.021175,0.523550,0.564350,1.0779,1.0251,true,false,cpu-gpu-origin,63.2890,60.9798,67.0775,63.1916,63.4261,faster,false,true,true,true,dense,n2097152
2097152,8,cpu,gpu-origin,pinned,cpu-gpu-origin-pinned,passed,30,30,30,34.357150,0.074775,34.341500,35.251550,1.0265,1.0011,true,false,cpu-comparator,0.9647,0.9396,0.9993,0.9645,0.9649,slower,false,true,true,true,dense,n2097152
2097152,8,cuda,gpu-origin,pinned,cuda-gpu-origin-pinned,passed,2057,30,30,0.482900,0.024925,0.469100,0.495350,1.0560,1.0247,true,false,cpu-gpu-origin-pinned,71.1475,69.3277,75.1472,70.9592,71.8385,faster,false,true,true,true,dense,n2097152
4194304,4,cpu,comparator,none,cpu-comparator,passed,16,30,30,65.119700,0.321200,65.027850,68.160000,1.0482,1.0115,true,false,,1.0000,1.0000,1.0000,1.0000,1.0000,comparator,false,,,,dense,n4194304
4194304,4,cpu-avx2,optimized,none,cpu-avx2-optimized,passed,285,30,30,3.537600,0.161150,3.480500,6.289800,1.8072,1.0284,true,true,cpu-comparator,18.4079,10.3386,19.5834,18.3023,18.5331,faster,false,,,,dense,n4194304
4194304,4,cuda,resident,none,cuda-resident,passed,5334,30,30,0.190000,0.005200,0.167500,0.221200,1.3206,1.1754,true,true,cpu-comparator,342.7353,293.9776,406.9254,341.5176,345.2379,faster,false,true,true,false,dense,n4194304
4194304,4,cuda,resident-graph,none,cuda-resident-graph,passed,7452,30,30,0.135200,0.002100,0.135100,0.138200,1.0229,1.0148,true,false,cpu-comparator,481.6546,470.5344,504.5152,479.8237,482.2335,faster,false,true,true,true,dense,n4194304
4194304,4,cuda,host-origin,pageable,cuda-host-origin,passed,325,30,30,3.079400,0.051400,3.052500,3.120600,1.0223,1.0156,true,false,cpu-comparator,21.1469,20.8383,22.3292,21.0889,21.2372,faster,false,true,true,true,dense,n4194304
4194304,4,cuda,host-origin,pinned,cuda-host-origin-pinned,passed,344,30,30,2.913000,0.038150,2.897650,2.941900,1.0153,1.0107,true,false,cpu-comparator,22.3549,22.1040,23.5225,22.2891,22.4102,faster,false,true,true,true,dense,n4194304
4194304,4,cpu,gpu-origin,pageable,cpu-gpu-origin,passed,15,30,30,67.623150,0.336275,67.486050,70.811450,1.0493,1.0083,true,false,cpu-comparator,0.9630,0.9183,1.0100,0.9619,0.9650,inconclusive,false,false,false,false,dense,n4194304
4194304,4,cuda,gpu-origin,pageable,cuda-gpu-origin,passed,1689,30,30,0.591300,0.030825,0.563100,0.636250,1.1299,1.0744,true,false,cpu-gpu-origin,114.3635,106.0684,125.7529,114.1115,115.3267,faster,false,true,true,true,dense,n4194304
4194304,4,cpu,gpu-origin,pinned,cpu-gpu-origin-pinned,passed,15,30,30,67.471450,0.210275,67.404750,67.621350,1.0032,1.0027,true,false,cpu-comparator,0.9651,0.9616,1.0112,0.9634,0.9668,inconclusive,false,false,false,false,dense,n4194304
4194304,4,cuda,gpu-origin,pinned,cuda-gpu-origin-pinned,passed,2036,30,30,0.506750,0.029600,0.484000,0.530050,1.0951,1.0577,true,false,cpu-gpu-origin-pinned,133.1454,127.1668,139.7135,131.9702,138.1781,faster,false,true,true,true,dense,n4194304
4194304,8,cpu,comparator,none,cpu-comparator,passed,16,30,30,65.948800,0.211950,65.909700,70.243400,1.0658,1.0042,true,false,,1.0000,1.0000,1.0000,1.0000,1.0000,comparator,false,,,,dense,n4194304
4194304,8,cpu-avx2,optimized,none,cpu-avx2-optimized,passed,296,30,30,3.345300,0.194075,3.302400,5.765400,1.7458,1.0248,true,true,cpu-comparator,19.7139,11.4319,21.2704,19.6790,19.8122,faster,false,,,,dense,n4194304
4194304,8,cuda,resident,none,cuda-resident,passed,5623,30,30,0.179700,0.002900,0.178800,0.211700,1.1840,1.0056,true,false,cpu-comparator,366.9939,311.3354,392.8602,366.8056,367.8180,faster,false,true,true,true,dense,n4194304
4194304,8,cuda,resident-graph,none,cuda-resident-graph,passed,6735,30,30,0.149500,0.002000,0.149500,0.155600,1.0408,1.0131,true,false,cpu-comparator,441.1291,423.5842,469.8555,440.9398,441.1923,faster,false,true,true,true,dense,n4194304
4194304,8,cuda,host-origin,pageable,cuda-host-origin,passed,294,30,30,3.400900,0.050325,3.358050,3.596050,1.0709,1.0193,true,false,cpu-comparator,19.3916,18.3284,20.9179,19.3753,19.4325,faster,false,true,true,true,dense,n4194304
4194304,8,cuda,host-origin,pinned,cuda-host-origin-pinned,passed,310,30,30,3.254300,0.045600,3.226250,3.274600,1.0150,1.0078,true,false,cpu-comparator,20.2651,20.1276,21.7725,20.2279,20.2963,faster,false,true,true,true,dense,n4194304
4194304,8,cpu,gpu-origin,pageable,cpu-gpu-origin,passed,15,30,30,68.410650,0.150375,68.366800,69.035100,1.0098,1.0020,true,false,cpu-comparator,0.9640,0.9547,1.0274,0.9637,0.9644,inconclusive,false,false,false,false,dense,n4194304
4194304,8,cuda,gpu-origin,pageable,cuda-gpu-origin,passed,1126,30,30,0.888600,0.012525,0.884100,0.927000,1.0485,1.0122,true,false,cpu-gpu-origin,76.9870,73.7506,78.0852,76.8457,77.1149,faster,false,true,true,true,dense,n4194304
4194304,8,cpu,gpu-origin,pinned,cpu-gpu-origin-pinned,passed,15,30,30,68.342250,0.195275,68.290950,68.579150,1.0042,1.0028,true,false,cpu-comparator,0.9650,0.9611,1.0286,0.9633,0.9654,inconclusive,false,false,false,false,dense,n4194304
4194304,8,cuda,gpu-origin,pinned,cuda-gpu-origin-pinned,passed,1224,30,30,0.809800,0.014175,0.807650,0.847650,1.0495,1.0064,true,false,cpu-gpu-origin-pinned,84.3940,80.5650,84.9120,84.3410,84.5386,faster,false,true,true,true,dense,n4194304
8388608,4,cpu,comparator,none,cpu-comparator,passed,10,30,30,130.394200,0.998650,130.115450,140.158000,1.0772,1.0122,true,false,,1.0000,1.0000,1.0000,1.0000,1.0000,comparator,false,,,,dense,n8388608
8388608,4,cpu-avx2,optimized,none,cpu-avx2-optimized,passed,128,30,30,7.897000,0.734225,7.487850,13.524650,1.8062,1.3244,false,true,cpu-comparator,16.5119,9.6206,18.7181,16.2434,16.8327,faster,false,,,,dense,n8388608
8388608,4,cuda,resident,none,cuda-resident,passed,2578,30,30,0.391700,0.000700,0.391200,0.392450,1.0032,1.0005,true,false,cpu-comparator,332.8930,331.5466,358.2771,332.5517,333.2099,faster,false,true,true,true,dense,n8388608
8388608,4,cuda,resident-graph,none,cuda-resident-graph,passed,2736,30,30,0.366600,0.001100,0.366600,0.370750,1.0113,1.0027,true,false,cpu-comparator,355.6852,350.9520,382.3186,354.9531,356.0238,faster,false,true,true,true,dense,n8388608
8388608,4,cuda,host-origin,pageable,cuda-host-origin,passed,167,30,30,5.994150,0.073650,5.974750,6.136800,1.0271,1.0089,true,false,cpu-comparator,21.7536,21.2025,23.4584,21.7184,21.7875,faster,false,true,true,true,dense,n8388608
8388608,4,cuda,host-origin,pinned,cuda-host-origin-pinned,passed,172,30,30,5.838200,0.056675,5.816250,5.853600,1.0064,1.0037,true,false,cpu-comparator,22.3347,22.2283,24.0977,22.3015,22.3530,faster,false,true,true,true,dense,n8388608
8388608,4,cpu,gpu-origin,pageable,cpu-gpu-origin,passed,10,30,30,135.172250,0.711750,134.945550,138.500000,1.0263,1.0078,true,false,cpu-comparator,0.9647,0.9395,1.0386,0.9633,0.9661,inconclusive,false,false,false,false,dense,n8388608
8388608,4,cuda,gpu-origin,pageable,cuda-gpu-origin,passed,906,30,30,1.099000,0.013425,1.093700,1.150750,1.0522,1.0169,true,false,cpu-gpu-origin,122.9957,117.2675,126.6344,122.7725,123.3249,faster,false,true,true,true,dense,n8388608
8388608,4,cpu,gpu-origin,pinned,cpu-gpu-origin-pinned,passed,10,30,30,135.016550,0.530275,134.843650,136.271700,1.0106,1.0030,true,false,cpu-comparator,0.9658,0.9548,1.0394,0.9643,0.9668,inconclusive,false,false,false,false,dense,n8388608
8388608,4,cuda,gpu-origin,pinned,cuda-gpu-origin-pinned,passed,981,30,30,1.024050,0.011500,1.016700,1.037850,1.0208,1.0125,true,false,cpu-gpu-origin-pinned,131.8457,129.9260,134.0333,131.7082,132.4141,faster,false,true,true,true,dense,n8388608
8388608,8,cpu,comparator,none,cpu-comparator,passed,10,30,30,131.554600,0.374725,131.398600,132.985950,1.0121,1.0021,true,false,,1.0000,1.0000,1.0000,1.0000,1.0000,comparator,false,,,,dense,n8388608
8388608,8,cpu-avx2,optimized,none,cpu-avx2-optimized,passed,126,30,30,8.034600,0.587725,7.820300,17.413350,2.2267,1.0891,true,true,cpu-comparator,16.3735,7.5459,17.0052,15.9566,16.4902,faster,false,,,,dense,n8388608
8388608,8,cuda,resident,none,cuda-resident,passed,2322,30,30,0.434700,0.002100,0.433750,0.443950,1.0235,1.0022,true,false,cpu-comparator,302.6331,295.9761,306.5959,302.4856,302.8832,faster,false,true,true,true,dense,n8388608
8388608,8,cuda,resident-graph,none,cuda-resident-graph,passed,2454,30,30,0.409600,0.001000,0.409500,0.420900,1.0278,1.0006,true,false,cpu-comparator,321.1782,312.1848,324.7520,321.0174,321.3428,faster,false,true,true,true,dense,n8388608
8388608,8,cuda,host-origin,pageable,cuda-host-origin,passed,151,30,30,6.642450,0.072950,6.605500,6.838650,1.0353,1.0094,true,false,cpu-comparator,19.8051,19.2141,20.1326,19.7630,19.8554,faster,false,true,true,true,dense,n8388608
8388608,8,cuda,host-origin,pinned,cuda-host-origin-pinned,passed,155,30,30,6.464250,0.065425,6.445450,6.530300,1.0132,1.0054,true,false,cpu-comparator,20.3511,20.1214,20.6325,20.3197,20.3625,faster,false,true,true,true,dense,n8388608
8388608,8,cpu,gpu-origin,pageable,cpu-gpu-origin,passed,10,30,30,136.401750,0.452825,136.232700,136.685950,1.0033,1.0024,true,false,cpu-comparator,0.9645,0.9613,0.9762,0.9636,0.9651,slower,false,true,true,true,dense,n8388608
8388608,8,cuda,gpu-origin,pageable,cuda-gpu-origin,passed,577,30,30,1.727800,0.021825,1.723000,1.902900,1.1044,1.0216,true,false,cpu-gpu-origin,78.9453,71.5921,79.3302,78.9423,79.0778,faster,false,true,true,true,dense,n8388608
8388608,8,cpu,gpu-origin,pinned,cpu-gpu-origin-pinned,passed,10,30,30,136.282900,0.360425,136.148450,136.508850,1.0026,1.0014,true,false,cpu-comparator,0.9653,0.9626,0.9768,0.9647,0.9658,slower,false,true,true,true,dense,n8388608
8388608,8,cuda,gpu-origin,pinned,cuda-gpu-origin-pinned,passed,606,30,30,1.655300,0.015600,1.645900,1.683200,1.0227,1.0113,true,false,cpu-gpu-origin-pinned,82.3312,80.8867,82.9387,82.2867,82.4053,faster,false,true,true,true,dense,n8388608
16777216,4,cpu,comparator,none,cpu-comparator,passed,10,30,30,260.454700,0.738100,260.219800,261.229050,1.0039,1.0024,true,false,,1.0000,1.0000,1.0000,1.0000,1.0000,comparator,false,,,,dense,n16777216
16777216,4,cpu-avx2,optimized,none,cpu-avx2-optimized,passed,56,30,30,17.675200,0.635975,17.015050,23.141600,1.3601,1.0403,true,true,cpu-comparator,14.7356,11.2447,15.3528,14.6739,14.8202,faster,false,,,,dense,n16777216
16777216,4,cuda,resident,none,cuda-resident,passed,1270,30,30,0.787100,0.002200,0.784900,0.793100,1.0104,1.0052,true,false,cpu-comparator,330.9042,328.1047,332.8183,330.6259,331.0890,faster,false,true,true,true,dense,n16777216
16777216,4,cuda,resident-graph,none,cuda-resident-graph,passed,1312,30,30,0.762300,0.001900,0.760800,0.767450,1.0087,1.0022,true,false,cpu-comparator,341.6696,339.0707,343.3610,341.4379,341.9975,faster,false,true,true,true,dense,n16777216
16777216,4,cuda,host-origin,pageable,cuda-host-origin,passed,85,30,30,11.818250,0.074800,11.746350,11.867000,1.0103,1.0071,true,false,cpu-comparator,22.0383,21.9280,22.2392,22.0114,22.0513,faster,false,true,true,true,dense,n16777216
16777216,4,cuda,host-origin,pinned,cuda-host-origin-pinned,passed,86,30,30,11.617900,0.071825,11.556200,11.648250,1.0080,1.0066,true,false,cpu-comparator,22.4184,22.3398,22.6051,22.3827,22.4195,faster,false,true,true,true,dense,n16777216
16777216,4,cpu,gpu-origin,pageable,cpu-gpu-origin,passed,10,30,30,270.415100,9.310250,269.842300,276.923200,1.0262,1.0195,true,false,cpu-comparator,0.9632,0.9397,0.9681,0.9611,0.9645,slower,false,true,true,true,dense,n16777216
16777216,4,cuda,gpu-origin,pageable,cuda-gpu-origin,passed,479,30,30,2.083100,0.021975,2.078600,2.312900,1.1127,1.0077,true,false,cpu-gpu-origin,129.8138,116.6684,133.2258,129.7577,130.2070,faster,false,true,true,true,dense,n16777216
16777216,4,cpu,gpu-origin,pinned,cpu-gpu-origin-pinned,passed,10,30,30,270.023400,9.156900,269.647750,275.299250,1.0210,1.0060,true,false,cpu-comparator,0.9646,0.9452,0.9688,0.9640,0.9654,slower,false,true,true,true,dense,n16777216
16777216,4,cuda,gpu-origin,pinned,cuda-gpu-origin-pinned,passed,498,30,30,2.010900,0.011175,2.000600,2.025000,1.0122,1.0048,true,false,cpu-gpu-origin-pinned,134.2799,133.1594,137.6083,134.1844,134.3790,faster,false,true,true,true,dense,n16777216
16777216,8,cpu,comparator,none,cpu-comparator,passed,10,30,30,262.483650,0.754975,262.143400,263.214250,1.0041,1.0025,true,false,,1.0000,1.0000,1.0000,1.0000,1.0000,comparator,false,,,,dense,n16777216
16777216,8,cpu-avx2,optimized,none,cpu-avx2-optimized,passed,40,30,30,18.430200,0.479000,17.812050,24.423250,1.3712,1.0423,true,true,cpu-comparator,14.2420,10.7334,14.7773,14.1803,14.2978,faster,false,,,,dense,n16777216
16777216,8,cuda,resident,none,cuda-resident,passed,1148,30,30,0.874450,0.002925,0.873000,0.895700,1.0260,1.0024,true,false,cpu-comparator,300.1700,292.6688,301.5054,299.9517,300.8036,faster,false,true,true,true,dense,n16777216
16777216,8,cuda,resident-graph,none,cuda-resident-graph,passed,1180,30,30,0.850900,0.002000,0.849900,0.868000,1.0213,1.0024,true,false,cpu-comparator,308.4777,302.0085,309.7003,308.3715,308.9432,faster,false,true,true,true,dense,n16777216
16777216,8,cuda,host-origin,pageable,cuda-host-origin,passed,77,30,30,13.083300,0.071525,13.010900,13.144800,1.0103,1.0069,true,false,cpu-comparator,20.0625,19.9427,20.2303,20.0408,20.0973,faster,false,true,true,true,dense,n16777216
16777216,8,cuda,host-origin,pinned,cuda-host-origin-pinned,passed,78,30,30,12.882400,0.072250,12.825800,12.914850,1.0069,1.0061,true,false,cpu-comparator,20.3754,20.2978,20.5222,20.3397,20.4304,faster,false,true,true,true,dense,n16777216
16777216,8,cpu,gpu-origin,pageable,cpu-gpu-origin,passed,10,30,30,272.404000,9.286725,271.742350,276.619750,1.0179,1.0043,true,false,cpu-comparator,0.9636,0.9477,0.9686,0.9630,0.9647,slower,false,true,true,true,dense,n16777216
16777216,8,cuda,gpu-origin,pageable,cuda-gpu-origin,passed,296,30,30,3.347500,0.029000,3.340450,3.874400,1.1598,1.0046,true,false,cpu-gpu-origin,81.3754,70.1379,82.8091,81.3018,81.4623,faster,false,true,true,true,dense,n16777216
16777216,8,cpu,gpu-origin,pinned,cpu-gpu-origin-pinned,passed,10,30,30,272.105500,9.185800,271.646100,277.541500,1.0217,1.0150,true,false,cpu-comparator,0.9646,0.9445,0.9690,0.9640,0.9657,slower,false,true,true,true,dense,n16777216
16777216,8,cuda,gpu-origin,pinned,cuda-gpu-origin-pinned,passed,307,30,30,3.273400,0.014525,3.262250,3.287250,1.0077,1.0029,true,false,cpu-gpu-origin-pinned,83.1263,82.6363,85.0767,83.0458,83.1782,faster,false,true,true,true,dense,n16777216
33554432,4,cpu,comparator,none,cpu-comparator,passed,10,30,30,521.143200,1.591875,520.726050,522.482900,1.0034,1.0027,true,false,,1.0000,1.0000,1.0000,1.0000,1.0000,comparator,false,,,,dense,n33554432
33554432,4,cpu-avx2,optimized,none,cpu-avx2-optimized,passed,22,30,30,37.553400,0.922975,36.741750,56.730950,1.5440,1.0698,true,true,cpu-comparator,13.8774,9.1789,14.2204,13.8492,13.9430,faster,false,,,,dense,n33554432
33554432,4,cuda,resident,none,cuda-resident,passed,650,30,30,1.538500,0.004000,1.536600,1.550800,1.0092,1.0020,true,false,cpu-comparator,338.7346,335.7790,340.0253,338.7617,339.1411,faster,false,true,true,true,dense,n33554432
33554432,4,cuda,resident-graph,none,cuda-resident-graph,passed,660,30,30,1.513800,0.003500,1.511450,1.516400,1.0033,1.0015,true,false,cpu-comparator,344.2616,343.3962,345.6832,344.0061,344.5928,faster,false,true,true,true,dense,n33554432
33554432,4,cuda,host-origin,pageable,cuda-host-origin,passed,43,30,30,23.352600,0.063750,23.262650,23.849100,1.0252,1.0063,true,false,cpu-comparator,22.3163,21.8342,22.4602,22.3060,22.3339,faster,false,true,true,true,dense,n33554432
33554432,4,cuda,host-origin,pinned,cuda-host-origin-pinned,passed,44,30,30,23.068200,0.071775,22.987200,23.099950,1.0049,1.0037,true,false,cpu-comparator,22.5914,22.5423,22.7293,22.5801,22.6184,faster,false,true,true,true,dense,n33554432
33554432,4,cpu,gpu-origin,pageable,cpu-gpu-origin,passed,10,30,30,596.045900,37.515900,595.697800,597.280550,1.0027,1.0011,true,false,cpu-comparator,0.8743,0.8718,0.8771,0.8739,0.8746,slower,false,true,true,true,dense,n33554432
33554432,4,cuda,gpu-origin,pageable,cuda-gpu-origin,passed,249,30,30,4.015050,0.057375,3.999950,5.433250,1.3583,1.0147,true,true,cpu-gpu-origin,148.4529,109.6393,149.3220,148.3476,148.5986,faster,false,true,true,false,dense,n33554432
33554432,4,cpu,gpu-origin,pinned,cpu-gpu-origin-pinned,passed,10,30,30,595.318850,38.045425,594.977450,596.011850,1.0017,1.0008,true,false,cpu-comparator,0.8754,0.8737,0.8782,0.8749,0.8756,slower,false,true,true,true,dense,n33554432
33554432,4,cuda,gpu-origin,pinned,cuda-gpu-origin-pinned,passed,255,30,30,3.938800,0.024425,3.926950,3.959300,1.0082,1.0060,true,false,cpu-gpu-origin-pinned,151.1422,150.2734,151.7747,151.0177,151.2706,faster,false,true,true,true,dense,n33554432
33554432,8,cpu,comparator,none,cpu-comparator,passed,10,30,30,523.983150,1.663325,523.419950,524.680450,1.0024,1.0018,true,false,,1.0000,1.0000,1.0000,1.0000,1.0000,comparator,false,,,,dense,n33554432
33554432,8,cpu-avx2,optimized,none,cpu-avx2-optimized,passed,21,30,30,39.044750,4.545875,38.284600,49.702250,1.2982,1.2144,true,true,cpu-comparator,13.4201,10.5311,13.7047,13.2563,13.5135,faster,false,,,,dense,n33554432
33554432,8,cuda,resident,none,cuda-resident,passed,603,30,30,1.661400,0.004100,1.659450,1.665450,1.0036,1.0024,true,false,cpu-comparator,315.3865,314.2814,316.1773,315.2848,315.6875,faster,false,true,true,true,dense,n33554432
33554432,8,cuda,resident-graph,none,cuda-resident-graph,passed,610,30,30,1.637200,0.004100,1.635250,1.638400,1.0019,1.0012,true,false,cpu-comparator,320.0483,319.4702,320.8564,319.9368,320.2220,faster,false,true,true,true,dense,n33554432
33554432,8,cuda,host-origin,pageable,cuda-host-origin,passed,39,30,30,25.815850,0.102750,25.727000,26.965500,1.0481,1.0051,true,false,cpu-comparator,20.2970,19.4107,20.3942,20.2905,20.3178,faster,false,true,true,true,dense,n33554432
33554432,8,cuda,host-origin,pinned,cuda-host-origin-pinned,passed,40,30,30,25.528350,0.064650,25.452750,25.585000,1.0052,1.0031,true,false,cpu-comparator,20.5255,20.4581,20.6139,20.5177,20.5459,faster,false,true,true,true,dense,n33554432
33554432,8,cpu,gpu-origin,pageable,cpu-gpu-origin,passed,10,30,30,598.747900,38.414400,543.257550,601.801900,1.1078,1.0016,true,false,cpu-comparator,0.8751,0.8698,0.9658,0.8746,0.8754,slower,false,true,true,true,dense,n33554432
33554432,8,cuda,gpu-origin,pageable,cuda-gpu-origin,passed,154,30,30,6.489200,0.088625,6.474350,8.027850,1.2399,1.0082,true,false,cpu-gpu-origin,92.2684,67.6716,92.9517,92.0188,92.3418,faster,false,true,true,true,dense,n33554432
33554432,8,cpu,gpu-origin,pinned,cpu-gpu-origin-pinned,passed,10,30,30,597.992250,38.101375,597.652750,598.769000,1.0019,1.0012,true,false,cpu-comparator,0.8762,0.8742,0.8779,0.8759,0.8765,slower,false,true,true,true,dense,n33554432
33554432,8,cuda,gpu-origin,pinned,cuda-gpu-origin-pinned,passed,156,30,30,6.413150,0.070475,6.398200,6.443300,1.0070,1.0035,true,false,cpu-gpu-origin-pinned,93.2447,92.7557,93.5840,93.1689,93.2616,faster,false,true,true,true,dense,n33554432
67108864,4,cpu,comparator,none,cpu-comparator,passed,10,30,30,1042.402700,3.669500,1041.190900,1044.508750,1.0032,1.0018,true,false,,1.0000,1.0000,1.0000,1.0000,1.0000,comparator,false,,,,dense,n67108864
67108864,4,cpu-avx2,optimized,none,cpu-avx2-optimized,passed,13,30,30,77.683600,1.550575,77.119500,84.496350,1.0957,1.0526,true,false,cpu-comparator,13.4186,12.3223,13.5440,13.3403,13.4620,faster,false,,,,dense,n67108864
67108864,4,cuda,resident,none,cuda-resident,passed,338,30,30,2.963350,0.014800,2.957800,2.980200,1.0076,1.0043,true,false,cpu-comparator,351.7650,349.3695,353.1370,351.5582,352.0891,faster,false,true,true,true,dense,n67108864
67108864,4,cuda,resident-graph,none,cuda-resident-graph,passed,342,30,30,2.937800,0.011000,2.934150,2.950200,1.0055,1.0026,true,false,cpu-comparator,354.8243,352.9221,355.9834,354.6343,355.0802,faster,false,true,true,true,dense,n67108864
67108864,4,cuda,host-origin,pageable,cuda-host-origin,passed,22,30,30,46.312750,0.140325,46.258450,47.916400,1.0358,1.0027,true,false,cpu-comparator,22.5079,21.7293,22.5798,22.4928,22.5247,faster,false,true,true,true,dense,n67108864
67108864,4,cuda,host-origin,pinned,cuda-host-origin-pinned,passed,22,30,30,45.847000,0.094825,45.786100,45.961650,1.0038,1.0016,true,false,cpu-comparator,22.7366,22.6535,22.8128,22.7225,22.7507,faster,false,true,true,true,dense,n67108864
67108864,4,cpu,gpu-origin,pageable,cpu-gpu-origin,passed,10,30,30,1142.615200,75.469150,1115.641800,1193.230600,1.0695,1.0658,true,false,cpu-comparator,0.9123,0.8726,0.9362,0.8780,0.9275,slower,false,true,true,true,dense,n67108864
67108864,4,cuda,gpu-origin,pageable,cuda-gpu-origin,passed,128,30,30,7.812800,0.112650,7.774200,8.718350,1.1214,1.0149,true,false,cpu-gpu-origin,146.2491,127.9648,153.4860,143.5547,151.7632,faster,false,true,true,true,dense,n67108864
67108864,4,cpu,gpu-origin,pinned,cpu-gpu-origin-pinned,passed,10,30,30,1116.330700,50.409075,1114.840150,1117.583800,1.0025,1.0020,true,false,cpu-comparator,0.9338,0.9316,0.9369,0.9331,0.9342,slower,false,true,true,true,dense,n67108864
67108864,4,cuda,gpu-origin,pinned,cuda-gpu-origin-pinned,passed,130,30,30,7.717500,0.083050,7.701600,7.758850,1.0074,1.0062,true,false,cpu-gpu-origin-pinned,144.6493,143.6863,145.1106,144.3008,144.5529,faster,false,true,true,true,dense,n67108864
67108864,8,cpu,comparator,none,cpu-comparator,passed,10,30,30,1046.247750,3.413100,1044.989500,1047.668000,1.0026,1.0021,true,false,,1.0000,1.0000,1.0000,1.0000,1.0000,comparator,false,,,,dense,n67108864
67108864,8,cpu-avx2,optimized,none,cpu-avx2-optimized,passed,12,30,30,80.471850,2.546825,79.632150,91.358100,1.1473,1.1196,true,false,cpu-comparator,13.0014,11.4384,13.1563,12.9759,13.0393,faster,false,,,,dense,n67108864
67108864,8,cuda,resident,none,cuda-resident,passed,312,30,30,3.214900,0.015200,3.210250,3.230350,1.0063,1.0036,true,false,cpu-comparator,325.4371,323.4911,326.3509,324.9315,325.6156,faster,false,true,true,true,dense,n67108864
67108864,8,cuda,resident-graph,none,cuda-resident-graph,passed,314,30,30,3.190100,0.009800,3.187150,3.200550,1.0042,1.0021,true,false,cpu-comparator,327.9671,326.5031,328.7163,327.8310,328.0812,faster,false,true,true,true,dense,n67108864
67108864,8,cuda,host-origin,pageable,cuda-host-origin,passed,20,30,30,51.263100,0.141800,51.197800,143.229900,2.7976,1.0026,true,true,cpu-comparator,20.4094,7.2959,20.4631,20.3989,20.4200,faster,false,true,true,false,dense,n67108864
67108864,8,cuda,host-origin,pinned,cuda-host-origin-pinned,passed,20,30,30,50.799300,0.086175,50.737500,50.862400,1.0025,1.0016,true,false,cpu-comparator,20.5957,20.5454,20.6488,20.5853,20.6007,faster,false,true,true,true,dense,n67108864
67108864,8,cpu,gpu-origin,pageable,cpu-gpu-origin,passed,10,30,30,1195.140600,76.191700,1119.453500,1198.178050,1.0703,1.0678,true,false,cpu-comparator,0.8754,0.8721,0.9359,0.8745,0.8869,slower,false,true,true,true,dense,n67108864
67108864,8,cuda,gpu-origin,pageable,cuda-gpu-origin,passed,79,30,30,12.815200,0.108475,12.729850,12.938150,1.0164,1.0093,true,false,cpu-gpu-origin,93.2596,86.5235,94.1235,91.5934,93.5787,faster,false,true,true,true,dense,n67108864
67108864,8,cpu,gpu-origin,pinned,cpu-gpu-origin-pinned,passed,10,30,30,1119.987300,35.006300,1118.587800,1169.748800,1.0457,1.0031,true,false,cpu-comparator,0.9342,0.8933,0.9366,0.9336,0.9346,slower,false,true,true,true,dense,n67108864
67108864,8,cuda,gpu-origin,pinned,cuda-gpu-origin-pinned,passed,80,30,30,12.702750,0.078875,12.644950,12.728750,1.0066,1.0059,true,false,cpu-gpu-origin-pinned,88.1689,87.8788,92.5072,88.0164,88.3048,faster,false,true,true,true,dense,n67108864
