process,position,count,bits,warmups,reps,samples_ms_median,k1_ms_median,k2_ms_median,k3_ms_median
0,0,131072,8,2363,30,0.19124999999999998,0.11454400049999999,0.011968,0.022896
0,1,4194304,4,2538,30,0.4148,0.2932160045,0.086384002,0.016319999
0,2,2048,4,8211,30,0.1211,0.06487999850000001,0.010848,0.009232
0,3,8388608,8,1228,30,0.77885,0.519344002,0.1668,0.078175999
0,4,262144,8,2088,30,0.18635000000000002,0.1208960005,0.011552,0.008048
0,5,32768,4,5804,30,0.38165000000000004,0.2446880045,0.041680001,0.041471998999999996
0,6,16777216,8,660,30,1.4621,0.9175679985,0.3291999995,0.192704007
0,7,67108864,4,204,30,4.9346499999999995,3.241024017,1.2952479719999999,0.3566080035
0,8,16777216,4,699,30,1.4031,0.9315039815,0.3293280005,0.102527998
0,9,1048576,8,2577,30,0.4252,0.29463998950000003,0.062352000000000005,0.010704
0,10,8388608,4,1320,30,0.8023,0.550175995,0.166976005,0.041343998
0,11,2097152,4,3755,30,0.2683,0.1990879995,0.0447040015,0.010592
0,12,33554432,4,391,30,2.6134500000000003,1.693151951,0.651216,0.206975996
0,13,4194304,8,2177,30,0.43674999999999997,0.257183999,0.110320002,0.028559999500000002
0,14,33554432,8,366,30,2.67455,1.6742720005,0.6509280205,0.329856008
0,15,2048,8,3405,30,0.1286,0.0672160015,0.010352,0.008656
0,16,524288,8,5390,30,0.20795,0.130127996,0.0202719995,0.007248
0,17,1048576,4,2415,30,0.2348,0.15998400000000002,0.024623999,0.0211200005
0,18,8192,8,6885,30,0.12445,0.075231999,0.009663999999999999,0.009007999999999999
0,19,1024,4,3429,30,0.11985000000000001,0.061504001,0.010544000000000001,0.009568
0,20,131072,4,2167,30,0.16085,0.1008480005,0.013168,0.0068000000000000005
0,21,16384,4,7305,30,0.18925,0.106479999,0.013680000000000001,0.01264
0,22,8192,4,6092,30,0.12974999999999998,0.0723519995,0.00976,0.00904
0,23,2097152,8,3895,30,0.30000000000000004,0.19409599900000002,0.044672001,0.016767999
0,24,4096,4,3018,30,0.1724,0.089536,0.013503999999999999,0.012
0,25,32768,8,2350,30,0.19285000000000002,0.118912,0.012672,0.013104000000000001
0,26,262144,4,2717,30,0.21100000000000002,0.142640002,0.017807999499999998,0.013600000000000001
0,27,65536,4,1651,30,0.3896,0.253135994,0.042495999,0.0411359985
0,28,65536,8,2601,30,0.16620000000000001,0.11047999950000001,0.010032,0.008927999999999998
0,29,16384,8,1879,30,0.1395,0.080912001,0.010079999999999999,0.009328
0,30,67108864,8,194,30,5.17955,3.24127996,1.295103967,0.610687971
0,31,1024,8,3618,30,0.11845,0.0576959995,0.009648,0.009632
0,32,4096,8,3179,30,0.11785000000000001,0.0683199985,0.01008,0.009072
0,33,524288,4,2392,30,0.3954,0.29376000150000003,0.042848,0.004416
1,0,4096,4,3018,30,0.1298,0.0692319985,0.011472,0.008752
1,1,8192,8,6885,30,0.13445000000000001,0.0741120015,0.011168,0.008591999999999999
1,2,67108864,4,204,30,4.921799999999999,3.2310880424999997,1.2940639855,0.356703997
1,3,16777216,4,699,30,1.3707,0.9168159965,0.33067199599999997,0.102303997
1,4,4194304,8,2177,30,0.48685,0.328175992,0.084735997,0.029007999
1,5,8192,4,6092,30,0.16820000000000002,0.09673599899999999,0.013295999999999999,0.012976
1,6,1024,4,3429,30,0.1159,0.057375999,0.010735999999999999,0.009008
1,7,1024,8,3618,30,0.11295,0.0593759995,0.009680000000000001,0.008656
1,8,2048,8,3405,30,0.12304999999999999,0.06558400049999999,0.010928,0.010352
1,9,262144,8,2088,30,0.16565,0.11446400000000001,0.009152,0.0054719999999999994
1,10,33554432,8,366,30,2.70805,1.693568051,0.651119977,0.329856008
1,11,2097152,4,3755,30,0.2811,0.211984001,0.0442400015,0.010624
1,12,16384,4,7305,30,0.14465,0.080320001,0.010128,0.008992
1,13,16777216,8,660,30,1.5211999999999999,0.9551679790000001,0.3272960035,0.192864001
1,14,65536,4,1651,30,0.41755,0.26257601399999997,0.0430399995,0.0410879995
1,15,262144,4,2717,30,0.16515000000000002,0.109696001,0.0092,0.007152
1,16,524288,8,5390,30,0.20634999999999998,0.131136,0.014976,0.011488000000000002
1,17,131072,4,2167,30,0.1614,0.1135520005,0.0161119995,0.00976
1,18,1048576,4,2415,30,0.2698,0.18556799699999998,0.0320960005,0.006848
1,19,4096,8,3179,30,0.1713,0.0866720005,0.013312,0.012064
1,20,131072,8,2363,30,0.20925,0.12969599650000002,0.015312,0.013664
1,21,2048,4,8211,30,0.12235,0.0666880015,0.010896,0.009712
1,22,8388608,4,1320,30,0.8118000000000001,0.5515840055,0.1691200065,0.042895999000000004
1,23,32768,4,5804,30,0.16675,0.091024,0.005312,0.0075840000000000005
1,24,1048576,8,2577,30,0.2405,0.160815999,0.024512,0.0361759995
1,25,16384,8,1879,30,0.1409,0.082704,0.010447999999999999,0.00736
1,26,33554432,4,391,30,2.54675,1.6705759765,0.651040018,0.206975996
1,27,67108864,8,194,30,5.168950000000001,3.2303999660000002,1.2941760420000001,0.6106719970000001
1,28,8388608,8,1228,30,0.8007,0.511311978,0.1701280025,0.078015998
1,29,4194304,4,2538,30,0.44830000000000003,0.320239991,0.084608003,0.016144
1,30,524288,4,2392,30,0.1968,0.131183997,0.018832,0.0057280000000000005
1,31,2097152,8,3895,30,0.29355,0.20859199750000001,0.0447359995,0.016720000999999998
1,32,65536,8,2601,30,0.16970000000000002,0.1037599965,0.010784,0.0133119995
1,33,32768,8,2350,30,0.16135,0.087935999,0.010943999999999999,0.010128
2,0,2097152,8,3895,30,0.28165,0.20622400200000002,0.0451840015,0.016352
2,1,4194304,8,2177,30,0.48475,0.328032002,0.08462399949999999,0.028255999
2,2,4096,8,3179,30,0.326,0.188271999,0.041231999000000005,0.041423999
2,3,1048576,4,2415,30,0.2094,0.1498080045,0.024544001,0.0068000000000000005
2,4,524288,4,2392,30,0.19305,0.12947200250000002,0.0170880005,0.005536
2,5,65536,4,1651,30,0.1708,0.09657600150000001,0.011456000000000001,0.005216
2,6,1024,4,3429,30,0.11455,0.059456,0.009616,0.008688
2,7,262144,4,2717,30,0.17575000000000002,0.10761599999999999,0.013871999999999999,0.006768
2,8,65536,8,2601,30,0.18009999999999998,0.1204480005,0.007039999999999999,0.009312
2,9,2097152,4,3755,30,0.28525,0.211152002,0.044463999500000004,0.009824
2,10,1024,8,3618,30,0.12335,0.0348800015,0.009856,0.006896
2,11,8388608,4,1320,30,0.7444,0.506576002,0.169008002,0.042720001
2,12,33554432,4,391,30,2.5353000000000003,1.646863997,0.650543988,0.20715200150000002
2,13,2048,4,8211,30,0.1279,0.06376000100000001,0.010112,0.009232
2,14,67108864,4,204,30,4.9297,3.2315680980000003,1.2945600155,0.356431991
2,15,32768,4,5804,30,0.14505,0.088544,0.007872,0.008208
2,16,8192,8,6885,30,0.13219999999999998,0.074128002,0.009904,0.009216
2,17,131072,8,2363,30,0.1739,0.1102560015,0.013568,0.008464
2,18,524288,8,5390,30,0.20450000000000002,0.12379200400000001,0.016767999,0.007504
2,19,2048,8,3405,30,0.1212,0.062031999,0.010783999999999998,0.00936
2,20,4096,4,3018,30,0.1274,0.0727679995,0.01,0.010016
2,21,16384,4,7305,30,0.15275,0.0806879995,0.011072,0.010464000000000001
2,22,33554432,8,366,30,2.69385,1.690288007,0.650480002,0.32996800550000005
2,23,8388608,8,1228,30,0.7884500000000001,0.528016001,0.169168003,0.077728003
2,24,131072,4,2167,30,0.4094,0.2562240065,0.04328,0.041552
2,25,4194304,4,2538,30,0.44975,0.3206560015,0.0844640025,0.016767999
2,26,16777216,8,660,30,1.485,0.9356159865,0.3283040075,0.192687996
2,27,67108864,8,194,30,5.1723,3.238191962,1.295840025,0.6104960145
2,28,16384,8,1879,30,0.14015,0.08055999850000001,0.010960000000000001,0.009248
2,29,16777216,4,699,30,1.4468,0.951407999,0.33785599450000003,0.102367997
2,30,32768,8,2350,30,0.1452,0.0890880005,0.010848,0.008048
2,31,8192,4,6092,30,0.13705,0.0754240005,0.010336,0.008912
2,32,1048576,8,2577,30,0.40275,0.2753279955,0.058112000999999996,0.010192
2,33,262144,8,2088,30,0.2254,0.156415999,0.018352,0.018736000000000003
3,0,8388608,8,1228,30,0.8405499999999999,0.5492640135,0.1694559975,0.077760004
3,1,2097152,4,3755,30,0.322,0.231199995,0.045216002,0.010735999999999999
3,2,16384,8,1879,30,0.14175,0.086688001,0.005216,0.004192
3,3,4096,8,3179,30,0.123,0.06748799999999999,0.009328,0.008752
3,4,33554432,4,391,30,2.5974000000000004,1.6940479875,0.650623977,0.2068800035
3,5,524288,8,5390,30,0.23535,0.154975995,0.014832,0.01256
3,6,32768,4,5804,30,0.1501,0.08831999800000001,0.011008,0.009728
3,7,1048576,4,2415,30,0.22685,0.1589440035,0.024367999,0.009455999999999999
3,8,524288,4,2392,30,0.1984,0.130383998,0.014943999999999999,0.005792
3,9,65536,8,2601,30,0.1631,0.09980800000000001,0.011168,0.008560000000000002
3,10,4096,4,3018,30,0.13695000000000002,0.07094400000000001,0.011312,0.009568
3,11,8192,8,6885,30,0.1335,0.076047998,0.009792,0.009664
3,12,1048576,8,2577,30,0.213,0.149551995,0.024639999,0.010352
3,13,2048,8,3405,30,0.12340000000000001,0.0651199965,0.010208,0.00912
3,14,262144,4,2717,30,0.17170000000000002,0.12447999800000001,0.015071999999999999,0.0072
3,15,8388608,4,1320,30,0.7261,0.48623999949999996,0.168752,0.042911999
3,16,16384,4,7305,30,0.14,0.080143999,0.01,0.006448000000000001
3,17,4194304,4,2538,30,0.4187,0.282752007,0.084703997,0.016736001
3,18,16777216,4,699,30,1.4336000000000002,0.9514240025,0.33011201,0.102527998
3,19,8192,4,6092,30,0.13765,0.086256001,0.0104,0.009856
3,20,131072,8,2363,30,0.1732,0.1159039995,0.011231999999999999,0.009167999999999999
3,21,65536,4,1651,30,0.16899999999999998,0.1092800015,0.012192,0.009904
3,22,67108864,4,204,30,4.9366,3.2364640235,1.2939360144999998,0.356656
3,23,32768,8,2350,30,0.14665,0.09851199799999999,0.012719999999999999,0.009328
3,24,2048,4,8211,30,0.11835,0.0646720005,0.009871999999999999,0.006144
3,25,16777216,8,660,30,1.4699499999999999,0.9160000085,0.33083200450000005,0.192624003
3,26,33554432,8,366,30,2.6638,1.6512799855,0.6509760025,0.32987199700000003
3,27,262144,8,2088,30,0.36124999999999996,0.23244799700000002,0.047295999,0.035504
3,28,1024,8,3618,30,0.2611,0.1285599995,0.04103999949999999,0.040736001
3,29,2097152,8,3895,30,0.30279999999999996,0.2137439995,0.044415999,0.01664
3,30,4194304,8,2177,30,0.4842,0.326143995,0.085216001,0.028960001
3,31,67108864,8,194,30,5.197649999999999,3.2292159795,1.3045279980000002,0.6105119885
3,32,1024,4,3429,30,0.14105,0.06561600050000001,0.014064,0.01304
3,33,131072,4,2167,30,0.1756,0.1126880015,0.008016,0.00712
4,0,8192,4,6092,30,0.14195,0.0765600015,0.010784,0.0050880000000000005
4,1,16777216,4,699,30,1.38025,0.929279983,0.329007998,0.102335997
4,2,2048,8,3405,30,0.12365,0.064096,0.010655999999999999,0.009552
4,3,8388608,8,1228,30,0.8123,0.5225920079999999,0.16984000049999998,0.077903997
4,4,16777216,8,660,30,1.46835,0.9262239935000001,0.329247996,0.19272000350000001
4,5,4194304,8,2177,30,0.4378,0.2573920045,0.1112159975,0.028527999
4,6,32768,8,2350,30,0.1508,0.1002239995,0.008256,0.009008
4,7,1024,8,3618,30,0.11935,0.0604480005,0.01056,0.00928
4,8,33554432,4,391,30,2.55035,1.6602559685,0.6512959895,0.206911996
4,9,33554432,8,366,30,2.683,1.671903968,0.650624007,0.330080003
4,10,131072,8,2363,30,0.1679,0.097135998,0.012016,0.009424
4,11,524288,4,2392,30,0.18705,0.12647999850000002,0.01504,0.009824
4,12,16384,4,7305,30,0.1469,0.084512003,0.010576,0.009584
4,13,65536,4,1651,30,0.17155,0.095263999,0.012336,0.005968
4,14,4096,4,3018,30,0.13529999999999998,0.07272000249999999,0.010544000000000001,0.008704
4,15,262144,4,2717,30,0.18225,0.1235999985,0.015056,0.006848
4,16,2097152,8,3895,30,0.27685000000000004,0.20078399800000002,0.044576000500000004,0.0166880005
4,17,16384,8,1879,30,0.16105,0.08438399799999999,0.0270720005,0.004368
4,18,262144,8,2088,30,0.1755,0.11352000000000001,0.015312,0.00728
4,19,8192,8,6885,30,0.2047,0.1185440015,0.014672000000000001,0.038448000499999996
4,20,1048576,4,2415,30,0.1993,0.1519680025,0.024495999999999997,0.007072
4,21,2048,4,8211,30,0.13624999999999998,0.065552,0.009951999999999999,0.009680000000000001
4,22,67108864,8,194,30,5.18175,3.2329759595,1.294640005,0.610495985
4,23,2097152,4,3755,30,0.27005,0.1995839995,0.0445920005,0.010608
4,24,524288,8,5390,30,0.19095,0.1222399995,0.019920001,0.007072
4,25,4096,8,3179,30,0.13685,0.071519997,0.011439999999999999,0.009600000000000001
4,26,65536,8,2601,30,0.16799999999999998,0.1035200025,0.011296,0.009472000000000001
4,27,1048576,8,2577,30,0.2491,0.165040001,0.032063998,0.01072
4,28,67108864,4,204,30,4.899900000000001,3.2111679315,1.2942879795,0.35672000049999997
4,29,4194304,4,2538,30,0.4,0.258560002,0.0874080025,0.016287999
4,30,131072,4,2167,30,0.18159999999999998,0.121824,0.011616,0.008576
4,31,1024,4,3429,30,0.11415,0.033519999999999994,0.010672000000000001,0.004
4,32,32768,4,5804,30,0.37745,0.2364479975,0.0418720005,0.041471999499999995
4,33,8388608,4,1320,30,0.7399,0.4895039945,0.1692800005,0.043039999999999995
5,0,16384,8,1879,30,0.14150000000000001,0.082287997,0.009728,0.004912
5,1,32768,8,2350,30,0.15350000000000003,0.0873279985,0.011248000000000001,0.010896
5,2,262144,4,2717,30,0.16925,0.1148959995,0.015248000000000001,0.007856
5,3,1048576,8,2577,30,0.23315,0.153392002,0.024623999,0.010384000000000001
5,4,65536,8,2601,30,0.1928,0.1167360025,0.0072,0.009376
5,5,33554432,8,366,30,2.68255,1.672848046,0.65150401,0.329856008
5,6,16777216,4,699,30,1.38125,0.918479979,0.33067199599999997,0.102511998
5,7,1024,8,3618,30,0.1436,0.058704,0.013248,0.012912
5,8,8192,4,6092,30,0.15589999999999998,0.075215999,0.009312,0.00904
5,9,4194304,8,2177,30,0.42395,0.29284799100000003,0.0864640025,0.02864
5,10,2048,4,8211,30,0.12165000000000001,0.0673439985,0.011376,0.009888000000000001
5,11,4194304,4,2538,30,0.39135,0.25039999150000003,0.110175997,0.016319999
5,12,524288,8,5390,30,0.2114,0.130736001,0.015248000000000001,0.0068000000000000005
5,13,2097152,8,3895,30,0.2995,0.2147520035,0.044720001499999995,0.016720000999999998
5,14,8388608,4,1320,30,0.74095,0.5165759919999999,0.169200003,0.042943999
5,15,524288,4,2392,30,0.19745000000000001,0.1290399955,0.013984,0.01456
5,16,4096,4,3018,30,0.1251,0.07185600349999999,0.007776,0.00712
5,17,1048576,4,2415,30,0.2396,0.167040005,0.0249920005,0.007664000000000001
5,18,65536,4,1651,30,0.3825,0.23436800400000002,0.0419839995,0.041407999
5,19,33554432,4,391,30,2.5961499999999997,1.6929599645,0.6509599985,0.206783995
5,20,1024,4,3429,30,0.27954999999999997,0.130224004,0.0419040005,0.040576
5,21,16384,4,7305,30,0.37134999999999996,0.23689600049999998,0.041936001,0.041568
5,22,131072,4,2167,30,0.17115,0.107632,0.008688000000000001,0.006496
5,23,67108864,8,194,30,5.1591000000000005,3.2292159795,1.2938719985,0.6106719970000001
5,24,8388608,8,1228,30,0.78085,0.5198880134999999,0.167232007,0.079104003
5,25,8192,8,6885,30,0.13515,0.07502400149999999,0.010544,0.009392000000000001
5,26,2048,8,3405,30,0.12229999999999999,0.06459200000000001,0.0112,0.00952
5,27,16777216,8,660,30,1.45645,0.896384001,0.329743996,0.19273600000000002
5,28,2097152,4,3755,30,0.26995,0.1995040025,0.045104001000000005,0.010176
5,29,262144,8,2088,30,0.17635,0.11505600099999999,0.013808,0.006607999999999999
5,30,67108864,4,204,30,4.9185,3.2182559965,1.294336021,0.356703997
5,31,4096,8,3179,30,0.133,0.070143998,0.011472,0.00968
5,32,32768,4,5804,30,0.15610000000000002,0.0944,0.010079999999999999,0.009136
5,33,131072,8,2363,30,0.21035,0.1446719985,0.013168,0.01176
6,0,16384,4,7305,30,0.14405,0.087327998,0.010976,0.009728
6,1,8388608,8,1228,30,0.7521,0.489823997,0.168799996,0.077760004
6,2,2097152,4,3755,30,0.278,0.2094239965,0.0454080015,0.010176
6,3,262144,8,2088,30,0.16485,0.118480001,0.010432,0.00648
6,4,2048,8,3405,30,0.12095,0.0633759985,0.009680000000000001,0.009024
6,5,8388608,4,1320,30,0.7145,0.489216,0.169072002,0.042879999
6,6,33554432,4,391,30,2.5749000000000004,1.6889599565,0.6511999964999999,0.206975996
6,7,524288,4,2392,30,0.17645,0.130911998,0.0159359995,0.005712
6,8,2097152,8,3895,30,0.32165,0.23017599449999998,0.0470720005,0.016848000000000002
6,9,8192,4,6092,30,0.1412,0.07430400000000001,0.00984,0.007056
6,10,16777216,8,660,30,1.5189,0.954895973,0.327167988,0.192895994
6,11,4096,8,3179,30,0.1377,0.0695040005,0.010288,0.009184
6,12,33554432,8,366,30,2.66635,1.6641280054999998,0.6510560215,0.329856008
6,13,4096,4,3018,30,0.13290000000000002,0.0712639985,0.010960000000000001,0.009632
6,14,4194304,8,2177,30,0.4204,0.2636639925,0.112576,0.028608
6,15,32768,8,2350,30,0.3432,0.211248003,0.0408959985,0.040415998499999994
6,16,1048576,4,2415,30,0.2313,0.151840001,0.0282079995,0.007072
6,17,32768,4,5804,30,0.16715000000000002,0.09345600000000001,0.005808,0.004432
6,18,16384,8,1879,30,0.1494,0.090032,0.010863999999999999,0.008736
6,19,65536,8,2601,30,0.17085,0.107984003,0.011392,0.010416
6,20,67108864,4,204,30,4.90215,3.2159360645,1.295472026,0.356559992
6,21,131072,4,2167,30,0.1726,0.1163519995,0.011632,0.005696
6,22,1048576,8,2577,30,0.2162,0.150303997,0.024495999999999997,0.010368
6,23,1024,4,3429,30,0.1126,0.059455999999999995,0.010239999999999999,0.009024
6,24,4194304,4,2538,30,0.44935,0.3207679985,0.08471999699999999,0.016767999
6,25,65536,4,1651,30,0.16505,0.0983039995,0.009104,0.008352
6,26,131072,8,2363,30,0.19545,0.129519999,0.012464,0.00672
6,27,1024,8,3618,30,0.11315,0.0609439985,0.011088,0.010192
6,28,8192,8,6885,30,0.1405,0.076960001,0.010672000000000001,0.007216
6,29,2048,4,8211,30,0.12235,0.063807998,0.010784,0.009408
6,30,16777216,4,699,30,1.4133499999999999,0.9533120095000001,0.327375993,0.102736
6,31,262144,4,2717,30,0.17845,0.120224003,0.0159040005,0.007039999999999999
6,32,524288,8,5390,30,0.22025,0.153312005,0.017264,0.011184
6,33,67108864,8,194,30,5.17415,3.2335200310000003,1.319936037,0.61027199
7,0,33554432,4,391,30,2.5999,1.6975359915000001,0.650143981,0.207200006
7,1,67108864,8,194,30,5.205349999999999,3.2507520915,1.295391977,0.6106080115
7,2,4194304,8,2177,30,0.4204,0.2931360005,0.085951999,0.028608
7,3,2097152,8,3895,30,0.28615,0.20982400350000002,0.044159999,0.015264
7,4,2048,4,8211,30,0.124,0.0667039975,0.011071999999999999,0.009680000000000001
7,5,131072,8,2363,30,0.1634,0.104927998,0.011696,0.008464
7,6,32768,4,5804,30,0.14500000000000002,0.091616001,0.009951999999999999,0.008176
7,7,8192,4,6092,30,0.1535,0.0806080025,0.010496,0.00944
7,8,262144,8,2088,30,0.17495,0.113968,0.009824,0.008848
7,9,8192,8,6885,30,0.1402,0.072751999,0.009792,0.004848
7,10,16384,8,1879,30,0.1311,0.07271999900000001,0.010512,0.008383999999999999
7,11,1048576,8,2577,30,0.21639999999999998,0.15051200199999998,0.024672,0.010128000000000002
7,12,8388608,4,1320,30,0.7328,0.489664003,0.16895999750000001,0.042752001
7,13,33554432,8,366,30,2.6848,1.6855840089999998,0.65100801,0.329856008
7,14,65536,4,1651,30,0.1643,0.105999999,0.006352,0.010128000000000002
7,15,1048576,4,2415,30,0.1982,0.1516159995,0.024416,0.007072
7,16,1024,8,3618,30,0.10645,0.058976,0.01032,0.008976
7,17,1024,4,3429,30,0.12275,0.039888,0.01,0.008784
7,18,2097152,4,3755,30,0.2815,0.2110399975,0.045871999,0.010159999999999999
7,19,524288,4,2392,30,0.22125,0.13172800099999998,0.016784,0.00848
7,20,16777216,8,660,30,1.4936,0.9299840035,0.33004799500000004,0.19265600300000002
7,21,67108864,4,204,30,4.90555,3.214624047,1.294271946,0.356736004
7,22,131072,4,2167,30,0.1768,0.108991999,0.012416,0.009007999999999999
7,23,524288,8,5390,30,0.23865,0.1555040035,0.014736,0.012223999999999999
7,24,2048,8,3405,30,0.11465,0.06764800100000001,0.009712,0.009328
7,25,32768,8,2350,30,0.1461,0.0883359985,0.010304,0.009007999999999999
7,26,262144,4,2717,30,0.16855,0.12384000049999999,0.009984,0.006496
7,27,4096,4,3018,30,0.12755,0.06811200049999999,0.010544,0.008624
7,28,8388608,8,1228,30,0.7848,0.523520023,0.166943997,0.079728
7,29,16384,4,7305,30,0.14395,0.08137599749999999,0.010128,0.009871999999999999
7,30,16777216,4,699,30,1.44055,0.9504320024999999,0.3455519975,0.102335997
7,31,65536,8,2601,30,0.16255,0.1039999985,0.011248000000000001,0.010224
7,32,4194304,4,2538,30,0.449,0.32076799850000004,0.084639996,0.016736001
7,33,4096,8,3179,30,0.1384,0.073295999,0.011728,0.0068
8,0,2097152,8,3895,30,0.3206,0.21519999950000002,0.044528,0.0160480005
8,1,4194304,4,2538,30,0.41405000000000003,0.292127997,0.085360002,0.0166880005
8,2,524288,4,2392,30,0.20635,0.12964799999999999,0.01464,0.005696
8,3,8388608,4,1320,30,0.80375,0.5504959819999999,0.1667999995,0.041343998
8,4,65536,8,2601,30,0.20285,0.122111998,0.011696,0.007488
8,5,8192,4,6092,30,0.14984999999999998,0.081232,0.010464000000000001,0.009984
8,6,32768,4,5804,30,0.1555,0.097551998,0.010768,0.00864
8,7,16384,4,7305,30,0.1819,0.10023999950000001,0.012144,0.024031999499999998
8,8,262144,8,2088,30,0.18655,0.1022239995,0.015344,0.006448000000000001
8,9,8388608,8,1228,30,0.80705,0.5251039865,0.170639999,0.077760004
8,10,65536,4,1651,30,0.1694,0.1041439995,0.011088,0.009087999999999999
8,11,8192,8,6885,30,0.14734999999999998,0.077296,0.01168,0.008719999999999999
8,12,131072,8,2363,30,0.1681,0.11299200000000001,0.011904,0.008064
8,13,16777216,4,699,30,1.3678,0.917311996,0.32969599949999995,0.102527998
8,14,131072,4,2167,30,0.2026,0.12505600249999999,0.011776,0.011968
8,15,262144,4,2717,30,0.165,0.111664001,0.009871999999999999,0.006112
8,16,4096,4,3018,30,0.119,0.0705280005,0.009616,0.004272
8,17,1024,4,3429,30,0.1235,0.061855999999999994,0.010943999999999999,0.009583999999999999
8,18,16777216,8,660,30,1.4996,0.9477599855,0.32974399649999997,0.192640007
8,19,2048,8,3405,30,0.1195,0.0643840025,0.009600000000000001,0.009232
8,20,1024,8,3618,30,0.11925,0.060160000000000005,0.011248000000000001,0.008816000000000001
8,21,67108864,8,194,30,5.1633,3.2305920125,1.2941280005000002,0.610687971
8,22,33554432,8,366,30,2.7138999999999998,1.6754559875,0.650959998,0.3298240005
8,23,1048576,4,2415,30,0.2667,0.172207996,0.031968001499999996,0.007152
8,24,2097152,4,3755,30,0.31894999999999996,0.22704000000000002,0.0453920015,0.010624
8,25,33554432,4,391,30,2.58515,1.694368005,0.6508159935,0.207008004
8,26,2048,4,8211,30,0.12195,0.06433599849999999,0.010224,0.0092
8,27,16384,8,1879,30,0.36655000000000004,0.208127998,0.0417440015,0.041088
8,28,67108864,4,204,30,4.91845,3.236752033,1.2938719989999998,0.356687993
8,29,1048576,8,2577,30,0.21305000000000002,0.15003199849999999,0.024448,0.01032
8,30,524288,8,5390,30,0.21350000000000002,0.1365600005,0.014655999999999999,0.007072
8,31,4194304,8,2177,30,0.42145,0.293983996,0.08659199949999999,0.028608
8,32,32768,8,2350,30,0.16949999999999998,0.09831999999999999,0.0173600005,0.00952
8,33,4096,8,3179,30,0.1378,0.07144,0.011312,0.004992
9,0,65536,4,1651,30,0.16705,0.09363200099999999,0.011552,0.0074719999999999995
9,1,1048576,8,2577,30,0.21539999999999998,0.15236800150000002,0.024592,0.01032
9,2,16384,4,7305,30,0.1442,0.0894399995,0.009808,0.009152
9,3,1024,8,3618,30,0.11674999999999999,0.0620639995,0.010256000000000001,0.009696
9,4,4194304,8,2177,30,0.4866,0.3275679945,0.0865759995,0.028608
9,5,262144,4,2717,30,0.1679,0.1116639975,0.01264,0.006912
9,6,2048,8,3405,30,0.1295,0.064752001,0.0108,0.009072
9,7,1024,4,3429,30,0.12730000000000002,0.035472000000000004,0.010272,0.008752
9,8,4096,4,3018,30,0.13785,0.0721759985,0.011104,0.00976
9,9,16777216,4,699,30,1.436,0.9500799775,0.330015987,0.102383997
9,10,67108864,4,204,30,4.9173,3.2166879175,1.296079993,0.356319994
9,11,2048,4,8211,30,0.11905,0.0632960015,0.010688,0.00872
9,12,1048576,4,2415,30,0.43345,0.29956799749999996,0.064448003,0.006912
9,13,8388608,4,1320,30,0.7371,0.49153599150000005,0.169535995,0.042752001
9,14,131072,8,2363,30,0.18159999999999998,0.11596799999999999,0.013024,0.006895999999999999
9,15,131072,4,2167,30,0.40554999999999997,0.253439993,0.0432639995,0.041359997999999995
9,16,16384,8,1879,30,0.16645,0.08889599849999999,0.008944,0.0186719995
9,17,2097152,8,3895,30,0.30005,0.22396799950000001,0.0447040015,0.016767999
9,18,67108864,8,194,30,5.1691,3.228800058,1.294111967,0.6106240155
9,19,32768,8,2350,30,0.1459,0.096864,0.011904000000000001,0.008448
9,20,33554432,4,391,30,2.6134500000000003,1.7086560130000001,0.650783986,0.206975996
9,21,524288,4,2392,30,0.17585,0.13193599849999998,0.014096000000000001,0.012336
9,22,262144,8,2088,30,0.1609,0.116751999,0.009648,0.005104
9,23,8192,8,6885,30,0.13674999999999998,0.0732479985,0.011328000000000001,0.009408
9,24,524288,8,5390,30,0.20079999999999998,0.132288001,0.0182400005,0.007216
9,25,4194304,4,2538,30,0.4195,0.2963199915,0.084703997,0.016752
9,26,33554432,8,366,30,2.7032,1.6935840249999998,0.6512160005,0.32987199700000003
9,27,65536,8,2601,30,0.15695,0.0881280005,0.01176,0.005584
9,28,16777216,8,660,30,1.4984000000000002,0.9457920195,0.32971200349999996,0.192671999
9,29,8192,4,6092,30,0.1563,0.0811679995,0.012784,0.010272
9,30,8388608,8,1228,30,0.7787,0.519711971,0.167040005,0.078175999
9,31,32768,4,5804,30,0.16015000000000001,0.0938559995,0.011392,0.00912
9,32,4096,8,3179,30,0.13355,0.0713759995,0.011248000000000001,0.009504
9,33,2097152,4,3755,30,0.28454999999999997,0.209184006,0.044399999,0.010592
10,0,4194304,4,2538,30,0.448,0.3199200035,0.0846719965,0.016752
10,1,67108864,4,204,30,4.9335,3.226752043,1.2954400185,0.356480002
10,2,16384,4,7305,30,0.17845,0.108015999,0.013568,0.00496
10,3,2048,8,3405,30,0.12924999999999998,0.0674239995,0.0112,0.0108
10,4,262144,8,2088,30,0.1708,0.119888,0.010928,0.008912
10,5,4096,4,3018,30,0.1248,0.068799999,0.010256000000000001,0.008688
10,6,2097152,4,3755,30,0.319,0.229008004,0.045759998,0.010688
10,7,65536,4,1651,30,0.1689,0.101200003,0.011488,0.008848
10,8,1024,4,3429,30,0.1122,0.033119999,0.009951999999999999,0.003568
10,9,524288,8,5390,30,0.1941,0.13292799900000002,0.0158880005,0.007008
10,10,262144,4,2717,30,0.14065,0.0908159985,0.014704,0.006624
10,11,33554432,8,366,30,2.69775,1.664144039,0.650671989,0.32987199700000003
10,12,8192,4,6092,30,0.1393,0.076928001,0.009712,0.008848
10,13,2048,4,8211,30,0.2711,0.13342399900000002,0.040608,0.0400319995
10,14,1048576,8,2577,30,0.2095,0.1497120035,0.024464,0.010368
10,15,131072,4,2167,30,0.1762,0.11654400100000001,0.011488,0.00856
10,16,16384,8,1879,30,0.1506,0.081983998,0.012816000000000001,0.009024
10,17,16777216,4,699,30,1.3892,0.9336160124999999,0.329007998,0.102351997
10,18,8388608,8,1228,30,0.8115,0.5243519845,0.170048006,0.077951998
10,19,8192,8,6885,30,0.15455,0.061232000499999995,0.005248,0.003312
10,20,32768,8,2350,30,0.15485,0.0906720015,0.009680000000000001,0.008591999999999999
10,21,4194304,8,2177,30,0.42110000000000003,0.2729440035,0.087200001,0.028592
10,22,524288,4,2392,30,0.19085,0.1179359965,0.01424,0.008704
10,23,4096,8,3179,30,0.13545000000000001,0.070704002,0.011056,0.009808
10,24,131072,8,2363,30,0.1711,0.1079999995,0.011792,0.007776
10,25,33554432,4,391,30,2.55645,1.6772000189999998,0.650608003,0.207008004
10,26,2097152,8,3895,30,0.29795,0.202431999,0.044496,0.016767999
10,27,32768,4,5804,30,0.14695,0.09215999799999999,0.00784,0.007552
10,28,16777216,8,660,30,1.4683,0.9212000069999999,0.32990399000000004,0.192640007
10,29,1024,8,3618,30,0.2158,0.1071679965,0.040415999,0.0400959995
10,30,67108864,8,194,30,5.1655,3.2389279605,1.294560015,0.6105760035
10,31,8388608,4,1320,30,0.8041,0.5511199835,0.16707199849999999,0.041359997999999995
10,32,1048576,4,2415,30,0.43089999999999995,0.2991840095,0.061888,0.00648
10,33,65536,8,2601,30,0.17420000000000002,0.1063679975,0.010912,0.008176
11,0,2048,8,3405,30,0.12625,0.0646240005,0.009824,0.009663999999999999
11,1,524288,8,5390,30,0.20935,0.1323039975,0.0148,0.007072
11,2,131072,8,2363,30,0.17895,0.11473599849999999,0.012112000000000001,0.010863999999999999
11,3,1048576,8,2577,30,0.21105,0.14918399599999999,0.024480000000000002,0.01032
11,4,32768,4,5804,30,0.16365,0.1014560015,0.010304,0.008591999999999999
11,5,16384,8,1879,30,0.14175,0.080943998,0.009856,0.007136
11,6,33554432,8,366,30,2.65895,1.6632320285,0.651360005,0.329887986
11,7,524288,4,2392,30,0.2143,0.1295839995,0.0162079995,0.006768
11,8,262144,8,2088,30,0.17675000000000002,0.11747199650000001,0.009712,0.005312
11,9,8192,8,6885,30,0.1368,0.07678399999999999,0.010848,0.009663999999999999
11,10,8192,4,6092,30,0.16625,0.0972799995,0.01264,0.011792
11,11,4194304,8,2177,30,0.48655000000000004,0.3293439895,0.084687997,0.029056
11,12,4194304,4,2538,30,0.43420000000000003,0.29545600699999996,0.0863200015,0.016287999
11,13,2097152,4,3755,30,0.2697,0.2022399975,0.04408,0.009824
11,14,67108864,4,204,30,4.917,3.2316639425,1.293568015,0.356736004
11,15,131072,4,2167,30,0.17659999999999998,0.107296001,0.011152,0.004928
11,16,262144,4,2717,30,0.17705,0.12353599800000001,0.010224,0.004448
11,17,2048,4,8211,30,0.1419,0.07431999950000001,0.012784,0.012256
11,18,67108864,8,194,30,5.17125,3.212640047,1.2958080170000001,0.6103520095
11,19,4096,8,3179,30,0.13745,0.071408,0.010336000000000001,0.010928
11,20,8388608,8,1228,30,0.7757000000000001,0.5078719855,0.16977599999999998,0.077919997
11,21,32768,8,2350,30,0.14825,0.087951999,0.010928,0.00928
11,22,16777216,4,699,30,1.36755,0.9226880075,0.327616006,0.102752
11,23,65536,8,2601,30,0.17215,0.1039519985,0.013248,0.009568
11,24,8388608,4,1320,30,0.7535000000000001,0.5280639825,0.167328,0.041343998
11,25,2097152,8,3895,30,0.3225,0.232271999,0.046239998,0.016864
11,26,1024,8,3618,30,0.1379,0.0770559985,0.013951999999999999,0.01232
11,27,16384,4,7305,30,0.13845000000000002,0.0788640005,0.010512,0.009424
11,28,33554432,4,391,30,2.54925,1.6615519525,0.651360005,0.20695999999999998
11,29,1048576,4,2415,30,0.23275,0.1604959965,0.024688,0.011408
11,30,65536,4,1651,30,0.38395,0.2449600025,0.041728001,0.0406720005
11,31,1024,4,3429,30,0.1184,0.059120001500000005,0.010128,0.008928
11,32,16777216,8,660,30,1.476,0.9322400095,0.328768,0.192640007
11,33,4096,4,3018,30,0.12880000000000003,0.0705280005,0.011328000000000001,0.009936
