count,bits,backend,boundary,correctness,warmup,reps,trials,median_ms,iqr_ms,trial_median_min_ms,trial_median_max_ms,spread_ratio,speedup_vs_c,speedup_low,speedup_high,verdict,boundary_inversion,unstable,claim_supported
1024,4,cpu,comparator,passed,43860,30,6,0.022500,0.000200,0.022400,0.022500,1.0045,1.0000,1.0000,1.0000,comparator,false,false,
1024,4,cuda,resident,passed,8262,30,6,0.126150,0.051200,0.100650,0.256450,2.5479,0.1784,0.0873,0.2235,slower,false,true,false
1024,4,cuda,host-origin,passed,1978,30,6,0.232600,0.277775,0.197850,0.498000,2.5171,0.0967,0.0450,0.1137,slower,false,true,false
1024,8,cpu,comparator,passed,46297,30,6,0.021400,0.000100,0.021400,0.021500,1.0047,1.0000,1.0000,1.0000,comparator,false,false,
1024,8,cuda,resident,passed,3603,30,6,0.117500,0.028025,0.103400,0.130650,1.2635,0.1821,0.1638,0.2079,slower,false,true,false
1024,8,cuda,host-origin,passed,4761,30,6,0.213950,0.035425,0.205850,0.267900,1.3014,0.1000,0.0799,0.1044,slower,false,true,false
2048,4,cpu,comparator,passed,21740,30,6,0.045500,0.000300,0.045500,0.045600,1.0022,1.0000,1.0000,1.0000,comparator,false,false,
2048,4,cuda,resident,passed,8337,30,6,0.141450,0.048000,0.120200,0.291100,2.4218,0.3217,0.1563,0.3794,slower,false,true,false
2048,4,cuda,host-origin,passed,1928,30,6,0.253100,0.119475,0.237000,0.523850,2.2103,0.1798,0.0869,0.1924,slower,false,true,false
2048,8,cpu,comparator,passed,22884,30,6,0.043400,0.000300,0.043300,0.043500,1.0046,1.0000,1.0000,1.0000,comparator,false,false,
2048,8,cuda,resident,passed,8251,30,6,0.130450,0.041475,0.120750,0.301600,2.4977,0.3327,0.1436,0.3602,slower,false,true,false
2048,8,cuda,host-origin,passed,4600,30,6,0.242050,0.045075,0.214700,0.496450,2.3123,0.1793,0.0872,0.2026,slower,false,true,false
4096,4,cpu,comparator,passed,10929,30,6,0.091000,0.000400,0.090850,0.091200,1.0039,1.0000,1.0000,1.0000,comparator,false,false,
4096,4,cuda,resident,passed,8418,30,6,0.130000,0.031450,0.120850,0.158500,1.3115,0.7000,0.5732,0.7547,slower,false,true,false
4096,4,cuda,host-origin,passed,1900,30,6,0.251750,0.050100,0.233300,0.536750,2.3007,0.3615,0.1693,0.3909,slower,false,true,false
4096,8,cpu,comparator,passed,10829,30,6,0.091500,0.000800,0.091200,0.114750,1.2582,1.0000,1.0000,1.0000,comparator,false,true,
4096,8,cuda,resident,passed,3034,30,6,0.131050,0.041700,0.108650,0.294850,2.7138,0.6982,0.3093,1.0561,inconclusive,false,true,false
4096,8,cuda,host-origin,passed,1962,30,6,0.259150,0.251250,0.219350,0.512200,2.3351,0.3531,0.1781,0.5231,slower,false,true,false
8192,4,cpu,comparator,passed,5404,30,6,0.185000,0.001000,0.184600,0.266950,1.4461,1.0000,1.0000,1.0000,comparator,false,true,
8192,4,cuda,resident,passed,2974,30,6,0.141050,0.031425,0.131000,0.146050,1.1149,1.3116,1.2640,2.0378,faster,false,false,false
8192,4,cuda,host-origin,passed,1799,30,6,0.245500,0.043975,0.226000,0.542150,2.3989,0.7536,0.3405,1.1812,inconclusive,false,true,false
8192,8,cpu,comparator,passed,5182,30,6,0.193200,0.001925,0.192900,0.195850,1.0153,1.0000,1.0000,1.0000,comparator,false,false,
8192,8,cuda,resident,passed,6448,30,6,0.140000,0.032650,0.135100,0.367100,2.7172,1.3800,0.5255,1.4497,inconclusive,false,true,false
8192,8,cuda,host-origin,passed,4055,30,6,0.266100,0.087200,0.223550,0.511650,2.2887,0.7260,0.3770,0.8761,slower,false,true,false
16384,4,cpu,comparator,passed,2674,30,6,0.372500,0.001300,0.372300,0.372550,1.0007,1.0000,1.0000,1.0000,comparator,false,false,
16384,4,cuda,resident,passed,7016,30,6,0.137850,0.026250,0.134900,0.144950,1.0745,2.7022,2.5685,2.7617,faster,false,false,true
16384,4,cuda,host-origin,passed,4414,30,6,0.233450,0.076200,0.204000,0.287700,1.4103,1.5956,1.2941,1.8262,faster,false,true,false
16384,8,cpu,comparator,passed,2506,30,6,0.399900,0.010250,0.399200,0.511700,1.2818,1.0000,1.0000,1.0000,comparator,false,true,
16384,8,cuda,resident,passed,6654,30,6,0.168700,0.193050,0.139550,0.350500,2.5116,2.3705,1.1389,3.6668,faster,false,true,false
16384,8,cuda,host-origin,passed,4117,30,6,0.239700,0.033500,0.225850,0.294050,1.3020,1.6683,1.3576,2.2657,faster,false,true,false
32768,4,cpu,comparator,passed,1337,30,6,0.748750,0.003100,0.747800,0.751350,1.0047,1.0000,1.0000,1.0000,comparator,false,false,
32768,4,cuda,resident,passed,6950,30,6,0.154750,0.050075,0.139050,0.347800,2.5013,4.8384,2.1501,5.4035,faster,false,true,false
32768,4,cuda,host-origin,passed,3438,30,6,0.284650,0.050725,0.256850,0.362950,1.4131,2.6304,2.0603,2.9252,faster,false,true,false
32768,8,cpu,comparator,passed,1232,30,6,0.815100,0.047200,0.811100,1.042750,1.2856,1.0000,1.0000,1.0000,comparator,false,true,
32768,8,cuda,resident,passed,2721,30,6,0.151600,0.028750,0.142500,0.190600,1.3375,5.3766,4.2555,7.3175,faster,false,true,false
32768,8,cuda,host-origin,passed,1737,30,6,0.300450,0.051475,0.273000,0.320800,1.1751,2.7129,2.5284,3.8196,faster,false,false,false
65536,4,cpu,comparator,passed,663,30,6,1.497500,0.008250,1.495850,1.501700,1.0039,1.0000,1.0000,1.0000,comparator,false,false,
65536,4,cuda,resident,passed,4877,30,6,0.179500,0.043100,0.158350,0.202350,1.2779,8.3426,7.3924,9.4834,faster,false,true,false
65536,4,cuda,host-origin,passed,1878,30,6,0.338850,0.058750,0.301550,0.482000,1.5984,4.4194,3.1034,4.9799,faster,false,true,false
65536,8,cpu,comparator,passed,622,30,6,1.609800,0.012250,1.607950,1.621000,1.0081,1.0000,1.0000,1.0000,comparator,false,false,
65536,8,cuda,resident,passed,6330,30,6,0.165950,0.038850,0.158550,0.211600,1.3346,9.7005,7.5990,10.2239,faster,false,true,false
65536,8,cuda,host-origin,passed,3134,30,6,0.366700,0.205900,0.308300,0.546100,1.7713,4.3900,2.9444,5.2579,faster,false,true,false
131072,4,cpu,comparator,passed,334,30,6,3.003800,0.076925,2.994600,3.071500,1.0257,1.0000,1.0000,1.0000,comparator,false,false,
131072,4,cuda,resident,passed,2394,30,6,0.172550,0.046475,0.160450,0.207100,1.2907,17.4083,14.4597,19.1430,faster,false,true,false
131072,4,cuda,host-origin,passed,1948,30,6,0.391800,0.051625,0.373100,0.427150,1.1449,7.6667,7.0107,8.2324,faster,false,false,true
131072,8,cpu,comparator,passed,318,30,6,3.149400,0.018075,3.142000,3.156700,1.0047,1.0000,1.0000,1.0000,comparator,false,false,
131072,8,cuda,resident,passed,5820,30,6,0.168700,0.035125,0.153400,0.194200,1.2660,18.6686,16.1792,20.5782,faster,false,true,false
131072,8,cuda,host-origin,passed,2539,30,6,0.407950,0.053125,0.334850,0.429100,1.2815,7.7201,7.3223,9.4272,faster,false,true,false
262144,4,cpu,comparator,passed,167,30,6,5.994800,0.076475,5.989500,6.026150,1.0061,1.0000,1.0000,1.0000,comparator,false,false,
262144,4,cuda,resident,passed,5167,30,6,0.183750,0.048600,0.164700,0.226850,1.3774,32.6248,26.4029,36.5886,faster,false,true,false
262144,4,cuda,host-origin,passed,1850,30,6,0.514500,0.051675,0.470150,0.539400,1.1473,11.6517,11.1040,12.8175,faster,false,false,true
262144,8,cpu,comparator,passed,162,30,6,6.204950,0.096400,6.189300,6.260450,1.0115,1.0000,1.0000,1.0000,comparator,false,false,
262144,8,cuda,resident,passed,2226,30,6,0.187050,0.054725,0.163850,0.430900,2.6298,33.1727,14.3637,38.2084,faster,false,true,false
262144,8,cuda,host-origin,passed,1566,30,6,0.544350,0.100700,0.491000,0.654500,1.3330,11.3988,9.4565,12.7504,faster,false,true,false
524288,4,cpu,comparator,passed,83,30,6,12.145700,0.271850,12.028550,12.298200,1.0224,1.0000,1.0000,1.0000,comparator,false,false,
524288,4,cuda,resident,passed,2373,30,6,0.196350,0.074850,0.167800,0.373150,2.2238,61.8574,32.2352,73.2908,faster,false,true,false
524288,4,cuda,host-origin,passed,1488,30,6,0.755150,0.106300,0.664500,0.800150,1.2041,16.0838,15.0329,18.5074,faster,false,false,true
524288,8,cpu,comparator,passed,81,30,6,12.293250,0.248125,12.244100,12.525050,1.0229,1.0000,1.0000,1.0000,comparator,false,false,
524288,8,cuda,resident,passed,4587,30,6,0.201250,0.047825,0.189800,0.207200,1.0917,61.0845,59.0931,65.9908,faster,false,false,true
524288,8,cuda,host-origin,passed,1180,30,6,0.720400,0.063025,0.696600,0.807150,1.1587,17.0645,15.1695,17.9803,faster,false,false,true
1048576,4,cpu,comparator,passed,42,30,6,24.077500,0.441550,23.972650,25.767000,1.0748,1.0000,1.0000,1.0000,comparator,false,false,
1048576,4,cuda,resident,passed,5069,30,6,0.195200,0.023825,0.193150,0.248050,1.2842,123.3478,96.6444,133.4041,faster,false,true,false
1048576,4,cuda,host-origin,passed,880,30,6,1.060800,0.081450,1.012200,1.228100,1.2133,22.6975,19.5201,25.4564,faster,false,false,true
1048576,8,cpu,comparator,passed,42,30,6,24.401550,0.253125,24.345950,24.536650,1.0078,1.0000,1.0000,1.0000,comparator,false,false,
1048576,8,cuda,resident,passed,4882,30,6,0.212600,0.023950,0.200450,0.245250,1.2235,114.7768,99.2699,122.4078,faster,false,false,true
1048576,8,cuda,host-origin,passed,789,30,6,1.148250,0.087700,1.125100,1.220000,1.0843,21.2511,19.9557,21.8084,faster,false,false,true
2097152,4,cpu,comparator,passed,21,30,6,48.243650,0.453650,48.134850,48.478750,1.0071,1.0000,1.0000,1.0000,comparator,false,false,
2097152,4,cuda,resident,passed,3999,30,6,0.264800,0.005350,0.262700,0.268700,1.0228,182.1890,179.1397,184.5404,faster,false,false,true
2097152,4,cuda,host-origin,passed,554,30,6,1.806150,0.109900,1.794650,1.912350,1.0656,26.7108,25.1705,27.0129,faster,false,false,true
2097152,8,cpu,comparator,passed,21,30,6,48.761450,0.562000,48.587850,49.147450,1.0115,1.0000,1.0000,1.0000,comparator,false,false,
2097152,8,cuda,resident,passed,3866,30,6,0.301700,0.022650,0.297600,0.322300,1.0830,161.6223,150.7535,165.1460,faster,false,false,true
2097152,8,cuda,host-origin,passed,447,30,6,2.035150,0.134325,1.950350,2.114750,1.0843,23.9596,22.9757,25.1993,faster,false,false,true
4194304,4,cpu,comparator,passed,11,30,6,96.691150,1.073200,96.323850,97.399050,1.0112,1.0000,1.0000,1.0000,comparator,false,false,
4194304,4,cuda,resident,passed,2596,30,6,0.426000,0.029000,0.409150,0.440450,1.0765,226.9745,218.6942,238.0522,faster,false,false,true
4194304,4,cuda,host-origin,passed,294,30,6,3.299750,0.038425,3.282900,3.423600,1.0429,29.3026,28.1353,29.6686,faster,false,false,true
4194304,8,cpu,comparator,passed,11,30,6,97.446450,1.280425,97.170450,97.877500,1.0073,1.0000,1.0000,1.0000,comparator,false,false,
4194304,8,cuda,resident,passed,2210,30,6,0.414150,0.011875,0.409150,0.431650,1.0550,235.2926,225.1140,239.2216,faster,false,false,true
4194304,8,cuda,host-origin,passed,269,30,6,3.609800,0.045300,3.591200,3.635450,1.0123,26.9950,26.7286,27.2548,faster,false,false,true
8388608,4,cpu,comparator,passed,10,30,6,195.850650,3.776375,195.376800,197.355300,1.0101,1.0000,1.0000,1.0000,comparator,false,false,
8388608,4,cuda,resident,passed,1365,30,6,0.783650,0.050425,0.751800,0.809000,1.0761,249.9211,241.5041,262.5104,faster,false,false,true
8388608,4,cuda,host-origin,passed,157,30,6,6.427900,0.266500,6.357100,6.641650,1.0448,30.4688,29.4169,31.0449,faster,false,false,true
8388608,8,cpu,comparator,passed,10,30,6,195.942000,3.028450,195.017900,196.740500,1.0088,1.0000,1.0000,1.0000,comparator,false,false,
8388608,8,cuda,resident,passed,1292,30,6,0.796300,0.017750,0.795050,0.812550,1.0220,246.0656,240.0073,247.4568,faster,false,false,true
8388608,8,cuda,host-origin,passed,143,30,6,7.037250,0.138050,6.950000,7.094050,1.0207,27.8435,27.4903,28.3080,faster,false,false,true
16777216,4,cpu,comparator,passed,10,30,6,392.088300,10.262025,388.749100,400.730350,1.0308,1.0000,1.0000,1.0000,comparator,false,false,
16777216,4,cuda,resident,passed,697,30,6,1.379000,0.061775,1.362050,1.604250,1.1778,284.3280,242.3245,294.2112,faster,false,false,true
16777216,4,cuda,host-origin,passed,82,30,6,12.438100,0.259200,12.334850,14.076750,1.1412,31.5232,27.6164,32.4877,faster,false,false,true
16777216,8,cpu,comparator,passed,10,30,6,393.701750,6.560650,391.303850,395.715900,1.0113,1.0000,1.0000,1.0000,comparator,false,false,
16777216,8,cuda,resident,passed,672,30,6,1.483150,0.058275,1.467100,1.529550,1.0426,265.4497,255.8294,269.7266,faster,false,false,true
16777216,8,cuda,host-origin,passed,73,30,6,13.748300,0.244925,13.706250,13.914350,1.0152,28.6364,28.1223,28.8712,faster,false,false,true
33554432,4,cpu,comparator,passed,10,30,6,788.110000,28.591125,784.612550,854.638850,1.0892,1.0000,1.0000,1.0000,comparator,false,false,
33554432,4,cuda,resident,passed,391,30,6,2.571950,0.171250,2.551400,2.783150,1.0908,306.4251,281.9153,334.9686,faster,false,false,true
33554432,4,cuda,host-origin,passed,41,30,6,24.485050,0.298250,24.437250,24.596500,1.0065,32.1874,31.8994,34.9728,faster,false,false,true
33554432,8,cpu,comparator,passed,10,30,6,781.328000,9.478025,776.947750,791.511500,1.0187,1.0000,1.0000,1.0000,comparator,false,false,
33554432,8,cuda,resident,passed,371,30,6,2.686100,0.045250,2.651250,2.729650,1.0296,290.8782,284.6327,298.5428,faster,false,false,true
33554432,8,cuda,host-origin,passed,38,30,6,26.923300,0.394625,26.810350,27.336650,1.0196,29.0205,28.4215,29.5226,faster,false,false,true
67108864,4,cpu,comparator,passed,10,30,6,1572.598450,36.411475,1553.556000,1593.814750,1.0259,1.0000,1.0000,1.0000,comparator,false,false,
67108864,4,cuda,resident,passed,206,30,6,4.901400,0.212225,4.882400,4.935050,1.0108,320.8468,314.8005,326.4408,faster,false,false,true
67108864,4,cuda,host-origin,passed,21,30,6,48.427600,0.449300,48.222000,48.728000,1.0105,32.4732,31.8822,33.0516,faster,false,false,true
67108864,8,cpu,comparator,passed,10,30,6,1577.114550,26.597350,1562.537050,1593.000900,1.0195,1.0000,1.0000,1.0000,comparator,false,false,
67108864,8,cuda,resident,passed,195,30,6,5.152850,0.092025,5.135550,5.200750,1.0127,306.0665,300.4446,310.1909,faster,false,false,true
67108864,8,cuda,host-origin,passed,19,30,6,53.414500,0.492275,53.151350,53.741200,1.0111,29.5260,29.0752,29.9710,faster,false,false,true
