2026/09/26 12:51:48.010, P5, 2392, 810, 15.77, 0, 0x0000000000000000
2026/09/26 12:51:48.076, P5, 2392, 810, 15.77, 0, 0x0000000000000000
2026/09/26 12:51:48.141, P5, 2392, 810, 15.77, 0, 0x0000000000000000
2026/09/26 12:51:48.194, P5, 2392, 810, 15.77, 0, 0x0000000000000000
2026/09/26 12:51:48.259, P5, 2392, 810, 15.77, 0, 0x0000000000000000
2026/09/26 12:51:48.311, P5, 2392, 810, 15.77, 0, 0x0000000000000000
2026/09/26 12:51:48.376, P0, 2392, 14201, 16.88, 18, 0x0000000000000000
2026/09/26 12:51:48.426, P0, 2392, 14201, 16.88, 18, 0x0000000000000000
2026/09/26 12:51:48.477, P0, 2392, 14201, 16.88, 18, 0x0000000000000000
2026/09/26 12:51:48.528, P0, 2392, 14201, 16.88, 18, 0x0000000000000000
2026/09/26 12:51:48.593, P0, 2392, 14201, 16.88, 18, 0x0000000000000000
2026/09/26 12:51:48.660, P0, 2392, 14201, 16.88, 18, 0x0000000000000000
2026/09/26 12:51:48.711, P0, 2392, 14201, 16.88, 18, 0x0000000000000000
2026/09/26 12:51:48.778, P0, 2392, 14201, 16.88, 18, 0x0000000000000000
2026/09/26 12:51:48.828, P0, 2392, 14201, 21.80, 19, 0x0000000000000000
2026/09/26 12:51:48.878, P0, 2392, 14201, 21.80, 19, 0x0000000000000000
2026/09/26 12:51:48.943, P0, 2392, 14201, 21.80, 19, 0x0000000000000000
2026/09/26 12:51:48.994, P0, 2392, 14201, 21.80, 19, 0x0000000000000000
2026/09/26 12:51:49.060, P0, 2392, 14201, 21.80, 19, 0x0000000000000000
2026/09/26 12:51:49.112, P0, 2392, 14201, 21.80, 19, 0x0000000000000000
2026/09/26 12:51:49.176, P0, 2392, 14201, 21.80, 19, 0x0000000000000000
2026/09/26 12:51:49.238, P0, 2392, 14201, 21.80, 19, 0x0000000000000000
2026/09/26 12:51:49.302, P0, 2392, 14201, 21.80, 19, 0x0000000000000000
2026/09/26 12:51:49.365, P1, 2392, 14201, 26.80, 18, 0x0000000000000000
2026/09/26 12:51:49.429, P1, 2392, 14201, 26.80, 18, 0x0000000000000000
2026/09/26 12:51:49.492, P1, 2392, 14201, 26.80, 18, 0x0000000000000000
2026/09/26 12:51:49.545, P1, 2392, 14201, 26.80, 18, 0x0000000000000000
2026/09/26 12:51:49.596, P1, 2392, 14201, 26.80, 18, 0x0000000000000000
2026/09/26 12:51:49.661, P1, 2392, 14201, 26.80, 18, 0x0000000000000000
2026/09/26 12:51:49.726, P1, 2392, 14201, 26.80, 18, 0x0000000000000000
2026/09/26 12:51:49.789, P1, 2392, 14201, 26.80, 18, 0x0000000000000000
2026/09/26 12:51:49.853, P0, 2392, 14001, 26.88, 3, 0x0000000000000000
2026/09/26 12:51:49.916, P0, 2392, 14001, 26.88, 3, 0x0000000000000000
2026/09/26 12:51:49.979, P0, 2392, 14001, 26.88, 3, 0x0000000000000000
2026/09/26 12:51:50.029, P0, 2392, 14001, 26.88, 3, 0x0000000000000000
2026/09/26 12:51:50.095, P0, 2392, 14001, 26.88, 3, 0x0000000000000000
2026/09/26 12:51:50.146, P0, 2392, 14001, 26.88, 3, 0x0000000000000000
2026/09/26 12:51:50.196, P0, 2392, 14001, 26.88, 3, 0x0000000000000000
2026/09/26 12:51:50.262, P0, 2392, 14001, 26.88, 3, 0x0000000000000000
2026/09/26 12:51:50.313, P0, 2392, 14001, 26.88, 3, 0x0000000000000000
2026/09/26 12:51:50.379, P0, 2392, 14201, 27.10, 19, 0x0000000000000000
2026/09/26 12:51:50.430, P0, 2392, 14201, 27.10, 19, 0x0000000000000000
2026/09/26 12:51:50.495, P0, 2392, 14201, 27.10, 19, 0x0000000000000000
2026/09/26 12:51:50.546, P0, 2392, 14201, 27.10, 19, 0x0000000000000000
2026/09/26 12:51:50.596, P0, 2392, 14201, 27.10, 19, 0x0000000000000000
2026/09/26 12:51:50.647, P0, 2392, 14201, 27.10, 19, 0x0000000000000000
2026/09/26 12:51:50.712, P0, 2392, 14201, 27.10, 19, 0x0000000000000000
2026/09/26 12:51:50.763, P0, 2392, 14201, 27.10, 19, 0x0000000000000000
2026/09/26 12:51:50.828, P1, 2392, 14001, 27.19, 17, 0x0000000000000000
2026/09/26 12:51:50.879, P1, 2392, 14001, 27.19, 17, 0x0000000000000000
2026/09/26 12:51:50.930, P1, 2392, 14001, 27.19, 17, 0x0000000000000000
2026/09/26 12:51:50.980, P1, 2392, 14001, 27.19, 17, 0x0000000000000000
2026/09/26 12:51:51.046, P1, 2392, 14001, 27.19, 17, 0x0000000000000000
2026/09/26 12:51:51.097, P1, 2392, 14001, 27.19, 17, 0x0000000000000000
2026/09/26 12:51:51.163, P1, 2392, 14001, 27.19, 17, 0x0000000000000000
2026/09/26 12:51:51.214, P1, 2392, 14001, 27.19, 17, 0x0000000000000000
2026/09/26 12:51:51.280, P1, 2392, 14001, 27.19, 17, 0x0000000000000000
2026/09/26 12:51:51.330, P0, 2392, 14201, 27.16, 19, 0x0000000000000000
2026/09/26 12:51:51.381, P0, 2392, 14201, 27.16, 19, 0x0000000000000000
2026/09/26 12:51:51.447, P0, 2392, 14201, 27.16, 19, 0x0000000000000000
2026/09/26 12:51:51.498, P0, 2392, 14201, 27.16, 19, 0x0000000000000000
2026/09/26 12:51:51.564, P0, 2392, 14201, 27.16, 19, 0x0000000000000000
2026/09/26 12:51:51.614, P0, 2392, 14201, 27.16, 19, 0x0000000000000000
2026/09/26 12:51:51.664, P0, 2392, 14201, 27.16, 19, 0x0000000000000000
2026/09/26 12:51:51.731, P0, 2392, 14201, 27.16, 19, 0x0000000000000000
2026/09/26 12:51:51.781, P0, 2392, 14201, 27.16, 19, 0x0000000000000000
2026/09/26 12:51:51.847, P1, 2392, 14201, 27.29, 16, 0x0000000000000000
2026/09/26 12:51:51.898, P1, 2392, 14201, 27.29, 16, 0x0000000000000000
2026/09/26 12:51:51.964, P1, 2392, 14201, 27.29, 16, 0x0000000000000000
2026/09/26 12:51:52.015, P1, 2392, 14201, 27.29, 16, 0x0000000000000000
2026/09/26 12:51:52.081, P1, 2392, 14201, 27.29, 16, 0x0000000000000000
2026/09/26 12:51:52.131, P1, 2392, 14201, 27.29, 16, 0x0000000000000000
2026/09/26 12:51:52.182, P1, 2392, 14201, 27.29, 16, 0x0000000000000000
2026/09/26 12:51:52.232, P1, 2392, 14201, 27.29, 16, 0x0000000000000000
2026/09/26 12:51:52.297, P1, 2392, 14201, 27.29, 16, 0x0000000000000000
2026/09/26 12:51:52.360, P1, 2392, 14001, 27.07, 11, 0x0000000000000000
2026/09/26 12:51:52.413, P1, 2392, 14001, 27.07, 11, 0x0000000000000000
2026/09/26 12:51:52.476, P1, 2392, 14001, 27.07, 11, 0x0000000000000000
2026/09/26 12:51:52.531, P1, 2392, 14001, 27.07, 11, 0x0000000000000000
2026/09/26 12:51:52.582, P1, 2392, 14001, 27.07, 11, 0x0000000000000000
2026/09/26 12:51:52.647, P1, 2392, 14001, 27.07, 11, 0x0000000000000000
2026/09/26 12:51:52.710, P1, 2392, 14001, 27.07, 11, 0x0000000000000000
2026/09/26 12:51:52.774, P1, 2392, 14001, 27.07, 11, 0x0000000000000000
2026/09/26 12:51:52.832, P0, 2392, 14201, 27.08, 11, 0x0000000000000000
2026/09/26 12:51:52.894, P0, 2392, 14201, 27.08, 11, 0x0000000000000000
2026/09/26 12:51:52.957, P0, 2392, 14201, 27.08, 11, 0x0000000000000000
2026/09/26 12:51:53.015, P0, 2392, 14201, 27.08, 11, 0x0000000000000000
2026/09/26 12:51:53.066, P0, 2392, 14201, 27.08, 11, 0x0000000000000000
2026/09/26 12:51:53.131, P0, 2392, 14201, 27.08, 11, 0x0000000000000000
2026/09/26 12:51:53.182, P0, 2392, 14201, 27.08, 11, 0x0000000000000000
2026/09/26 12:51:53.233, P0, 2392, 14201, 27.08, 11, 0x0000000000000000
2026/09/26 12:51:53.299, P0, 2392, 14201, 27.08, 11, 0x0000000000000000
2026/09/26 12:51:53.349, P0, 2392, 14201, 27.39, 18, 0x0000000000000000
2026/09/26 12:51:53.400, P0, 2392, 14201, 27.39, 18, 0x0000000000000000
2026/09/26 12:51:53.453, P0, 2392, 14201, 27.39, 18, 0x0000000000000000
2026/09/26 12:51:53.516, P0, 2392, 14201, 27.39, 18, 0x0000000000000000
2026/09/26 12:51:53.566, P0, 2392, 14201, 27.39, 18, 0x0000000000000000
2026/09/26 12:51:53.630, P0, 2392, 14201, 27.39, 18, 0x0000000000000000
2026/09/26 12:51:53.682, P0, 2392, 14201, 27.39, 18, 0x0000000000000000
2026/09/26 12:51:53.733, P0, 2392, 14201, 27.39, 18, 0x0000000000000000
2026/09/26 12:51:53.799, P0, 2392, 14201, 27.39, 18, 0x0000000000000000
2026/09/26 12:51:53.849, P0, 2392, 14201, 27.18, 3, 0x0000000000000000
2026/09/26 12:51:53.900, P0, 2392, 14201, 27.18, 3, 0x0000000000000000
2026/09/26 12:51:53.953, P0, 2392, 14201, 27.18, 3, 0x0000000000000000
2026/09/26 12:51:54.016, P0, 2392, 14201, 27.18, 3, 0x0000000000000000
2026/09/26 12:51:54.066, P0, 2392, 14201, 27.18, 3, 0x0000000000000000
2026/09/26 12:51:54.133, P0, 2392, 14201, 27.18, 3, 0x0000000000000000
2026/09/26 12:51:54.184, P0, 2392, 14201, 27.18, 3, 0x0000000000000000
2026/09/26 12:51:54.250, P0, 2392, 14201, 27.18, 3, 0x0000000000000000
2026/09/26 12:51:54.301, P0, 2392, 14201, 27.18, 3, 0x0000000000000000
2026/09/26 12:51:54.367, P0, 2392, 14201, 27.58, 18, 0x0000000000000000
2026/09/26 12:51:54.432, P0, 2392, 14201, 27.58, 18, 0x0000000000000000
2026/09/26 12:51:54.483, P0, 2392, 14201, 27.58, 18, 0x0000000000000000
2026/09/26 12:51:54.534, P0, 2392, 14201, 27.58, 18, 0x0000000000000000
2026/09/26 12:51:54.599, P0, 2392, 14201, 27.58, 18, 0x0000000000000000
2026/09/26 12:51:54.650, P0, 2392, 14201, 27.58, 18, 0x0000000000000000
2026/09/26 12:51:54.700, P0, 2392, 14201, 27.58, 18, 0x0000000000000000
2026/09/26 12:51:54.751, P0, 2392, 14201, 27.58, 18, 0x0000000000000000
2026/09/26 12:51:54.801, P0, 2392, 14201, 27.58, 18, 0x0000000000000000
2026/09/26 12:51:54.867, P1, 2392, 14001, 27.45, 8, 0x0000000000000000
2026/09/26 12:51:54.917, P1, 2392, 14001, 27.45, 8, 0x0000000000000000
2026/09/26 12:51:54.984, P1, 2392, 14001, 27.45, 8, 0x0000000000000000
2026/09/26 12:51:55.035, P1, 2392, 14001, 27.45, 8, 0x0000000000000000
2026/09/26 12:51:55.101, P1, 2392, 14001, 27.45, 8, 0x0000000000000000
2026/09/26 12:51:55.165, P1, 2392, 14001, 27.45, 8, 0x0000000000000000
2026/09/26 12:51:55.217, P1, 2392, 14001, 27.45, 8, 0x0000000000000000
2026/09/26 12:51:55.281, P1, 2392, 14001, 27.45, 8, 0x0000000000000000
2026/09/26 12:51:55.344, P0, 2392, 14201, 27.34, 10, 0x0000000000000000
2026/09/26 12:51:55.407, P0, 2392, 14201, 27.34, 10, 0x0000000000000000
2026/09/26 12:51:55.468, P0, 2392, 14201, 27.34, 10, 0x0000000000000000
2026/09/26 12:51:55.519, P0, 2392, 14201, 27.34, 10, 0x0000000000000000
2026/09/26 12:51:55.584, P0, 2392, 14201, 27.34, 10, 0x0000000000000000
2026/09/26 12:51:55.635, P0, 2392, 14201, 27.34, 10, 0x0000000000000000
2026/09/26 12:51:55.686, P0, 2392, 14201, 27.34, 10, 0x0000000000000000
2026/09/26 12:51:55.750, P0, 2392, 14201, 27.34, 10, 0x0000000000000000
2026/09/26 12:51:55.814, P0, 2392, 14201, 27.34, 10, 0x0000000000000000
2026/09/26 12:51:55.877, P0, 2392, 14201, 27.41, 17, 0x0000000000000000
2026/09/26 12:51:55.941, P0, 2392, 14201, 27.41, 17, 0x0000000000000000
2026/09/26 12:51:56.001, P0, 2392, 14201, 27.41, 17, 0x0000000000000000
2026/09/26 12:51:56.068, P0, 2392, 14201, 27.41, 17, 0x0000000000000000
2026/09/26 12:51:56.133, P0, 2392, 14201, 27.41, 17, 0x0000000000000000
2026/09/26 12:51:56.185, P0, 2392, 14201, 27.41, 17, 0x0000000000000000
2026/09/26 12:51:56.235, P0, 2392, 14201, 27.41, 17, 0x0000000000000000
2026/09/26 12:51:56.286, P0, 2392, 14201, 27.41, 17, 0x0000000000000000
2026/09/26 12:51:56.352, P1, 2392, 14001, 27.34, 13, 0x0000000000000000
2026/09/26 12:51:56.402, P1, 2392, 14001, 27.34, 13, 0x0000000000000000
2026/09/26 12:51:56.453, P1, 2392, 14001, 27.34, 13, 0x0000000000000000
2026/09/26 12:51:56.518, P1, 2392, 14001, 27.34, 13, 0x0000000000000000
2026/09/26 12:51:56.569, P1, 2392, 14001, 27.34, 13, 0x0000000000000000
2026/09/26 12:51:56.620, P1, 2392, 14001, 27.34, 13, 0x0000000000000000
2026/09/26 12:51:56.685, P1, 2392, 14001, 27.34, 13, 0x0000000000000000
2026/09/26 12:51:56.736, P1, 2392, 14001, 27.34, 13, 0x0000000000000000
2026/09/26 12:51:56.786, P1, 2392, 14001, 27.34, 13, 0x0000000000000000
2026/09/26 12:51:56.841, P0, 2392, 14201, 27.19, 4, 0x0000000000000000
2026/09/26 12:51:56.902, P0, 2392, 14201, 27.19, 4, 0x0000000000000000
2026/09/26 12:51:56.952, P0, 2392, 14201, 27.19, 4, 0x0000000000000000
2026/09/26 12:51:57.002, P0, 2392, 14201, 27.19, 4, 0x0000000000000000
2026/09/26 12:51:57.068, P0, 2392, 14201, 27.19, 4, 0x0000000000000000
2026/09/26 12:51:57.119, P0, 2392, 14201, 27.19, 4, 0x0000000000000000
2026/09/26 12:51:57.170, P0, 2392, 14201, 27.19, 4, 0x0000000000000000
2026/09/26 12:51:57.236, P0, 2392, 14201, 27.19, 4, 0x0000000000000000
2026/09/26 12:51:57.287, P0, 2392, 14201, 27.19, 4, 0x0000000000000000
2026/09/26 12:51:57.353, P0, 2392, 14201, 27.67, 18, 0x0000000000000000
2026/09/26 12:51:57.403, P0, 2392, 14201, 27.67, 18, 0x0000000000000000
2026/09/26 12:51:57.454, P0, 2392, 14201, 27.67, 18, 0x0000000000000000
2026/09/26 12:51:57.520, P0, 2392, 14201, 27.67, 18, 0x0000000000000000
2026/09/26 12:51:57.572, P0, 2392, 14201, 27.67, 18, 0x0000000000000000
2026/09/26 12:51:57.636, P0, 2392, 14201, 27.67, 18, 0x0000000000000000
2026/09/26 12:51:57.687, P0, 2392, 14201, 27.67, 18, 0x0000000000000000
2026/09/26 12:51:57.752, P0, 2392, 14201, 27.67, 18, 0x0000000000000000
2026/09/26 12:51:57.803, P0, 2392, 14201, 27.67, 18, 0x0000000000000000
2026/09/26 12:51:57.854, P0, 2392, 14201, 27.34, 18, 0x0000000000000000
2026/09/26 12:51:57.904, P0, 2392, 14201, 27.34, 18, 0x0000000000000000
2026/09/26 12:51:57.970, P0, 2392, 14201, 27.34, 18, 0x0000000000000000
2026/09/26 12:51:58.021, P0, 2392, 14201, 27.34, 18, 0x0000000000000000
2026/09/26 12:51:58.072, P0, 2392, 14201, 27.34, 18, 0x0000000000000000
2026/09/26 12:51:58.135, P0, 2392, 14201, 27.34, 18, 0x0000000000000000
2026/09/26 12:51:58.201, P0, 2392, 14201, 27.34, 18, 0x0000000000000000
2026/09/26 12:51:58.264, P0, 2392, 14201, 27.34, 18, 0x0000000000000000
2026/09/26 12:51:58.328, P0, 2392, 14201, 27.17, 4, 0x0000000000000000
2026/09/26 12:51:58.392, P0, 2392, 14201, 27.17, 4, 0x0000000000000000
2026/09/26 12:51:58.455, P0, 2392, 14201, 27.17, 4, 0x0000000000000000
2026/09/26 12:51:58.521, P0, 2392, 14201, 27.17, 4, 0x0000000000000000
2026/09/26 12:51:58.571, P0, 2392, 14201, 27.17, 4, 0x0000000000000000
2026/09/26 12:51:58.622, P0, 2392, 14201, 27.17, 4, 0x0000000000000000
2026/09/26 12:51:58.687, P0, 2392, 14201, 27.17, 4, 0x0000000000000000
2026/09/26 12:51:58.738, P0, 2392, 14201, 27.17, 4, 0x0000000000000000
2026/09/26 12:51:58.803, P0, 2392, 14201, 27.17, 4, 0x0000000000000000
2026/09/26 12:51:58.866, P1, 2392, 14201, 27.35, 18, 0x0000000000000000
2026/09/26 12:51:58.929, P1, 2392, 14201, 27.35, 18, 0x0000000000000000
2026/09/26 12:51:58.993, P1, 2392, 14201, 27.35, 18, 0x0000000000000000
2026/09/26 12:51:59.054, P1, 2392, 14201, 27.35, 18, 0x0000000000000000
2026/09/26 12:51:59.105, P1, 2392, 14201, 27.35, 18, 0x0000000000000000
2026/09/26 12:51:59.156, P1, 2392, 14201, 27.35, 18, 0x0000000000000000
2026/09/26 12:51:59.221, P1, 2392, 14201, 27.35, 18, 0x0000000000000000
2026/09/26 12:51:59.272, P1, 2392, 14201, 27.35, 18, 0x0000000000000000
2026/09/26 12:51:59.338, P0, 2392, 14001, 27.33, 3, 0x0000000000000000
2026/09/26 12:51:59.389, P0, 2392, 14001, 27.33, 3, 0x0000000000000000
2026/09/26 12:51:59.455, P0, 2392, 14001, 27.33, 3, 0x0000000000000000
2026/09/26 12:51:59.506, P0, 2392, 14001, 27.33, 3, 0x0000000000000000
2026/09/26 12:51:59.572, P0, 2392, 14001, 27.33, 3, 0x0000000000000000
2026/09/26 12:51:59.623, P0, 2392, 14001, 27.33, 3, 0x0000000000000000
2026/09/26 12:51:59.673, P0, 2392, 14001, 27.33, 3, 0x0000000000000000
2026/09/26 12:51:59.739, P0, 2392, 14001, 27.33, 3, 0x0000000000000000
2026/09/26 12:51:59.789, P0, 2392, 14001, 27.33, 3, 0x0000000000000000
2026/09/26 12:51:59.855, P0, 2392, 14201, 27.40, 17, 0x0000000000000000
2026/09/26 12:51:59.905, P0, 2392, 14201, 27.40, 17, 0x0000000000000000
2026/09/26 12:51:59.956, P0, 2392, 14201, 27.40, 17, 0x0000000000000000
2026/09/26 12:52:00.006, P0, 2392, 14201, 27.40, 17, 0x0000000000000000
2026/09/26 12:52:00.073, P0, 2392, 14201, 27.40, 17, 0x0000000000000000
2026/09/26 12:52:00.123, P0, 2392, 14201, 27.40, 17, 0x0000000000000000
2026/09/26 12:52:00.189, P0, 2392, 14201, 27.40, 17, 0x0000000000000000
2026/09/26 12:52:00.240, P0, 2392, 14201, 27.40, 17, 0x0000000000000000
2026/09/26 12:52:00.306, P0, 2392, 14201, 27.40, 17, 0x0000000000000000
2026/09/26 12:52:00.356, P1, 2392, 14001, 27.21, 18, 0x0000000000000000
2026/09/26 12:52:00.407, P1, 2392, 14001, 27.21, 18, 0x0000000000000000
2026/09/26 12:52:00.472, P1, 2392, 14001, 27.21, 18, 0x0000000000000000
2026/09/26 12:52:00.523, P1, 2392, 14001, 27.21, 18, 0x0000000000000000
2026/09/26 12:52:00.574, P1, 2392, 14001, 27.21, 18, 0x0000000000000000
2026/09/26 12:52:00.639, P1, 2392, 14001, 27.21, 18, 0x0000000000000000
2026/09/26 12:52:00.690, P1, 2392, 14001, 27.21, 18, 0x0000000000000000
2026/09/26 12:52:00.740, P1, 2392, 14001, 27.21, 18, 0x0000000000000000
2026/09/26 12:52:00.790, P1, 2392, 14001, 27.21, 18, 0x0000000000000000
2026/09/26 12:52:00.856, P0, 2392, 14201, 27.25, 10, 0x0000000000000000
2026/09/26 12:52:00.907, P0, 2392, 14201, 27.25, 10, 0x0000000000000000
2026/09/26 12:52:00.972, P0, 2392, 14201, 27.25, 10, 0x0000000000000000
2026/09/26 12:52:01.023, P0, 2392, 14201, 27.25, 10, 0x0000000000000000
2026/09/26 12:52:01.074, P0, 2392, 14201, 27.25, 10, 0x0000000000000000
2026/09/26 12:52:01.139, P0, 2392, 14201, 27.25, 10, 0x0000000000000000
2026/09/26 12:52:01.202, P0, 2392, 14201, 27.25, 10, 0x0000000000000000
2026/09/26 12:52:01.258, P0, 2392, 14201, 27.25, 10, 0x0000000000000000
2026/09/26 12:52:01.322, P0, 2392, 14201, 27.25, 10, 0x0000000000000000
2026/09/26 12:52:01.385, P0, 2392, 14201, 27.52, 18, 0x0000000000000000
2026/09/26 12:52:01.449, P0, 2392, 14201, 27.52, 18, 0x0000000000000000
2026/09/26 12:52:01.508, P0, 2392, 14201, 27.52, 18, 0x0000000000000000
2026/09/26 12:52:01.573, P0, 2392, 14201, 27.52, 18, 0x0000000000000000
2026/09/26 12:52:01.639, P0, 2392, 14201, 27.52, 18, 0x0000000000000000
2026/09/26 12:52:01.703, P0, 2392, 14201, 27.52, 18, 0x0000000000000000
2026/09/26 12:52:01.757, P0, 2392, 14201, 27.52, 18, 0x0000000000000000
2026/09/26 12:52:01.808, P0, 2392, 14201, 27.52, 18, 0x0000000000000000
2026/09/26 12:52:01.872, P1, 2392, 14201, 27.47, 16, 0x0000000000000000
2026/09/26 12:52:01.935, P1, 2392, 14201, 27.47, 16, 0x0000000000000000
2026/09/26 12:52:01.992, P1, 2392, 14201, 27.47, 16, 0x0000000000000000
2026/09/26 12:52:02.057, P1, 2392, 14201, 27.47, 16, 0x0000000000000000
2026/09/26 12:52:02.107, P1, 2392, 14201, 27.47, 16, 0x0000000000000000
2026/09/26 12:52:02.158, P1, 2392, 14201, 27.47, 16, 0x0000000000000000
2026/09/26 12:52:02.209, P1, 2392, 14201, 27.47, 16, 0x0000000000000000
2026/09/26 12:52:02.275, P1, 2392, 14201, 27.47, 16, 0x0000000000000000
2026/09/26 12:52:02.325, P1, 2392, 14201, 27.47, 16, 0x0000000000000000
2026/09/26 12:52:02.375, P0, 2392, 14201, 27.37, 3, 0x0000000000000000
2026/09/26 12:52:02.441, P0, 2392, 14201, 27.37, 3, 0x0000000000000000
2026/09/26 12:52:02.492, P0, 2392, 14201, 27.37, 3, 0x0000000000000000
2026/09/26 12:52:02.545, P0, 2392, 14201, 27.37, 3, 0x0000000000000000
2026/09/26 12:52:02.608, P0, 2392, 14201, 27.37, 3, 0x0000000000000000
2026/09/26 12:52:02.658, P0, 2392, 14201, 27.37, 3, 0x0000000000000000
2026/09/26 12:52:02.709, P0, 2392, 14201, 27.37, 3, 0x0000000000000000
2026/09/26 12:52:02.775, P0, 2392, 14201, 27.37, 3, 0x0000000000000000
2026/09/26 12:52:02.825, P0, 2392, 14201, 27.37, 3, 0x0000000000000000
2026/09/26 12:52:02.876, P0, 2392, 14201, 27.58, 18, 0x0000000000000000
2026/09/26 12:52:02.927, P0, 2392, 14201, 27.58, 18, 0x0000000000000000
2026/09/26 12:52:02.979, P0, 2392, 14201, 27.58, 18, 0x0000000000000000
2026/09/26 12:52:03.042, P0, 2392, 14201, 27.58, 18, 0x0000000000000000
2026/09/26 12:52:03.093, P0, 2392, 14201, 27.58, 18, 0x0000000000000000
2026/09/26 12:52:03.158, P0, 2392, 14201, 27.58, 18, 0x0000000000000000
2026/09/26 12:52:03.209, P0, 2392, 14201, 27.58, 18, 0x0000000000000000
2026/09/26 12:52:03.260, P0, 2392, 14201, 27.58, 18, 0x0000000000000000
2026/09/26 12:52:03.325, P0, 2392, 14201, 27.58, 18, 0x0000000000000000
2026/09/26 12:52:03.376, P0, 2392, 14201, 27.54, 18, 0x0000000000000000
2026/09/26 12:52:03.426, P0, 2392, 14201, 27.54, 18, 0x0000000000000000
2026/09/26 12:52:03.492, P0, 2392, 14201, 27.54, 18, 0x0000000000000000
2026/09/26 12:52:03.542, P0, 2392, 14201, 27.54, 18, 0x0000000000000000
2026/09/26 12:52:03.592, P0, 2392, 14201, 27.54, 18, 0x0000000000000000
2026/09/26 12:52:03.658, P0, 2392, 14201, 27.54, 18, 0x0000000000000000
2026/09/26 12:52:03.709, P0, 2392, 14201, 27.54, 18, 0x0000000000000000
2026/09/26 12:52:03.759, P0, 2392, 14201, 27.54, 18, 0x0000000000000000
2026/09/26 12:52:03.810, P0, 2392, 14201, 27.54, 18, 0x0000000000000000
2026/09/26 12:52:03.876, P1, 2392, 14001, 27.23, 10, 0x0000000000000000
2026/09/26 12:52:03.926, P1, 2392, 14001, 27.23, 10, 0x0000000000000000
2026/09/26 12:52:03.977, P1, 2392, 14001, 27.23, 10, 0x0000000000000000
2026/09/26 12:52:04.042, P1, 2392, 14001, 27.23, 10, 0x0000000000000000
2026/09/26 12:52:04.093, P1, 2392, 14001, 27.23, 10, 0x0000000000000000
2026/09/26 12:52:04.143, P1, 2392, 14001, 27.23, 10, 0x0000000000000000
2026/09/26 12:52:04.206, P1, 2392, 14001, 27.23, 10, 0x0000000000000000
2026/09/26 12:52:04.271, P1, 2392, 14001, 27.23, 10, 0x0000000000000000
2026/09/26 12:52:04.335, P0, 2392, 14201, 27.41, 9, 0x0000000000000000
2026/09/26 12:52:04.399, P0, 2392, 14201, 27.41, 9, 0x0000000000000000
2026/09/26 12:52:04.460, P0, 2392, 14201, 27.41, 9, 0x0000000000000000
2026/09/26 12:52:04.510, P0, 2392, 14201, 27.41, 9, 0x0000000000000000
2026/09/26 12:52:04.561, P0, 2392, 14201, 27.41, 9, 0x0000000000000000
2026/09/26 12:52:04.625, P0, 2392, 14201, 27.41, 9, 0x0000000000000000
2026/09/26 12:52:04.677, P0, 2392, 14201, 27.41, 9, 0x0000000000000000
2026/09/26 12:52:04.727, P0, 2392, 14201, 27.41, 9, 0x0000000000000000
2026/09/26 12:52:04.791, P0, 2392, 14201, 27.41, 9, 0x0000000000000000
2026/09/26 12:52:04.855, P0, 2392, 14201, 27.55, 16, 0x0000000000000000
2026/09/26 12:52:04.918, P0, 2392, 14201, 27.55, 16, 0x0000000000000000
2026/09/26 12:52:04.977, P0, 2392, 14201, 27.55, 16, 0x0000000000000000
2026/09/26 12:52:05.028, P0, 2392, 14201, 27.55, 16, 0x0000000000000000
2026/09/26 12:52:05.094, P0, 2392, 14201, 27.55, 16, 0x0000000000000000
2026/09/26 12:52:05.144, P0, 2392, 14201, 27.55, 16, 0x0000000000000000
2026/09/26 12:52:05.195, P0, 2392, 14201, 27.55, 16, 0x0000000000000000
2026/09/26 12:52:05.261, P0, 2392, 14201, 27.55, 16, 0x0000000000000000
2026/09/26 12:52:05.312, P0, 2392, 14201, 27.55, 16, 0x0000000000000000
2026/09/26 12:52:05.373, P1, 2392, 14001, 27.43, 14, 0x0000000000000000
2026/09/26 12:52:05.428, P1, 2392, 14001, 27.43, 14, 0x0000000000000000
2026/09/26 12:52:05.478, P1, 2392, 14001, 27.43, 14, 0x0000000000000000
2026/09/26 12:52:05.544, P1, 2392, 14001, 27.43, 14, 0x0000000000000000
2026/09/26 12:52:05.595, P1, 2392, 14001, 27.43, 14, 0x0000000000000000
2026/09/26 12:52:05.647, P1, 2392, 14001, 27.43, 14, 0x0000000000000000
2026/09/26 12:52:05.711, P1, 2392, 14001, 27.43, 14, 0x0000000000000000
2026/09/26 12:52:05.761, P1, 2392, 14001, 27.43, 14, 0x0000000000000000
2026/09/26 12:52:05.812, P1, 2392, 14001, 27.43, 14, 0x0000000000000000
2026/09/26 12:52:05.863, P0, 2392, 14201, 27.19, 6, 0x0000000000000000
2026/09/26 12:52:05.914, P0, 2392, 14201, 27.19, 6, 0x0000000000000000
2026/09/26 12:52:05.975, P0, 2392, 14201, 27.19, 6, 0x0000000000000000
2026/09/26 12:52:06.028, P0, 2392, 14201, 27.19, 6, 0x0000000000000000
2026/09/26 12:52:06.078, P0, 2392, 14201, 27.19, 6, 0x0000000000000000
2026/09/26 12:52:06.128, P0, 2392, 14201, 27.19, 6, 0x0000000000000000
2026/09/26 12:52:06.179, P0, 2392, 14201, 27.19, 6, 0x0000000000000000
2026/09/26 12:52:06.245, P0, 2392, 14201, 27.19, 6, 0x0000000000000000
2026/09/26 12:52:06.296, P0, 2392, 14201, 27.19, 6, 0x0000000000000000
2026/09/26 12:52:06.362, P0, 2392, 14201, 27.46, 18, 0x0000000000000000
2026/09/26 12:52:06.413, P0, 2392, 14201, 27.46, 18, 0x0000000000000000
2026/09/26 12:52:06.478, P0, 2392, 14201, 27.46, 18, 0x0000000000000000
2026/09/26 12:52:06.529, P0, 2392, 14201, 27.46, 18, 0x0000000000000000
2026/09/26 12:52:06.580, P0, 2392, 14201, 27.46, 18, 0x0000000000000000
2026/09/26 12:52:06.645, P0, 2392, 14201, 27.46, 18, 0x0000000000000000
2026/09/26 12:52:06.696, P0, 2392, 14201, 27.46, 18, 0x0000000000000000
2026/09/26 12:52:06.746, P0, 2392, 14201, 27.46, 18, 0x0000000000000000
2026/09/26 12:52:06.812, P0, 2392, 14201, 27.46, 18, 0x0000000000000000
2026/09/26 12:52:06.863, P0, 2392, 14201, 27.38, 3, 0x0000000000000000
2026/09/26 12:52:06.913, P0, 2392, 14201, 27.38, 3, 0x0000000000000000
2026/09/26 12:52:06.979, P0, 2392, 14201, 27.38, 3, 0x0000000000000000
2026/09/26 12:52:07.030, P0, 2392, 14201, 27.38, 3, 0x0000000000000000
2026/09/26 12:52:07.097, P0, 2392, 14201, 27.38, 3, 0x0000000000000000
2026/09/26 12:52:07.162, P0, 2392, 14201, 27.38, 3, 0x0000000000000000
2026/09/26 12:52:07.224, P0, 2392, 14201, 27.38, 3, 0x0000000000000000
2026/09/26 12:52:07.288, P0, 2392, 14201, 27.38, 3, 0x0000000000000000
2026/09/26 12:52:07.352, P1, 2392, 14201, 27.50, 17, 0x0000000000000000
2026/09/26 12:52:07.415, P1, 2392, 14201, 27.50, 17, 0x0000000000000000
2026/09/26 12:52:07.479, P1, 2392, 14201, 27.50, 17, 0x0000000000000000
2026/09/26 12:52:07.529, P1, 2392, 14201, 27.50, 17, 0x0000000000000000
2026/09/26 12:52:07.596, P1, 2392, 14201, 27.50, 17, 0x0000000000000000
2026/09/26 12:52:07.647, P1, 2392, 14201, 27.50, 17, 0x0000000000000000
2026/09/26 12:52:07.712, P1, 2392, 14201, 27.50, 17, 0x0000000000000000
2026/09/26 12:52:07.777, P1, 2392, 14201, 27.50, 17, 0x0000000000000000
2026/09/26 12:52:07.840, P0, 2392, 14201, 27.45, 8, 0x0000000000000000
2026/09/26 12:52:07.903, P0, 2392, 14201, 27.45, 8, 0x0000000000000000
2026/09/26 12:52:07.966, P0, 2392, 14201, 27.45, 8, 0x0000000000000000
2026/09/26 12:52:08.030, P0, 2392, 14201, 27.45, 8, 0x0000000000000000
2026/09/26 12:52:08.082, P0, 2392, 14201, 27.45, 8, 0x0000000000000000
2026/09/26 12:52:08.147, P0, 2392, 14201, 27.45, 8, 0x0000000000000000
2026/09/26 12:52:08.198, P0, 2392, 14201, 27.45, 8, 0x0000000000000000
2026/09/26 12:52:08.264, P0, 2392, 14201, 27.45, 8, 0x0000000000000000
2026/09/26 12:52:08.315, P0, 2392, 14201, 27.45, 8, 0x0000000000000000
2026/09/26 12:52:08.381, P1, 2392, 14001, 27.20, 21, 0x0000000000000000
2026/09/26 12:52:08.431, P1, 2392, 14001, 27.20, 21, 0x0000000000000000
2026/09/26 12:52:08.482, P1, 2392, 14001, 27.20, 21, 0x0000000000000000
2026/09/26 12:52:08.547, P1, 2392, 14001, 27.20, 21, 0x0000000000000000
2026/09/26 12:52:08.598, P1, 2392, 14001, 27.20, 21, 0x0000000000000000
2026/09/26 12:52:08.649, P1, 2392, 14001, 27.20, 21, 0x0000000000000000
2026/09/26 12:52:08.715, P1, 2392, 14001, 27.20, 21, 0x0000000000000000
2026/09/26 12:52:08.765, P1, 2392, 14001, 27.20, 21, 0x0000000000000000
2026/09/26 12:52:08.831, P1, 2392, 14001, 27.20, 21, 0x0000000000000000
2026/09/26 12:52:08.881, P0, 2392, 14201, 27.18, 6, 0x0000000000000000
2026/09/26 12:52:08.932, P0, 2392, 14201, 27.18, 6, 0x0000000000000000
2026/09/26 12:52:08.998, P0, 2392, 14201, 27.18, 6, 0x0000000000000000
2026/09/26 12:52:09.048, P0, 2392, 14201, 27.18, 6, 0x0000000000000000
2026/09/26 12:52:09.099, P0, 2392, 14201, 27.18, 6, 0x0000000000000000
2026/09/26 12:52:09.149, P0, 2392, 14201, 27.18, 6, 0x0000000000000000
2026/09/26 12:52:09.203, P0, 2392, 14201, 27.18, 6, 0x0000000000000000
2026/09/26 12:52:09.265, P0, 2392, 14201, 27.18, 6, 0x0000000000000000
2026/09/26 12:52:09.315, P0, 2392, 14201, 27.18, 6, 0x0000000000000000
2026/09/26 12:52:09.366, P1, 2392, 14001, 27.71, 21, 0x0000000000000000
2026/09/26 12:52:09.432, P1, 2392, 14001, 27.71, 21, 0x0000000000000000
2026/09/26 12:52:09.483, P1, 2392, 14001, 27.71, 21, 0x0000000000000000
2026/09/26 12:52:09.549, P1, 2392, 14001, 27.71, 21, 0x0000000000000000
2026/09/26 12:52:09.599, P1, 2392, 14001, 27.71, 21, 0x0000000000000000
2026/09/26 12:52:09.665, P1, 2392, 14001, 27.71, 21, 0x0000000000000000
2026/09/26 12:52:09.716, P1, 2392, 14001, 27.71, 21, 0x0000000000000000
2026/09/26 12:52:09.782, P1, 2392, 14001, 27.71, 21, 0x0000000000000000
2026/09/26 12:52:09.832, P1, 2392, 14001, 26.94, 6, 0x0000000000000000
2026/09/26 12:52:09.883, P1, 2392, 14001, 26.94, 6, 0x0000000000000000
2026/09/26 12:52:09.933, P1, 2392, 14001, 26.94, 6, 0x0000000000000000
2026/09/26 12:52:09.986, P1, 2392, 14001, 26.94, 6, 0x0000000000000000
2026/09/26 12:52:10.049, P1, 2392, 14001, 26.94, 6, 0x0000000000000000
2026/09/26 12:52:10.100, P1, 2392, 14001, 26.94, 6, 0x0000000000000000
2026/09/26 12:52:10.166, P1, 2392, 14001, 26.94, 6, 0x0000000000000000
2026/09/26 12:52:10.229, P1, 2392, 14001, 26.94, 6, 0x0000000000000000
2026/09/26 12:52:10.282, P1, 2392, 14001, 26.94, 6, 0x0000000000000000
2026/09/26 12:52:10.348, P0, 2392, 14201, 27.51, 16, 0x0000000000000000
2026/09/26 12:52:10.412, P0, 2392, 14201, 27.51, 16, 0x0000000000000000
2026/09/26 12:52:10.475, P0, 2392, 14201, 27.51, 16, 0x0000000000000000
2026/09/26 12:52:10.533, P0, 2392, 14201, 27.51, 16, 0x0000000000000000
2026/09/26 12:52:10.583, P0, 2392, 14201, 27.51, 16, 0x0000000000000000
2026/09/26 12:52:10.633, P0, 2392, 14201, 27.51, 16, 0x0000000000000000
2026/09/26 12:52:10.684, P0, 2392, 14201, 27.51, 16, 0x0000000000000000
2026/09/26 12:52:10.751, P0, 2392, 14201, 27.51, 16, 0x0000000000000000
2026/09/26 12:52:10.817, P0, 2392, 14201, 27.51, 16, 0x0000000000000000
2026/09/26 12:52:10.882, P1, 2392, 14001, 27.96, 28, 0x0000000000000000
2026/09/26 12:52:10.946, P1, 2392, 14001, 27.96, 28, 0x0000000000000000
2026/09/26 12:52:11.001, P1, 2392, 14001, 27.96, 28, 0x0000000000000000
2026/09/26 12:52:11.067, P1, 2392, 14001, 27.96, 28, 0x0000000000000000
2026/09/26 12:52:11.117, P1, 2392, 14001, 27.96, 28, 0x0000000000000000
2026/09/26 12:52:11.168, P1, 2392, 14001, 27.96, 28, 0x0000000000000000
2026/09/26 12:52:11.234, P1, 2392, 14001, 27.96, 28, 0x0000000000000000
2026/09/26 12:52:11.284, P1, 2392, 14001, 27.96, 28, 0x0000000000000000
2026/09/26 12:52:11.350, P1, 2392, 14001, 27.49, 28, 0x0000000000000000
2026/09/26 12:52:11.402, P1, 2392, 14001, 27.49, 28, 0x0000000000000000
2026/09/26 12:52:11.467, P1, 2392, 14001, 27.49, 28, 0x0000000000000000
2026/09/26 12:52:11.517, P1, 2392, 14001, 27.49, 28, 0x0000000000000000
2026/09/26 12:52:11.582, P1, 2392, 14001, 27.49, 28, 0x0000000000000000
2026/09/26 12:52:11.634, P1, 2392, 14001, 27.49, 28, 0x0000000000000000
2026/09/26 12:52:11.685, P1, 2392, 14001, 27.49, 28, 0x0000000000000000
2026/09/26 12:52:11.737, P1, 2392, 14001, 27.49, 28, 0x0000000000000000
2026/09/26 12:52:11.787, P1, 2392, 14001, 27.49, 28, 0x0000000000000000
2026/09/26 12:52:11.850, P0, 2392, 14201, 27.38, 7, 0x0000000000000000
2026/09/26 12:52:11.901, P0, 2392, 14201, 27.38, 7, 0x0000000000000000
2026/09/26 12:52:11.968, P0, 2392, 14201, 27.38, 7, 0x0000000000000000
2026/09/26 12:52:12.035, P0, 2392, 14201, 27.38, 7, 0x0000000000000000
2026/09/26 12:52:12.085, P0, 2392, 14201, 27.38, 7, 0x0000000000000000
2026/09/26 12:52:12.151, P0, 2392, 14201, 27.38, 7, 0x0000000000000000
2026/09/26 12:52:12.202, P0, 2392, 14201, 27.38, 7, 0x0000000000000000
2026/09/26 12:52:12.268, P0, 2392, 14201, 27.38, 7, 0x0000000000000000
2026/09/26 12:52:12.319, P0, 2392, 14201, 27.38, 7, 0x0000000000000000
2026/09/26 12:52:12.385, P1, 2392, 14001, 27.36, 28, 0x0000000000000000
2026/09/26 12:52:12.436, P1, 2392, 14001, 27.36, 28, 0x0000000000000000
2026/09/26 12:52:12.501, P1, 2392, 14001, 27.36, 28, 0x0000000000000000
2026/09/26 12:52:12.551, P1, 2392, 14001, 27.36, 28, 0x0000000000000000
2026/09/26 12:52:12.602, P1, 2392, 14001, 27.36, 28, 0x0000000000000000
2026/09/26 12:52:12.653, P1, 2392, 14001, 27.36, 28, 0x0000000000000000
2026/09/26 12:52:12.718, P1, 2392, 14001, 27.36, 28, 0x0000000000000000
2026/09/26 12:52:12.769, P1, 2392, 14001, 27.36, 28, 0x0000000000000000
2026/09/26 12:52:12.819, P1, 2392, 14001, 27.36, 28, 0x0000000000000000
2026/09/26 12:52:12.869, P1, 2392, 14001, 27.26, 28, 0x0000000000000000
2026/09/26 12:52:12.935, P1, 2392, 14001, 27.26, 28, 0x0000000000000000
2026/09/26 12:52:12.985, P1, 2392, 14001, 27.26, 28, 0x0000000000000000
2026/09/26 12:52:13.036, P1, 2392, 14001, 27.26, 28, 0x0000000000000000
2026/09/26 12:52:13.093, P1, 2392, 14001, 27.26, 28, 0x0000000000000000
2026/09/26 12:52:13.151, P1, 2392, 14001, 27.26, 28, 0x0000000000000000
2026/09/26 12:52:13.204, P1, 2392, 14001, 27.26, 28, 0x0000000000000000
2026/09/26 12:52:13.267, P1, 2392, 14001, 27.26, 28, 0x0000000000000000
2026/09/26 12:52:13.330, P1, 2392, 14001, 27.26, 28, 0x0000000000000000
2026/09/26 12:52:13.394, P1, 2392, 14001, 27.43, 11, 0x0000000000000000
2026/09/26 12:52:13.454, P1, 2392, 14001, 27.43, 11, 0x0000000000000000
2026/09/26 12:52:13.520, P1, 2392, 14001, 27.43, 11, 0x0000000000000000
2026/09/26 12:52:13.570, P1, 2392, 14001, 27.43, 11, 0x0000000000000000
2026/09/26 12:52:13.634, P1, 2392, 14001, 27.43, 11, 0x0000000000000000
2026/09/26 12:52:13.698, P1, 2392, 14001, 27.43, 11, 0x0000000000000000
2026/09/26 12:52:13.762, P1, 2392, 14001, 27.43, 11, 0x0000000000000000
2026/09/26 12:52:13.824, P1, 2392, 14001, 27.43, 11, 0x0000000000000000
2026/09/26 12:52:13.888, P1, 2392, 14001, 27.58, 18, 0x0000000000000000
2026/09/26 12:52:13.951, P1, 2392, 14001, 27.58, 18, 0x0000000000000000
2026/09/26 12:52:14.003, P1, 2392, 14001, 27.58, 18, 0x0000000000000000
2026/09/26 12:52:14.054, P1, 2392, 14001, 27.58, 18, 0x0000000000000000
2026/09/26 12:52:14.120, P1, 2392, 14001, 27.58, 18, 0x0000000000000000
2026/09/26 12:52:14.171, P1, 2392, 14001, 27.58, 18, 0x0000000000000000
2026/09/26 12:52:14.236, P1, 2392, 14001, 27.58, 18, 0x0000000000000000
2026/09/26 12:52:14.290, P1, 2392, 14001, 27.58, 18, 0x0000000000000000
2026/09/26 12:52:14.353, P1, 2392, 14001, 27.20, 16, 0x0000000000000000
2026/09/26 12:52:14.404, P1, 2392, 14001, 27.20, 16, 0x0000000000000000
2026/09/26 12:52:14.454, P1, 2392, 14001, 27.20, 16, 0x0000000000000000
2026/09/26 12:52:14.505, P1, 2392, 14001, 27.20, 16, 0x0000000000000000
2026/09/26 12:52:14.570, P1, 2392, 14001, 27.20, 16, 0x0000000000000000
2026/09/26 12:52:14.621, P1, 2392, 14001, 27.20, 16, 0x0000000000000000
2026/09/26 12:52:14.687, P1, 2392, 14001, 27.20, 16, 0x0000000000000000
2026/09/26 12:52:14.737, P1, 2392, 14001, 27.20, 16, 0x0000000000000000
2026/09/26 12:52:14.787, P1, 2392, 14001, 27.20, 16, 0x0000000000000000
2026/09/26 12:52:14.838, P0, 2392, 14201, 27.31, 12, 0x0000000000000000
2026/09/26 12:52:14.904, P0, 2392, 14201, 27.31, 12, 0x0000000000000000
2026/09/26 12:52:14.954, P0, 2392, 14201, 27.31, 12, 0x0000000000000000
2026/09/26 12:52:15.005, P0, 2392, 14201, 27.31, 12, 0x0000000000000000
2026/09/26 12:52:15.071, P0, 2392, 14201, 27.31, 12, 0x0000000000000000
2026/09/26 12:52:15.121, P0, 2392, 14201, 27.31, 12, 0x0000000000000000
2026/09/26 12:52:15.171, P0, 2392, 14201, 27.31, 12, 0x0000000000000000
2026/09/26 12:52:15.222, P0, 2392, 14201, 27.31, 12, 0x0000000000000000
2026/09/26 12:52:15.288, P0, 2392, 14201, 27.31, 12, 0x0000000000000000
2026/09/26 12:52:15.338, P1, 2392, 14001, 28.06, 24, 0x0000000000000000
2026/09/26 12:52:15.388, P1, 2392, 14001, 28.06, 24, 0x0000000000000000
2026/09/26 12:52:15.439, P1, 2392, 14001, 28.06, 24, 0x0000000000000000
2026/09/26 12:52:15.490, P1, 2392, 14001, 28.06, 24, 0x0000000000000000
2026/09/26 12:52:15.554, P1, 2392, 14001, 28.06, 24, 0x0000000000000000
2026/09/26 12:52:15.605, P1, 2392, 14001, 28.06, 24, 0x0000000000000000
2026/09/26 12:52:15.672, P1, 2392, 14001, 28.06, 24, 0x0000000000000000
2026/09/26 12:52:15.722, P1, 2392, 14001, 28.06, 24, 0x0000000000000000
2026/09/26 12:52:15.788, P1, 2392, 14001, 28.06, 24, 0x0000000000000000
2026/09/26 12:52:15.839, P1, 2392, 14001, 27.12, 28, 0x0000000000000000
2026/09/26 12:52:15.905, P1, 2392, 14001, 27.12, 28, 0x0000000000000000
2026/09/26 12:52:15.955, P1, 2392, 14001, 27.12, 28, 0x0000000000000000
2026/09/26 12:52:16.022, P1, 2392, 14001, 27.12, 28, 0x0000000000000000
2026/09/26 12:52:16.072, P1, 2392, 14001, 27.12, 28, 0x0000000000000000
2026/09/26 12:52:16.122, P1, 2392, 14001, 27.12, 28, 0x0000000000000000
2026/09/26 12:52:16.173, P1, 2392, 14001, 27.12, 28, 0x0000000000000000
2026/09/26 12:52:16.237, P1, 2392, 14001, 27.12, 28, 0x0000000000000000
2026/09/26 12:52:16.300, P1, 2392, 14001, 27.12, 28, 0x0000000000000000
2026/09/26 12:52:16.364, P1, 2392, 14001, 27.27, 14, 0x0000000000000000
2026/09/26 12:52:16.427, P1, 2392, 14001, 27.27, 14, 0x0000000000000000
2026/09/26 12:52:16.490, P1, 2392, 14001, 27.27, 14, 0x0000000000000000
2026/09/26 12:52:16.554, P1, 2392, 14001, 27.27, 14, 0x0000000000000000
2026/09/26 12:52:16.604, P1, 2392, 14001, 27.27, 14, 0x0000000000000000
2026/09/26 12:52:16.656, P1, 2392, 14001, 27.27, 14, 0x0000000000000000
2026/09/26 12:52:16.721, P1, 2392, 14001, 27.27, 14, 0x0000000000000000
2026/09/26 12:52:16.784, P1, 2392, 14001, 27.27, 14, 0x0000000000000000
2026/09/26 12:52:16.847, P0, 2392, 14201, 27.89, 10, 0x0000000000000000
2026/09/26 12:52:16.900, P0, 2392, 14201, 27.89, 10, 0x0000000000000000
2026/09/26 12:52:16.963, P0, 2392, 14201, 27.89, 10, 0x0000000000000000
2026/09/26 12:52:17.023, P0, 2392, 14201, 27.89, 10, 0x0000000000000000
2026/09/26 12:52:17.074, P0, 2392, 14201, 27.89, 10, 0x0000000000000000
2026/09/26 12:52:17.139, P0, 2392, 14201, 27.89, 10, 0x0000000000000000
2026/09/26 12:52:17.189, P0, 2392, 14201, 27.89, 10, 0x0000000000000000
2026/09/26 12:52:17.240, P0, 2392, 14201, 27.89, 10, 0x0000000000000000
2026/09/26 12:52:17.291, P0, 2392, 14201, 27.89, 10, 0x0000000000000000
2026/09/26 12:52:17.356, P1, 2392, 14001, 27.73, 14, 0x0000000000000000
2026/09/26 12:52:17.407, P1, 2392, 14001, 27.73, 14, 0x0000000000000000
2026/09/26 12:52:17.457, P1, 2392, 14001, 27.73, 14, 0x0000000000000000
2026/09/26 12:52:17.523, P1, 2392, 14001, 27.73, 14, 0x0000000000000000
2026/09/26 12:52:17.590, P1, 2392, 14001, 27.73, 14, 0x0000000000000000
2026/09/26 12:52:17.640, P1, 2392, 14001, 27.73, 14, 0x0000000000000000
2026/09/26 12:52:17.691, P1, 2392, 14001, 27.73, 14, 0x0000000000000000
2026/09/26 12:52:17.742, P1, 2392, 14001, 27.73, 14, 0x0000000000000000
2026/09/26 12:52:17.806, P1, 2392, 14001, 27.73, 14, 0x0000000000000000
2026/09/26 12:52:17.857, P1, 2392, 14001, 27.14, 28, 0x0000000000000000
2026/09/26 12:52:17.922, P1, 2392, 14001, 27.14, 28, 0x0000000000000000
2026/09/26 12:52:17.974, P1, 2392, 14001, 27.14, 28, 0x0000000000000000
2026/09/26 12:52:18.024, P1, 2392, 14001, 27.14, 28, 0x0000000000000000
2026/09/26 12:52:18.089, P1, 2392, 14001, 27.14, 28, 0x0000000000000000
2026/09/26 12:52:18.141, P1, 2392, 14001, 27.14, 28, 0x0000000000000000
2026/09/26 12:52:18.191, P1, 2392, 14001, 27.14, 28, 0x0000000000000000
2026/09/26 12:52:18.257, P1, 2392, 14001, 27.14, 28, 0x0000000000000000
2026/09/26 12:52:18.308, P1, 2392, 14001, 27.14, 28, 0x0000000000000000
2026/09/26 12:52:18.358, P0, 2392, 14201, 27.36, 7, 0x0000000000000000
2026/09/26 12:52:18.410, P0, 2392, 14201, 27.36, 7, 0x0000000000000000
2026/09/26 12:52:18.474, P0, 2392, 14201, 27.36, 7, 0x0000000000000000
2026/09/26 12:52:18.524, P0, 2392, 14201, 27.36, 7, 0x0000000000000000
2026/09/26 12:52:18.575, P0, 2392, 14201, 27.36, 7, 0x0000000000000000
2026/09/26 12:52:18.641, P0, 2392, 14201, 27.36, 7, 0x0000000000000000
2026/09/26 12:52:18.692, P0, 2392, 14201, 27.36, 7, 0x0000000000000000
2026/09/26 12:52:18.747, P0, 2392, 14201, 27.36, 7, 0x0000000000000000
2026/09/26 12:52:18.808, P0, 2392, 14201, 27.36, 7, 0x0000000000000000
2026/09/26 12:52:18.858, P0, 2392, 14201, 27.89, 28, 0x0000000000000000
2026/09/26 12:52:18.924, P0, 2392, 14201, 27.89, 28, 0x0000000000000000
2026/09/26 12:52:18.975, P0, 2392, 14201, 27.89, 28, 0x0000000000000000
2026/09/26 12:52:19.026, P0, 2392, 14201, 27.89, 28, 0x0000000000000000
2026/09/26 12:52:19.092, P0, 2392, 14201, 27.89, 28, 0x0000000000000000
2026/09/26 12:52:19.156, P0, 2392, 14201, 27.89, 28, 0x0000000000000000
2026/09/26 12:52:19.220, P0, 2392, 14201, 27.89, 28, 0x0000000000000000
2026/09/26 12:52:19.276, P0, 2392, 14201, 27.89, 28, 0x0000000000000000
2026/09/26 12:52:19.341, P1, 2392, 14001, 27.46, 28, 0x0000000000000000
2026/09/26 12:52:19.405, P1, 2392, 14001, 27.46, 28, 0x0000000000000000
2026/09/26 12:52:19.468, P1, 2392, 14001, 27.46, 28, 0x0000000000000000
2026/09/26 12:52:19.525, P1, 2392, 14001, 27.46, 28, 0x0000000000000000
2026/09/26 12:52:19.590, P1, 2392, 14001, 27.46, 28, 0x0000000000000000
2026/09/26 12:52:19.643, P1, 2392, 14001, 27.46, 28, 0x0000000000000000
2026/09/26 12:52:19.707, P1, 2392, 14001, 27.46, 28, 0x0000000000000000
2026/09/26 12:52:19.769, P1, 2392, 14001, 27.46, 28, 0x0000000000000000
2026/09/26 12:52:19.825, P1, 2392, 14001, 27.46, 28, 0x0000000000000000
2026/09/26 12:52:19.891, P1, 2392, 14001, 27.07, 8, 0x0000000000000000
2026/09/26 12:52:19.954, P1, 2392, 14001, 27.07, 8, 0x0000000000000000
2026/09/26 12:52:20.009, P1, 2392, 14001, 27.07, 8, 0x0000000000000000
2026/09/26 12:52:20.060, P1, 2392, 14001, 27.07, 8, 0x0000000000000000
2026/09/26 12:52:20.110, P1, 2392, 14001, 27.07, 8, 0x0000000000000000
2026/09/26 12:52:20.176, P1, 2392, 14001, 27.07, 8, 0x0000000000000000
2026/09/26 12:52:20.226, P1, 2392, 14001, 27.07, 8, 0x0000000000000000
2026/09/26 12:52:20.276, P1, 2392, 14001, 27.07, 8, 0x0000000000000000
2026/09/26 12:52:20.342, P0, 2392, 14001, 27.76, 10, 0x0000000000000000
2026/09/26 12:52:20.393, P0, 2392, 14001, 27.76, 10, 0x0000000000000000
2026/09/26 12:52:20.443, P0, 2392, 14001, 27.76, 10, 0x0000000000000000
2026/09/26 12:52:20.494, P0, 2392, 14001, 27.76, 10, 0x0000000000000000
2026/09/26 12:52:20.560, P0, 2392, 14001, 27.76, 10, 0x0000000000000000
2026/09/26 12:52:20.610, P0, 2392, 14001, 27.76, 10, 0x0000000000000000
2026/09/26 12:52:20.661, P0, 2392, 14001, 27.76, 10, 0x0000000000000000
2026/09/26 12:52:20.712, P0, 2392, 14001, 27.76, 10, 0x0000000000000000
2026/09/26 12:52:20.777, P0, 2392, 14001, 27.76, 10, 0x0000000000000000
2026/09/26 12:52:20.827, P0, 2392, 14001, 27.76, 10, 0x0000000000000000
2026/09/26 12:52:20.893, P1, 2392, 14001, 27.31, 28, 0x0000000000000000
2026/09/26 12:52:20.944, P1, 2392, 14001, 27.31, 28, 0x0000000000000000
2026/09/26 12:52:21.010, P1, 2392, 14001, 27.31, 28, 0x0000000000000000
2026/09/26 12:52:21.060, P1, 2392, 14001, 27.31, 28, 0x0000000000000000
2026/09/26 12:52:21.111, P1, 2392, 14001, 27.31, 28, 0x0000000000000000
2026/09/26 12:52:21.176, P1, 2392, 14001, 27.31, 28, 0x0000000000000000
2026/09/26 12:52:21.227, P1, 2392, 14001, 27.31, 28, 0x0000000000000000
2026/09/26 12:52:21.278, P1, 2392, 14001, 27.31, 28, 0x0000000000000000
2026/09/26 12:52:21.329, P1, 2392, 14001, 27.31, 28, 0x0000000000000000
2026/09/26 12:52:21.393, P1, 2392, 14001, 26.97, 10, 0x0000000000000000
2026/09/26 12:52:21.444, P1, 2392, 14001, 26.97, 10, 0x0000000000000000
2026/09/26 12:52:21.494, P1, 2392, 14001, 26.97, 10, 0x0000000000000000
2026/09/26 12:52:21.545, P1, 2392, 14001, 26.97, 10, 0x0000000000000000
2026/09/26 12:52:21.611, P1, 2392, 14001, 26.97, 10, 0x0000000000000000
2026/09/26 12:52:21.662, P1, 2392, 14001, 26.97, 10, 0x0000000000000000
2026/09/26 12:52:21.727, P1, 2392, 14001, 26.97, 10, 0x0000000000000000
2026/09/26 12:52:21.778, P1, 2392, 14001, 26.97, 10, 0x0000000000000000
2026/09/26 12:52:21.828, P1, 2392, 14001, 26.97, 10, 0x0000000000000000
2026/09/26 12:52:21.894, P1, 2392, 14001, 27.63, 14, 0x0000000000000000
2026/09/26 12:52:21.944, P1, 2392, 14001, 27.63, 14, 0x0000000000000000
2026/09/26 12:52:21.994, P1, 2392, 14001, 27.63, 14, 0x0000000000000000
2026/09/26 12:52:22.046, P1, 2392, 14001, 27.63, 14, 0x0000000000000000
2026/09/26 12:52:22.111, P1, 2392, 14001, 27.63, 14, 0x0000000000000000
2026/09/26 12:52:22.176, P1, 2392, 14001, 27.63, 14, 0x0000000000000000
2026/09/26 12:52:22.239, P1, 2392, 14001, 27.63, 14, 0x0000000000000000
2026/09/26 12:52:22.303, P1, 2392, 14001, 27.63, 14, 0x0000000000000000
2026/09/26 12:52:22.366, P1, 2392, 14001, 27.77, 20, 0x0000000000000000
2026/09/26 12:52:22.429, P1, 2392, 14001, 27.77, 20, 0x0000000000000000
2026/09/26 12:52:22.495, P1, 2392, 14001, 27.77, 20, 0x0000000000000000
2026/09/26 12:52:22.545, P1, 2392, 14001, 27.77, 20, 0x0000000000000000
2026/09/26 12:52:22.610, P1, 2392, 14001, 27.77, 20, 0x0000000000000000
2026/09/26 12:52:22.673, P1, 2392, 14001, 27.77, 20, 0x0000000000000000
2026/09/26 12:52:22.736, P1, 2392, 14001, 27.77, 20, 0x0000000000000000
2026/09/26 12:52:22.799, P1, 2392, 14001, 27.77, 20, 0x0000000000000000
2026/09/26 12:52:22.862, P1, 2392, 14001, 27.40, 12, 0x0000000000000000
2026/09/26 12:52:22.926, P1, 2392, 14001, 27.40, 12, 0x0000000000000000
2026/09/26 12:52:22.978, P1, 2392, 14001, 27.40, 12, 0x0000000000000000
2026/09/26 12:52:23.028, P1, 2392, 14001, 27.40, 12, 0x0000000000000000
2026/09/26 12:52:23.079, P1, 2392, 14001, 27.40, 12, 0x0000000000000000
2026/09/26 12:52:23.130, P1, 2392, 14001, 27.40, 12, 0x0000000000000000
2026/09/26 12:52:23.195, P1, 2392, 14001, 27.40, 12, 0x0000000000000000
2026/09/26 12:52:23.246, P1, 2392, 14001, 27.40, 12, 0x0000000000000000
2026/09/26 12:52:23.297, P1, 2392, 14001, 27.40, 12, 0x0000000000000000
2026/09/26 12:52:23.347, P1, 2392, 14001, 28.01, 12, 0x0000000000000000
2026/09/26 12:52:23.413, P1, 2392, 14001, 28.01, 12, 0x0000000000000000
2026/09/26 12:52:23.463, P1, 2392, 14001, 28.01, 12, 0x0000000000000000
2026/09/26 12:52:23.515, P1, 2392, 14001, 28.01, 12, 0x0000000000000000
2026/09/26 12:52:23.566, P1, 2392, 14001, 28.01, 12, 0x0000000000000000
2026/09/26 12:52:23.630, P1, 2392, 14001, 28.01, 12, 0x0000000000000000
2026/09/26 12:52:23.680, P1, 2392, 14001, 28.01, 12, 0x0000000000000000
2026/09/26 12:52:23.746, P1, 2392, 14001, 28.01, 12, 0x0000000000000000
2026/09/26 12:52:23.797, P1, 2392, 14001, 28.01, 12, 0x0000000000000000
2026/09/26 12:52:23.847, P1, 2392, 14001, 27.71, 11, 0x0000000000000000
2026/09/26 12:52:23.899, P1, 2392, 14001, 27.71, 11, 0x0000000000000000
2026/09/26 12:52:23.964, P1, 2392, 14001, 27.71, 11, 0x0000000000000000
2026/09/26 12:52:24.014, P1, 2392, 14001, 27.71, 11, 0x0000000000000000
2026/09/26 12:52:24.064, P1, 2392, 14001, 27.71, 11, 0x0000000000000000
2026/09/26 12:52:24.115, P1, 2392, 14001, 27.71, 11, 0x0000000000000000
2026/09/26 12:52:24.180, P1, 2392, 14001, 27.71, 11, 0x0000000000000000
2026/09/26 12:52:24.230, P1, 2392, 14001, 27.71, 11, 0x0000000000000000
2026/09/26 12:52:24.280, P1, 2392, 14001, 27.71, 11, 0x0000000000000000
2026/09/26 12:52:24.330, P1, 2392, 14001, 27.71, 11, 0x0000000000000000
2026/09/26 12:52:24.381, P0, 2392, 14201, 27.75, 20, 0x0000000000000000
2026/09/26 12:52:24.447, P0, 2392, 14201, 27.75, 20, 0x0000000000000000
2026/09/26 12:52:24.497, P0, 2392, 14201, 27.75, 20, 0x0000000000000000
2026/09/26 12:52:24.548, P0, 2392, 14201, 27.75, 20, 0x0000000000000000
2026/09/26 12:52:24.614, P0, 2392, 14201, 27.75, 20, 0x0000000000000000
2026/09/26 12:52:24.665, P0, 2392, 14201, 27.75, 20, 0x0000000000000000
2026/09/26 12:52:24.730, P0, 2392, 14201, 27.75, 20, 0x0000000000000000
2026/09/26 12:52:24.781, P0, 2392, 14201, 27.75, 20, 0x0000000000000000
2026/09/26 12:52:24.832, P0, 2392, 14201, 27.75, 20, 0x0000000000000000
2026/09/26 12:52:24.897, P1, 2392, 14001, 27.84, 27, 0x0000000000000000
2026/09/26 12:52:24.964, P1, 2392, 14001, 27.84, 27, 0x0000000000000000
2026/09/26 12:52:25.015, P1, 2392, 14001, 27.84, 27, 0x0000000000000000
2026/09/26 12:52:25.081, P1, 2392, 14001, 27.84, 27, 0x0000000000000000
2026/09/26 12:52:25.132, P1, 2392, 14001, 27.84, 27, 0x0000000000000000
2026/09/26 12:52:25.196, P1, 2392, 14001, 27.84, 27, 0x0000000000000000
2026/09/26 12:52:25.259, P1, 2392, 14001, 27.84, 27, 0x0000000000000000
2026/09/26 12:52:25.322, P1, 2392, 14001, 27.84, 27, 0x0000000000000000
2026/09/26 12:52:25.385, P1, 2392, 14001, 27.03, 6, 0x0000000000000000
2026/09/26 12:52:25.438, P1, 2392, 14001, 27.03, 6, 0x0000000000000000
2026/09/26 12:52:25.501, P1, 2392, 14001, 27.03, 6, 0x0000000000000000
2026/09/26 12:52:25.565, P1, 2392, 14001, 27.03, 6, 0x0000000000000000
2026/09/26 12:52:25.616, P1, 2392, 14001, 27.03, 6, 0x0000000000000000
2026/09/26 12:52:25.680, P1, 2392, 14001, 27.03, 6, 0x0000000000000000
2026/09/26 12:52:25.745, P1, 2392, 14001, 27.03, 6, 0x0000000000000000
2026/09/26 12:52:25.809, P1, 2392, 14001, 27.03, 6, 0x0000000000000000
2026/09/26 12:52:25.872, P0, 2392, 14201, 27.74, 28, 0x0000000000000000
2026/09/26 12:52:25.935, P0, 2392, 14201, 27.74, 28, 0x0000000000000000
2026/09/26 12:52:25.997, P0, 2392, 14201, 27.74, 28, 0x0000000000000000
2026/09/26 12:52:26.049, P0, 2392, 14201, 27.74, 28, 0x0000000000000000
2026/09/26 12:52:26.100, P0, 2392, 14201, 27.74, 28, 0x0000000000000000
2026/09/26 12:52:26.154, P0, 2392, 14201, 27.74, 28, 0x0000000000000000
2026/09/26 12:52:26.215, P0, 2392, 14201, 27.74, 28, 0x0000000000000000
2026/09/26 12:52:26.265, P0, 2392, 14201, 27.74, 28, 0x0000000000000000
2026/09/26 12:52:26.316, P0, 2392, 14201, 27.74, 28, 0x0000000000000000
2026/09/26 12:52:26.366, P1, 2392, 14001, 27.98, 25, 0x0000000000000000
2026/09/26 12:52:26.432, P1, 2392, 14001, 27.98, 25, 0x0000000000000000
2026/09/26 12:52:26.483, P1, 2392, 14001, 27.98, 25, 0x0000000000000000
2026/09/26 12:52:26.534, P1, 2392, 14001, 27.98, 25, 0x0000000000000000
2026/09/26 12:52:26.599, P1, 2392, 14001, 27.98, 25, 0x0000000000000000
2026/09/26 12:52:26.649, P1, 2392, 14001, 27.98, 25, 0x0000000000000000
2026/09/26 12:52:26.700, P1, 2392, 14001, 27.98, 25, 0x0000000000000000
2026/09/26 12:52:26.753, P1, 2392, 14001, 27.98, 25, 0x0000000000000000
2026/09/26 12:52:26.816, P1, 2392, 14001, 27.98, 25, 0x0000000000000000
2026/09/26 12:52:26.867, P1, 2392, 14001, 27.66, 11, 0x0000000000000000
2026/09/26 12:52:26.917, P1, 2392, 14001, 27.66, 11, 0x0000000000000000
2026/09/26 12:52:26.970, P1, 2392, 14001, 27.66, 11, 0x0000000000000000
2026/09/26 12:52:27.033, P1, 2392, 14001, 27.66, 11, 0x0000000000000000
2026/09/26 12:52:27.084, P1, 2392, 14001, 27.66, 11, 0x0000000000000000
2026/09/26 12:52:27.150, P1, 2392, 14001, 27.66, 11, 0x0000000000000000
2026/09/26 12:52:27.200, P1, 2392, 14001, 27.66, 11, 0x0000000000000000
2026/09/26 12:52:27.251, P1, 2392, 14001, 27.66, 11, 0x0000000000000000
2026/09/26 12:52:27.316, P1, 2392, 14001, 27.66, 11, 0x0000000000000000
2026/09/26 12:52:27.367, P1, 2392, 14001, 27.73, 12, 0x0000000000000000
2026/09/26 12:52:27.418, P1, 2392, 14001, 27.73, 12, 0x0000000000000000
2026/09/26 12:52:27.483, P1, 2392, 14001, 27.73, 12, 0x0000000000000000
2026/09/26 12:52:27.534, P1, 2392, 14001, 27.73, 12, 0x0000000000000000
2026/09/26 12:52:27.584, P1, 2392, 14001, 27.73, 12, 0x0000000000000000
2026/09/26 12:52:27.650, P1, 2392, 14001, 27.73, 12, 0x0000000000000000
2026/09/26 12:52:27.701, P1, 2392, 14001, 27.73, 12, 0x0000000000000000
2026/09/26 12:52:27.752, P1, 2392, 14001, 27.73, 12, 0x0000000000000000
2026/09/26 12:52:27.817, P1, 2392, 14001, 27.73, 12, 0x0000000000000000
2026/09/26 12:52:27.868, P1, 2392, 14001, 27.82, 18, 0x0000000000000000
2026/09/26 12:52:27.933, P1, 2392, 14001, 27.82, 18, 0x0000000000000000
2026/09/26 12:52:27.984, P1, 2392, 14001, 27.82, 18, 0x0000000000000000
2026/09/26 12:52:28.034, P1, 2392, 14001, 27.82, 18, 0x0000000000000000
2026/09/26 12:52:28.085, P1, 2392, 14001, 27.82, 18, 0x0000000000000000
2026/09/26 12:52:28.150, P1, 2392, 14001, 27.82, 18, 0x0000000000000000
2026/09/26 12:52:28.201, P1, 2392, 14001, 27.82, 18, 0x0000000000000000
2026/09/26 12:52:28.266, P1, 2392, 14001, 27.82, 18, 0x0000000000000000
2026/09/26 12:52:28.316, P1, 2392, 14001, 27.82, 18, 0x0000000000000000
2026/09/26 12:52:28.381, P0, 2392, 14201, 27.64, 5, 0x0000000000000000
2026/09/26 12:52:28.444, P0, 2392, 14201, 27.64, 5, 0x0000000000000000
2026/09/26 12:52:28.502, P0, 2392, 14201, 27.64, 5, 0x0000000000000000
2026/09/26 12:52:28.567, P0, 2392, 14201, 27.64, 5, 0x0000000000000000
2026/09/26 12:52:28.632, P0, 2392, 14201, 27.64, 5, 0x0000000000000000
2026/09/26 12:52:28.685, P0, 2392, 14201, 27.64, 5, 0x0000000000000000
2026/09/26 12:52:28.749, P0, 2392, 14201, 27.64, 5, 0x0000000000000000
2026/09/26 12:52:28.812, P0, 2392, 14201, 27.64, 5, 0x0000000000000000
2026/09/26 12:52:28.867, P1, 2392, 14001, 27.58, 23, 0x0000000000000000
2026/09/26 12:52:28.932, P1, 2392, 14001, 27.58, 23, 0x0000000000000000
2026/09/26 12:52:28.995, P1, 2392, 14001, 27.58, 23, 0x0000000000000000
2026/09/26 12:52:29.052, P1, 2392, 14001, 27.58, 23, 0x0000000000000000
2026/09/26 12:52:29.102, P1, 2392, 14001, 27.58, 23, 0x0000000000000000
2026/09/26 12:52:29.168, P1, 2392, 14001, 27.58, 23, 0x0000000000000000
2026/09/26 12:52:29.219, P1, 2392, 14001, 27.58, 23, 0x0000000000000000
2026/09/26 12:52:29.270, P1, 2392, 14001, 27.58, 23, 0x0000000000000000
2026/09/26 12:52:29.335, P1, 2392, 14001, 27.58, 23, 0x0000000000000000
2026/09/26 12:52:29.385, P1, 2392, 14001, 27.10, 6, 0x0000000000000000
2026/09/26 12:52:29.436, P1, 2392, 14001, 27.10, 6, 0x0000000000000000
2026/09/26 12:52:29.502, P1, 2392, 14001, 27.10, 6, 0x0000000000000000
2026/09/26 12:52:29.553, P1, 2392, 14001, 27.10, 6, 0x0000000000000000
2026/09/26 12:52:29.619, P1, 2392, 14001, 27.10, 6, 0x0000000000000000
2026/09/26 12:52:29.670, P1, 2392, 14001, 27.10, 6, 0x0000000000000000
2026/09/26 12:52:29.721, P1, 2392, 14001, 27.10, 6, 0x0000000000000000
2026/09/26 12:52:29.786, P1, 2392, 14001, 27.10, 6, 0x0000000000000000
2026/09/26 12:52:29.836, P1, 2392, 14001, 27.10, 6, 0x0000000000000000
2026/09/26 12:52:29.887, P0, 2392, 14001, 27.85, 11, 0x0000000000000000
2026/09/26 12:52:29.953, P0, 2392, 14001, 27.85, 11, 0x0000000000000000
2026/09/26 12:52:30.003, P0, 2392, 14001, 27.85, 11, 0x0000000000000000
2026/09/26 12:52:30.053, P0, 2392, 14001, 27.85, 11, 0x0000000000000000
2026/09/26 12:52:30.104, P0, 2392, 14001, 27.85, 11, 0x0000000000000000
2026/09/26 12:52:30.169, P0, 2392, 14001, 27.85, 11, 0x0000000000000000
2026/09/26 12:52:30.220, P0, 2392, 14001, 27.85, 11, 0x0000000000000000
2026/09/26 12:52:30.287, P0, 2392, 14001, 27.85, 11, 0x0000000000000000
2026/09/26 12:52:30.337, P0, 2392, 14001, 27.85, 11, 0x0000000000000000
2026/09/26 12:52:30.388, P1, 2392, 14001, 27.74, 27, 0x0000000000000000
2026/09/26 12:52:30.453, P1, 2392, 14001, 27.74, 27, 0x0000000000000000
2026/09/26 12:52:30.503, P1, 2392, 14001, 27.74, 27, 0x0000000000000000
2026/09/26 12:52:30.554, P1, 2392, 14001, 27.74, 27, 0x0000000000000000
2026/09/26 12:52:30.620, P1, 2392, 14001, 27.74, 27, 0x0000000000000000
2026/09/26 12:52:30.670, P1, 2392, 14001, 27.74, 27, 0x0000000000000000
2026/09/26 12:52:30.720, P1, 2392, 14001, 27.74, 27, 0x0000000000000000
2026/09/26 12:52:30.771, P1, 2392, 14001, 27.74, 27, 0x0000000000000000
2026/09/26 12:52:30.836, P1, 2392, 14001, 27.74, 27, 0x0000000000000000
2026/09/26 12:52:30.887, P1, 2392, 14001, 27.46, 27, 0x0000000000000000
2026/09/26 12:52:30.938, P1, 2392, 14001, 27.46, 27, 0x0000000000000000
2026/09/26 12:52:30.988, P1, 2392, 14001, 27.46, 27, 0x0000000000000000
2026/09/26 12:52:31.040, P1, 2392, 14001, 27.46, 27, 0x0000000000000000
2026/09/26 12:52:31.104, P1, 2392, 14001, 27.46, 27, 0x0000000000000000
2026/09/26 12:52:31.154, P1, 2392, 14001, 27.46, 27, 0x0000000000000000
2026/09/26 12:52:31.219, P1, 2392, 14001, 27.46, 27, 0x0000000000000000
2026/09/26 12:52:31.282, P1, 2392, 14001, 27.46, 27, 0x0000000000000000
2026/09/26 12:52:31.346, P0, 2392, 14201, 27.76, 4, 0x0000000000000000
2026/09/26 12:52:31.409, P0, 2392, 14201, 27.76, 4, 0x0000000000000000
2026/09/26 12:52:31.472, P0, 2392, 14201, 27.76, 4, 0x0000000000000000
2026/09/26 12:52:31.538, P0, 2392, 14201, 27.76, 4, 0x0000000000000000
2026/09/26 12:52:31.602, P0, 2392, 14201, 27.76, 4, 0x0000000000000000
2026/09/26 12:52:31.655, P0, 2392, 14201, 27.76, 4, 0x0000000000000000
2026/09/26 12:52:31.720, P0, 2392, 14201, 27.76, 4, 0x0000000000000000
2026/09/26 12:52:31.783, P0, 2392, 14201, 27.76, 4, 0x0000000000000000
2026/09/26 12:52:31.846, P0, 2392, 14001, 28.00, 28, 0x0000000000000000
2026/09/26 12:52:31.909, P0, 2392, 14001, 28.00, 28, 0x0000000000000000
2026/09/26 12:52:31.972, P0, 2392, 14001, 28.00, 28, 0x0000000000000000
2026/09/26 12:52:32.036, P0, 2392, 14001, 28.00, 28, 0x0000000000000000
2026/09/26 12:52:32.088, P0, 2392, 14001, 28.00, 28, 0x0000000000000000
2026/09/26 12:52:32.138, P0, 2392, 14001, 28.00, 28, 0x0000000000000000
2026/09/26 12:52:32.189, P0, 2392, 14001, 28.00, 28, 0x0000000000000000
2026/09/26 12:52:32.254, P0, 2392, 14001, 28.00, 28, 0x0000000000000000
2026/09/26 12:52:32.305, P0, 2392, 14001, 28.00, 28, 0x0000000000000000
2026/09/26 12:52:32.355, P1, 2392, 14001, 27.86, 12, 0x0000000000000000
2026/09/26 12:52:32.420, P1, 2392, 14001, 27.86, 12, 0x0000000000000000
2026/09/26 12:52:32.472, P1, 2392, 14001, 27.86, 12, 0x0000000000000000
2026/09/26 12:52:32.539, P1, 2392, 14001, 27.86, 12, 0x0000000000000000
2026/09/26 12:52:32.606, P1, 2392, 14001, 27.86, 12, 0x0000000000000000
2026/09/26 12:52:32.656, P1, 2392, 14001, 27.86, 12, 0x0000000000000000
2026/09/26 12:52:32.721, P1, 2392, 14001, 27.86, 12, 0x0000000000000000
2026/09/26 12:52:32.772, P1, 2392, 14001, 27.86, 12, 0x0000000000000000
2026/09/26 12:52:32.822, P1, 2392, 14001, 27.86, 12, 0x0000000000000000
2026/09/26 12:52:32.872, P1, 2392, 14001, 27.72, 4, 0x0000000000000000
2026/09/26 12:52:32.939, P1, 2392, 14001, 27.72, 4, 0x0000000000000000
2026/09/26 12:52:32.989, P1, 2392, 14001, 27.72, 4, 0x0000000000000000
2026/09/26 12:52:33.039, P1, 2392, 14001, 27.72, 4, 0x0000000000000000
2026/09/26 12:52:33.090, P1, 2392, 14001, 27.72, 4, 0x0000000000000000
2026/09/26 12:52:33.156, P1, 2392, 14001, 27.72, 4, 0x0000000000000000
2026/09/26 12:52:33.206, P1, 2392, 14001, 27.72, 4, 0x0000000000000000
2026/09/26 12:52:33.257, P1, 2392, 14001, 27.72, 4, 0x0000000000000000
2026/09/26 12:52:33.322, P1, 2392, 14001, 27.72, 4, 0x0000000000000000
2026/09/26 12:52:33.372, P0, 2392, 14201, 28.00, 28, 0x0000000000000000
2026/09/26 12:52:33.424, P0, 2392, 14201, 28.00, 28, 0x0000000000000000
2026/09/26 12:52:33.490, P0, 2392, 14201, 28.00, 28, 0x0000000000000000
2026/09/26 12:52:33.556, P0, 2392, 14201, 28.00, 28, 0x0000000000000000
2026/09/26 12:52:33.606, P0, 2392, 14201, 28.00, 28, 0x0000000000000000
2026/09/26 12:52:33.657, P0, 2392, 14201, 28.00, 28, 0x0000000000000000
2026/09/26 12:52:33.722, P0, 2392, 14201, 28.00, 28, 0x0000000000000000
2026/09/26 12:52:33.773, P0, 2392, 14201, 28.00, 28, 0x0000000000000000
2026/09/26 12:52:33.827, P0, 2392, 14201, 28.00, 28, 0x0000000000000000
2026/09/26 12:52:33.889, P1, 2392, 14001, 27.53, 28, 0x0000000000000000
2026/09/26 12:52:33.940, P1, 2392, 14001, 27.53, 28, 0x0000000000000000
2026/09/26 12:52:33.990, P1, 2392, 14001, 27.53, 28, 0x0000000000000000
2026/09/26 12:52:34.040, P1, 2392, 14001, 27.53, 28, 0x0000000000000000
2026/09/26 12:52:34.091, P1, 2392, 14001, 27.53, 28, 0x0000000000000000
2026/09/26 12:52:34.156, P1, 2392, 14001, 27.53, 28, 0x0000000000000000
2026/09/26 12:52:34.220, P1, 2392, 14001, 27.53, 28, 0x0000000000000000
2026/09/26 12:52:34.284, P1, 2392, 14001, 27.53, 28, 0x0000000000000000
2026/09/26 12:52:34.347, P1, 2392, 14001, 27.41, 6, 0x0000000000000000
2026/09/26 12:52:34.410, P1, 2392, 14001, 27.41, 6, 0x0000000000000000
2026/09/26 12:52:34.474, P1, 2392, 14001, 27.41, 6, 0x0000000000000000
2026/09/26 12:52:34.541, P1, 2392, 14001, 27.41, 6, 0x0000000000000000
2026/09/26 12:52:34.591, P1, 2392, 14001, 27.41, 6, 0x0000000000000000
2026/09/26 12:52:34.657, P1, 2392, 14001, 27.41, 6, 0x0000000000000000
2026/09/26 12:52:34.723, P1, 2392, 14001, 27.41, 6, 0x0000000000000000
2026/09/26 12:52:34.786, P1, 2392, 14001, 27.41, 6, 0x0000000000000000
2026/09/26 12:52:34.850, P0, 2392, 14201, 28.33, 28, 0x0000000000000000
2026/09/26 12:52:34.914, P0, 2392, 14201, 28.33, 28, 0x0000000000000000
2026/09/26 12:52:34.977, P0, 2392, 14201, 28.33, 28, 0x0000000000000000
2026/09/26 12:52:35.035, P0, 2392, 14201, 28.33, 28, 0x0000000000000000
2026/09/26 12:52:35.092, P0, 2392, 14201, 28.33, 28, 0x0000000000000000
2026/09/26 12:52:35.142, P0, 2392, 14201, 28.33, 28, 0x0000000000000000
2026/09/26 12:52:35.192, P0, 2392, 14201, 28.33, 28, 0x0000000000000000
2026/09/26 12:52:35.245, P0, 2392, 14201, 28.33, 28, 0x0000000000000000
2026/09/26 12:52:35.307, P0, 2392, 14201, 28.33, 28, 0x0000000000000000
2026/09/26 12:52:35.358, P1, 2392, 14001, 27.31, 3, 0x0000000000000000
2026/09/26 12:52:35.423, P1, 2392, 14001, 27.31, 3, 0x0000000000000000
2026/09/26 12:52:35.475, P1, 2392, 14001, 27.31, 3, 0x0000000000000000
2026/09/26 12:52:35.541, P1, 2392, 14001, 27.31, 3, 0x0000000000000000
2026/09/26 12:52:35.608, P1, 2392, 14001, 27.31, 3, 0x0000000000000000
2026/09/26 12:52:35.659, P1, 2392, 14001, 27.31, 3, 0x0000000000000000
2026/09/26 12:52:35.709, P1, 2392, 14001, 27.31, 3, 0x0000000000000000
2026/09/26 12:52:35.775, P1, 2392, 14001, 27.31, 3, 0x0000000000000000
2026/09/26 12:52:35.826, P1, 2392, 14001, 27.31, 3, 0x0000000000000000
2026/09/26 12:52:35.878, P1, 2392, 14001, 31.56, 61, 0x0000000000000000
2026/09/26 12:52:35.942, P1, 2392, 14001, 31.56, 61, 0x0000000000000000
2026/09/26 12:52:35.993, P1, 2392, 14001, 31.56, 61, 0x0000000000000000
2026/09/26 12:52:36.045, P1, 2392, 14001, 31.56, 61, 0x0000000000000000
2026/09/26 12:52:36.109, P1, 2392, 14001, 31.56, 61, 0x0000000000000000
2026/09/26 12:52:36.160, P1, 2392, 14001, 31.56, 61, 0x0000000000000000
2026/09/26 12:52:36.226, P1, 2392, 14001, 31.56, 61, 0x0000000000000000
2026/09/26 12:52:36.292, P1, 2392, 14001, 31.56, 61, 0x0000000000000000
2026/09/26 12:52:36.343, P1, 2392, 14001, 31.56, 61, 0x0000000000000000
2026/09/26 12:52:36.393, P1, 2392, 14001, 34.79, 33, 0x0000000000000000
2026/09/26 12:52:36.443, P1, 2392, 14001, 34.79, 33, 0x0000000000000000
2026/09/26 12:52:36.494, P1, 2392, 14001, 34.79, 33, 0x0000000000000000
2026/09/26 12:52:36.559, P1, 2392, 14001, 34.79, 33, 0x0000000000000000
2026/09/26 12:52:36.609, P1, 2392, 14001, 34.79, 33, 0x0000000000000000
2026/09/26 12:52:36.659, P1, 2392, 14001, 34.79, 33, 0x0000000000000000
2026/09/26 12:52:36.711, P1, 2392, 14001, 34.79, 33, 0x0000000000000000
2026/09/26 12:52:36.776, P1, 2392, 14001, 34.79, 33, 0x0000000000000000
2026/09/26 12:52:36.827, P1, 2392, 14001, 34.79, 33, 0x0000000000000000
2026/09/26 12:52:36.893, P0, 2392, 14201, 35.55, 60, 0x0000000000000000
2026/09/26 12:52:36.944, P0, 2392, 14201, 35.55, 60, 0x0000000000000000
2026/09/26 12:52:37.010, P0, 2392, 14201, 35.55, 60, 0x0000000000000000
2026/09/26 12:52:37.061, P0, 2392, 14201, 35.55, 60, 0x0000000000000000
2026/09/26 12:52:37.127, P0, 2392, 14201, 35.55, 60, 0x0000000000000000
2026/09/26 12:52:37.178, P0, 2392, 14201, 35.55, 60, 0x0000000000000000
2026/09/26 12:52:37.243, P0, 2392, 14201, 35.55, 60, 0x0000000000000000
2026/09/26 12:52:37.295, P0, 2392, 14201, 35.55, 60, 0x0000000000000000
2026/09/26 12:52:37.360, P1, 2392, 14001, 37.63, 60, 0x0000000000000000
2026/09/26 12:52:37.423, P1, 2392, 14001, 37.63, 60, 0x0000000000000000
2026/09/26 12:52:37.477, P1, 2392, 14001, 37.63, 60, 0x0000000000000000
2026/09/26 12:52:37.527, P1, 2392, 14001, 37.63, 60, 0x0000000000000000
2026/09/26 12:52:37.578, P1, 2392, 14001, 37.63, 60, 0x0000000000000000
2026/09/26 12:52:37.640, P1, 2392, 14001, 37.63, 60, 0x0000000000000000
2026/09/26 12:52:37.703, P1, 2392, 14001, 37.63, 60, 0x0000000000000000
2026/09/26 12:52:37.760, P1, 2392, 14001, 37.63, 60, 0x0000000000000000
2026/09/26 12:52:37.811, P1, 2392, 14001, 37.63, 60, 0x0000000000000000
2026/09/26 12:52:37.877, P1, 2392, 14001, 34.59, 23, 0x0000000000000000
2026/09/26 12:52:37.940, P1, 2392, 14001, 34.59, 23, 0x0000000000000000
2026/09/26 12:52:37.995, P1, 2392, 14001, 34.59, 23, 0x0000000000000000
2026/09/26 12:52:38.061, P1, 2392, 14001, 34.59, 23, 0x0000000000000000
2026/09/26 12:52:38.112, P1, 2392, 14001, 34.59, 23, 0x0000000000000000
2026/09/26 12:52:38.178, P1, 2392, 14001, 34.59, 23, 0x0000000000000000
2026/09/26 12:52:38.228, P1, 2392, 14001, 34.59, 23, 0x0000000000000000
2026/09/26 12:52:38.294, P1, 2392, 14001, 34.59, 23, 0x0000000000000000
2026/09/26 12:52:38.362, P0, 2392, 14201, 35.86, 62, 0x0000000000000000
2026/09/26 12:52:38.412, P0, 2392, 14201, 35.86, 62, 0x0000000000000000
2026/09/26 12:52:38.463, P0, 2392, 14201, 35.86, 62, 0x0000000000000000
2026/09/26 12:52:38.513, P0, 2392, 14201, 35.86, 62, 0x0000000000000000
2026/09/26 12:52:38.578, P0, 2392, 14201, 35.86, 62, 0x0000000000000000
2026/09/26 12:52:38.629, P0, 2392, 14201, 35.86, 62, 0x0000000000000000
2026/09/26 12:52:38.680, P0, 2392, 14201, 35.86, 62, 0x0000000000000000
2026/09/26 12:52:38.745, P0, 2392, 14201, 35.86, 62, 0x0000000000000000
2026/09/26 12:52:38.796, P0, 2392, 14201, 35.86, 62, 0x0000000000000000
2026/09/26 12:52:38.846, P0, 2392, 14201, 35.86, 62, 0x0000000000000000
2026/09/26 12:52:38.911, P1, 2392, 14001, 34.93, 32, 0x0000000000000000
2026/09/26 12:52:38.963, P1, 2392, 14001, 34.93, 32, 0x0000000000000000
2026/09/26 12:52:39.028, P1, 2392, 14001, 34.93, 32, 0x0000000000000000
2026/09/26 12:52:39.079, P1, 2392, 14001, 34.93, 32, 0x0000000000000000
2026/09/26 12:52:39.145, P1, 2392, 14001, 34.93, 32, 0x0000000000000000
2026/09/26 12:52:39.195, P1, 2392, 14001, 34.93, 32, 0x0000000000000000
2026/09/26 12:52:39.246, P1, 2392, 14001, 34.93, 32, 0x0000000000000000
2026/09/26 12:52:39.296, P1, 2392, 14001, 34.93, 32, 0x0000000000000000
2026/09/26 12:52:39.362, P1, 2392, 14001, 34.74, 30, 0x0000000000000000
2026/09/26 12:52:39.429, P1, 2392, 14001, 34.74, 30, 0x0000000000000000
2026/09/26 12:52:39.480, P1, 2392, 14001, 34.74, 30, 0x0000000000000000
2026/09/26 12:52:39.546, P1, 2392, 14001, 34.74, 30, 0x0000000000000000
2026/09/26 12:52:39.597, P1, 2392, 14001, 34.74, 30, 0x0000000000000000
2026/09/26 12:52:39.663, P1, 2392, 14001, 34.74, 30, 0x0000000000000000
2026/09/26 12:52:39.713, P1, 2392, 14001, 34.74, 30, 0x0000000000000000
2026/09/26 12:52:39.779, P1, 2392, 14001, 34.74, 30, 0x0000000000000000
2026/09/26 12:52:39.830, P1, 2392, 14001, 34.74, 30, 0x0000000000000000
2026/09/26 12:52:39.881, P1, 2392, 14001, 35.76, 60, 0x0000000000000000
2026/09/26 12:52:39.945, P1, 2392, 14001, 35.76, 60, 0x0000000000000000
2026/09/26 12:52:39.996, P1, 2392, 14001, 35.76, 60, 0x0000000000000000
2026/09/26 12:52:40.046, P1, 2392, 14001, 35.76, 60, 0x0000000000000000
2026/09/26 12:52:40.097, P1, 2392, 14001, 35.76, 60, 0x0000000000000000
2026/09/26 12:52:40.162, P1, 2392, 14001, 35.76, 60, 0x0000000000000000
2026/09/26 12:52:40.226, P1, 2392, 14001, 35.76, 60, 0x0000000000000000
2026/09/26 12:52:40.289, P1, 2392, 14001, 35.76, 60, 0x0000000000000000
2026/09/26 12:52:40.352, P1, 2392, 14001, 33.54, 3, 0x0000000000000000
2026/09/26 12:52:40.415, P1, 2392, 14001, 33.54, 3, 0x0000000000000000
2026/09/26 12:52:40.480, P1, 2392, 14001, 33.54, 3, 0x0000000000000000
2026/09/26 12:52:40.531, P1, 2392, 14001, 33.54, 3, 0x0000000000000000
2026/09/26 12:52:40.595, P1, 2392, 14001, 33.54, 3, 0x0000000000000000
2026/09/26 12:52:40.661, P1, 2392, 14001, 33.54, 3, 0x0000000000000000
2026/09/26 12:52:40.714, P1, 2392, 14001, 33.54, 3, 0x0000000000000000
2026/09/26 12:52:40.779, P1, 2392, 14001, 33.54, 3, 0x0000000000000000
2026/09/26 12:52:40.843, P1, 2392, 14001, 33.54, 3, 0x0000000000000000
2026/09/26 12:52:40.907, P1, 2392, 14001, 35.60, 60, 0x0000000000000000
2026/09/26 12:52:40.971, P1, 2392, 14001, 35.60, 60, 0x0000000000000000
2026/09/26 12:52:41.030, P1, 2392, 14001, 35.60, 60, 0x0000000000000000
2026/09/26 12:52:41.081, P1, 2392, 14001, 35.60, 60, 0x0000000000000000
2026/09/26 12:52:41.131, P1, 2392, 14001, 35.60, 60, 0x0000000000000000
2026/09/26 12:52:41.198, P1, 2392, 14001, 35.60, 60, 0x0000000000000000
2026/09/26 12:52:41.248, P1, 2392, 14001, 35.60, 60, 0x0000000000000000
2026/09/26 12:52:41.302, P1, 2392, 14001, 35.60, 60, 0x0000000000000000
2026/09/26 12:52:41.364, P1, 2392, 14001, 33.84, 35, 0x0000000000000000
2026/09/26 12:52:41.414, P1, 2392, 14001, 33.84, 35, 0x0000000000000000
2026/09/26 12:52:41.465, P1, 2392, 14001, 33.84, 35, 0x0000000000000000
2026/09/26 12:52:41.517, P1, 2392, 14001, 33.84, 35, 0x0000000000000000
2026/09/26 12:52:41.580, P1, 2392, 14001, 33.84, 35, 0x0000000000000000
2026/09/26 12:52:41.631, P1, 2392, 14001, 33.84, 35, 0x0000000000000000
2026/09/26 12:52:41.682, P1, 2392, 14001, 33.84, 35, 0x0000000000000000
2026/09/26 12:52:41.746, P1, 2392, 14001, 33.84, 35, 0x0000000000000000
2026/09/26 12:52:41.798, P1, 2392, 14001, 33.84, 35, 0x0000000000000000
2026/09/26 12:52:41.849, P0, 2392, 14201, 35.68, 59, 0x0000000000000000
2026/09/26 12:52:41.902, P0, 2392, 14201, 35.68, 59, 0x0000000000000000
2026/09/26 12:52:41.965, P0, 2392, 14201, 35.68, 59, 0x0000000000000000
2026/09/26 12:52:42.015, P0, 2392, 14201, 35.68, 59, 0x0000000000000000
2026/09/26 12:52:42.082, P0, 2392, 14201, 35.68, 59, 0x0000000000000000
2026/09/26 12:52:42.149, P0, 2392, 14201, 35.68, 59, 0x0000000000000000
2026/09/26 12:52:42.199, P0, 2392, 14201, 35.68, 59, 0x0000000000000000
2026/09/26 12:52:42.265, P0, 2392, 14201, 35.68, 59, 0x0000000000000000
2026/09/26 12:52:42.316, P0, 2392, 14201, 35.68, 59, 0x0000000000000000
2026/09/26 12:52:42.366, P1, 2392, 14001, 35.88, 40, 0x0000000000000000
2026/09/26 12:52:42.432, P1, 2392, 14001, 35.88, 40, 0x0000000000000000
2026/09/26 12:52:42.483, P1, 2392, 14001, 35.88, 40, 0x0000000000000000
2026/09/26 12:52:42.536, P1, 2392, 14001, 35.88, 40, 0x0000000000000000
2026/09/26 12:52:42.600, P1, 2392, 14001, 35.88, 40, 0x0000000000000000
2026/09/26 12:52:42.650, P1, 2392, 14001, 35.88, 40, 0x0000000000000000
2026/09/26 12:52:42.716, P1, 2392, 14001, 35.88, 40, 0x0000000000000000
2026/09/26 12:52:42.767, P1, 2392, 14001, 35.88, 40, 0x0000000000000000
2026/09/26 12:52:42.832, P1, 2392, 14001, 35.88, 40, 0x0000000000000000
2026/09/26 12:52:42.883, P1, 2392, 14201, 34.40, 11, 0x0000000000000000
2026/09/26 12:52:42.948, P1, 2392, 14201, 34.40, 11, 0x0000000000000000
2026/09/26 12:52:42.999, P1, 2392, 14201, 34.40, 11, 0x0000000000000000
2026/09/26 12:52:43.049, P1, 2392, 14201, 34.40, 11, 0x0000000000000000
2026/09/26 12:52:43.100, P1, 2392, 14201, 34.40, 11, 0x0000000000000000
2026/09/26 12:52:43.150, P1, 2392, 14201, 34.40, 11, 0x0000000000000000
2026/09/26 12:52:43.214, P1, 2392, 14201, 34.40, 11, 0x0000000000000000
2026/09/26 12:52:43.277, P1, 2392, 14201, 34.40, 11, 0x0000000000000000
2026/09/26 12:52:43.340, P1, 2392, 14201, 34.40, 11, 0x0000000000000000
2026/09/26 12:52:43.404, P1, 2392, 14001, 33.90, 55, 0x0000000000000000
2026/09/26 12:52:43.467, P1, 2392, 14001, 33.90, 55, 0x0000000000000000
2026/09/26 12:52:43.534, P1, 2392, 14001, 33.90, 55, 0x0000000000000000
2026/09/26 12:52:43.600, P1, 2392, 14001, 33.90, 55, 0x0000000000000000
2026/09/26 12:52:43.651, P1, 2392, 14001, 33.90, 55, 0x0000000000000000
2026/09/26 12:52:43.717, P1, 2392, 14001, 33.90, 55, 0x0000000000000000
2026/09/26 12:52:43.779, P1, 2392, 14001, 33.90, 55, 0x0000000000000000
2026/09/26 12:52:43.843, P1, 2392, 14001, 33.90, 55, 0x0000000000000000
2026/09/26 12:52:43.906, P1, 2392, 14001, 33.83, 7, 0x0000000000000000
2026/09/26 12:52:43.970, P1, 2392, 14001, 33.83, 7, 0x0000000000000000
2026/09/26 12:52:44.034, P1, 2392, 14001, 33.83, 7, 0x0000000000000000
2026/09/26 12:52:44.084, P1, 2392, 14001, 33.83, 7, 0x0000000000000000
2026/09/26 12:52:44.134, P1, 2392, 14001, 33.83, 7, 0x0000000000000000
2026/09/26 12:52:44.187, P1, 2392, 14001, 33.83, 7, 0x0000000000000000
2026/09/26 12:52:44.250, P1, 2392, 14001, 33.83, 7, 0x0000000000000000
2026/09/26 12:52:44.301, P1, 2392, 14001, 33.83, 7, 0x0000000000000000
2026/09/26 12:52:44.354, P1, 2392, 14001, 36.55, 47, 0x0000000000000000
2026/09/26 12:52:44.417, P1, 2392, 14001, 36.55, 47, 0x0000000000000000
2026/09/26 12:52:44.468, P1, 2392, 14001, 36.55, 47, 0x0000000000000000
2026/09/26 12:52:44.534, P1, 2392, 14001, 36.55, 47, 0x0000000000000000
2026/09/26 12:52:44.585, P1, 2392, 14001, 36.55, 47, 0x0000000000000000
2026/09/26 12:52:44.651, P1, 2392, 14001, 36.55, 47, 0x0000000000000000
2026/09/26 12:52:44.701, P1, 2392, 14001, 36.55, 47, 0x0000000000000000
2026/09/26 12:52:44.752, P1, 2392, 14001, 36.55, 47, 0x0000000000000000
2026/09/26 12:52:44.818, P1, 2392, 14001, 36.55, 47, 0x0000000000000000
2026/09/26 12:52:44.868, P0, 2392, 14201, 34.19, 11, 0x0000000000000000
2026/09/26 12:52:44.919, P0, 2392, 14201, 34.19, 11, 0x0000000000000000
2026/09/26 12:52:44.969, P0, 2392, 14201, 34.19, 11, 0x0000000000000000
2026/09/26 12:52:45.034, P0, 2392, 14201, 34.19, 11, 0x0000000000000000
2026/09/26 12:52:45.085, P0, 2392, 14201, 34.19, 11, 0x0000000000000000
2026/09/26 12:52:45.136, P0, 2392, 14201, 34.19, 11, 0x0000000000000000
2026/09/26 12:52:45.186, P0, 2392, 14201, 34.19, 11, 0x0000000000000000
2026/09/26 12:52:45.237, P0, 2392, 14201, 34.19, 11, 0x0000000000000000
2026/09/26 12:52:45.302, P0, 2392, 14201, 34.19, 11, 0x0000000000000000
2026/09/26 12:52:45.352, P1, 2392, 14001, 33.69, 61, 0x0000000000000000
2026/09/26 12:52:45.418, P1, 2392, 14001, 33.69, 61, 0x0000000000000000
2026/09/26 12:52:45.469, P1, 2392, 14001, 33.69, 61, 0x0000000000000000
2026/09/26 12:52:45.519, P1, 2392, 14001, 33.69, 61, 0x0000000000000000
2026/09/26 12:52:45.585, P1, 2392, 14001, 33.69, 61, 0x0000000000000000
2026/09/26 12:52:45.635, P1, 2392, 14001, 33.69, 61, 0x0000000000000000
2026/09/26 12:52:45.685, P1, 2392, 14001, 33.69, 61, 0x0000000000000000
2026/09/26 12:52:45.736, P1, 2392, 14001, 33.69, 61, 0x0000000000000000
2026/09/26 12:52:45.787, P1, 2392, 14001, 33.69, 61, 0x0000000000000000
2026/09/26 12:52:45.852, P1, 2392, 14001, 35.50, 59, 0x0000000000000000
2026/09/26 12:52:45.902, P1, 2392, 14001, 35.50, 59, 0x0000000000000000
2026/09/26 12:52:45.968, P1, 2392, 14001, 35.50, 59, 0x0000000000000000
2026/09/26 12:52:46.019, P1, 2392, 14001, 35.50, 59, 0x0000000000000000
2026/09/26 12:52:46.070, P1, 2392, 14001, 35.50, 59, 0x0000000000000000
2026/09/26 12:52:46.136, P1, 2392, 14001, 35.50, 59, 0x0000000000000000
2026/09/26 12:52:46.187, P1, 2392, 14001, 35.50, 59, 0x0000000000000000
2026/09/26 12:52:46.239, P1, 2392, 14001, 35.50, 59, 0x0000000000000000
2026/09/26 12:52:46.299, P1, 2392, 14001, 35.50, 59, 0x0000000000000000
2026/09/26 12:52:46.352, P0, 2392, 14201, 36.17, 11, 0x0000000000000000
2026/09/26 12:52:46.416, P0, 2392, 14201, 36.17, 11, 0x0000000000000000
2026/09/26 12:52:46.479, P0, 2392, 14201, 36.17, 11, 0x0000000000000000
2026/09/26 12:52:46.536, P0, 2392, 14201, 36.17, 11, 0x0000000000000000
2026/09/26 12:52:46.587, P0, 2392, 14201, 36.17, 11, 0x0000000000000000
2026/09/26 12:52:46.653, P0, 2392, 14201, 36.17, 11, 0x0000000000000000
2026/09/26 12:52:46.718, P0, 2392, 14201, 36.17, 11, 0x0000000000000000
2026/09/26 12:52:46.769, P0, 2392, 14201, 36.17, 11, 0x0000000000000000
2026/09/26 12:52:46.833, P0, 2392, 14201, 36.17, 11, 0x0000000000000000
2026/09/26 12:52:46.887, P1, 2392, 14001, 34.73, 63, 0x0000000000000000
2026/09/26 12:52:46.950, P1, 2392, 14001, 34.73, 63, 0x0000000000000000
2026/09/26 12:52:47.004, P1, 2392, 14001, 34.73, 63, 0x0000000000000000
2026/09/26 12:52:47.070, P1, 2392, 14001, 34.73, 63, 0x0000000000000000
2026/09/26 12:52:47.121, P1, 2392, 14001, 34.73, 63, 0x0000000000000000
2026/09/26 12:52:47.187, P1, 2392, 14001, 34.73, 63, 0x0000000000000000
2026/09/26 12:52:47.252, P1, 2392, 14001, 34.73, 63, 0x0000000000000000
2026/09/26 12:52:47.303, P1, 2392, 14001, 34.73, 63, 0x0000000000000000
2026/09/26 12:52:47.369, P1, 2392, 14001, 34.33, 61, 0x0000000000000000
2026/09/26 12:52:47.421, P1, 2392, 14001, 34.33, 61, 0x0000000000000000
2026/09/26 12:52:47.471, P1, 2392, 14001, 34.33, 61, 0x0000000000000000
2026/09/26 12:52:47.523, P1, 2392, 14001, 34.33, 61, 0x0000000000000000
2026/09/26 12:52:47.587, P1, 2392, 14001, 34.33, 61, 0x0000000000000000
2026/09/26 12:52:47.638, P1, 2392, 14001, 34.33, 61, 0x0000000000000000
2026/09/26 12:52:47.688, P1, 2392, 14001, 34.33, 61, 0x0000000000000000
2026/09/26 12:52:47.754, P1, 2392, 14001, 34.33, 61, 0x0000000000000000
2026/09/26 12:52:47.805, P1, 2392, 14001, 34.33, 61, 0x0000000000000000
2026/09/26 12:52:47.855, P1, 2392, 14201, 37.53, 33, 0x0000000000000000
2026/09/26 12:52:47.921, P1, 2392, 14201, 37.53, 33, 0x0000000000000000
2026/09/26 12:52:47.972, P1, 2392, 14201, 37.53, 33, 0x0000000000000000
2026/09/26 12:52:48.038, P1, 2392, 14201, 37.53, 33, 0x0000000000000000
2026/09/26 12:52:48.088, P1, 2392, 14201, 37.53, 33, 0x0000000000000000
2026/09/26 12:52:48.139, P1, 2392, 14201, 37.53, 33, 0x0000000000000000
2026/09/26 12:52:48.191, P1, 2392, 14201, 37.53, 33, 0x0000000000000000
2026/09/26 12:52:48.255, P1, 2392, 14201, 37.53, 33, 0x0000000000000000
2026/09/26 12:52:48.305, P1, 2392, 14201, 37.53, 33, 0x0000000000000000
2026/09/26 12:52:48.358, P1, 2392, 14001, 34.51, 61, 0x0000000000000000
2026/09/26 12:52:48.422, P1, 2392, 14001, 34.51, 61, 0x0000000000000000
2026/09/26 12:52:48.472, P1, 2392, 14001, 34.51, 61, 0x0000000000000000
2026/09/26 12:52:48.522, P1, 2392, 14001, 34.51, 61, 0x0000000000000000
2026/09/26 12:52:48.588, P1, 2392, 14001, 34.51, 61, 0x0000000000000000
2026/09/26 12:52:48.639, P1, 2392, 14001, 34.51, 61, 0x0000000000000000
2026/09/26 12:52:48.689, P1, 2392, 14001, 34.51, 61, 0x0000000000000000
2026/09/26 12:52:48.740, P1, 2392, 14001, 34.51, 61, 0x0000000000000000
2026/09/26 12:52:48.805, P1, 2392, 14001, 34.51, 61, 0x0000000000000000
2026/09/26 12:52:48.855, P1, 2392, 14001, 33.88, 13, 0x0000000000000000
2026/09/26 12:52:48.906, P1, 2392, 14001, 33.88, 13, 0x0000000000000000
2026/09/26 12:52:48.957, P1, 2392, 14001, 33.88, 13, 0x0000000000000000
2026/09/26 12:52:49.022, P1, 2392, 14001, 33.88, 13, 0x0000000000000000
2026/09/26 12:52:49.073, P1, 2392, 14001, 33.88, 13, 0x0000000000000000
2026/09/26 12:52:49.138, P1, 2392, 14001, 33.88, 13, 0x0000000000000000
2026/09/26 12:52:49.202, P1, 2392, 14001, 33.88, 13, 0x0000000000000000
2026/09/26 12:52:49.266, P1, 2392, 14001, 33.88, 13, 0x0000000000000000
2026/09/26 12:52:49.329, P1, 2392, 14001, 33.88, 13, 0x0000000000000000
2026/09/26 12:52:49.393, P1, 2392, 14001, 36.99, 50, 0x0000000000000000
2026/09/26 12:52:49.457, P1, 2392, 14001, 36.99, 50, 0x0000000000000000
2026/09/26 12:52:49.522, P1, 2392, 14001, 36.99, 50, 0x0000000000000000
2026/09/26 12:52:49.589, P1, 2392, 14001, 36.99, 50, 0x0000000000000000
2026/09/26 12:52:49.641, P1, 2392, 14001, 36.99, 50, 0x0000000000000000
2026/09/26 12:52:49.706, P1, 2392, 14001, 36.99, 50, 0x0000000000000000
2026/09/26 12:52:49.768, P1, 2392, 14001, 36.99, 50, 0x0000000000000000
2026/09/26 12:52:49.831, P1, 2392, 14001, 36.99, 50, 0x0000000000000000
2026/09/26 12:52:49.895, P1, 2392, 14001, 33.62, 9, 0x0000000000000000
2026/09/26 12:52:49.959, P1, 2392, 14001, 33.62, 9, 0x0000000000000000
2026/09/26 12:52:50.010, P1, 2392, 14001, 33.62, 9, 0x0000000000000000
2026/09/26 12:52:50.073, P1, 2392, 14001, 33.62, 9, 0x0000000000000000
2026/09/26 12:52:50.123, P1, 2392, 14001, 33.62, 9, 0x0000000000000000
2026/09/26 12:52:50.174, P1, 2392, 14001, 33.62, 9, 0x0000000000000000
2026/09/26 12:52:50.240, P1, 2392, 14001, 33.62, 9, 0x0000000000000000
2026/09/26 12:52:50.307, P1, 2392, 14001, 33.62, 9, 0x0000000000000000
2026/09/26 12:52:50.358, P1, 2392, 14001, 34.72, 61, 0x0000000000000000
2026/09/26 12:52:50.410, P1, 2392, 14001, 34.72, 61, 0x0000000000000000
2026/09/26 12:52:50.473, P1, 2392, 14001, 34.72, 61, 0x0000000000000000
2026/09/26 12:52:50.523, P1, 2392, 14001, 34.72, 61, 0x0000000000000000
2026/09/26 12:52:50.574, P1, 2392, 14001, 34.72, 61, 0x0000000000000000
2026/09/26 12:52:50.624, P1, 2392, 14001, 34.72, 61, 0x0000000000000000
2026/09/26 12:52:50.675, P1, 2392, 14001, 34.72, 61, 0x0000000000000000
2026/09/26 12:52:50.725, P1, 2392, 14001, 34.72, 61, 0x0000000000000000
2026/09/26 12:52:50.777, P1, 2392, 14001, 34.72, 61, 0x0000000000000000
2026/09/26 12:52:50.841, P1, 2392, 14001, 34.72, 61, 0x0000000000000000
2026/09/26 12:52:50.891, P1, 2392, 14001, 35.28, 60, 0x0000000000000000
2026/09/26 12:52:50.942, P1, 2392, 14001, 35.28, 60, 0x0000000000000000
2026/09/26 12:52:51.007, P1, 2392, 14001, 35.28, 60, 0x0000000000000000
2026/09/26 12:52:51.058, P1, 2392, 14001, 35.28, 60, 0x0000000000000000
2026/09/26 12:52:51.108, P1, 2392, 14001, 35.28, 60, 0x0000000000000000
2026/09/26 12:52:51.158, P1, 2392, 14001, 35.28, 60, 0x0000000000000000
2026/09/26 12:52:51.224, P1, 2392, 14001, 35.28, 60, 0x0000000000000000
2026/09/26 12:52:51.275, P1, 2392, 14001, 35.28, 60, 0x0000000000000000
2026/09/26 12:52:51.325, P1, 2392, 14001, 35.28, 60, 0x0000000000000000
2026/09/26 12:52:51.377, P0, 2392, 14201, 35.83, 53, 0x0000000000000000
2026/09/26 12:52:51.441, P0, 2392, 14201, 35.83, 53, 0x0000000000000000
2026/09/26 12:52:51.509, P0, 2392, 14201, 35.83, 53, 0x0000000000000000
2026/09/26 12:52:51.559, P0, 2392, 14201, 35.83, 53, 0x0000000000000000
2026/09/26 12:52:51.625, P0, 2392, 14201, 35.83, 53, 0x0000000000000000
2026/09/26 12:52:51.676, P0, 2392, 14201, 35.83, 53, 0x0000000000000000
2026/09/26 12:52:51.741, P0, 2392, 14201, 35.83, 53, 0x0000000000000000
2026/09/26 12:52:51.792, P0, 2392, 14201, 35.83, 53, 0x0000000000000000
2026/09/26 12:52:51.858, P1, 2392, 14001, 36.41, 32, 0x0000000000000000
2026/09/26 12:52:51.908, P1, 2392, 14001, 36.41, 32, 0x0000000000000000
2026/09/26 12:52:51.958, P1, 2392, 14001, 36.41, 32, 0x0000000000000000
2026/09/26 12:52:52.009, P1, 2392, 14001, 36.41, 32, 0x0000000000000000
2026/09/26 12:52:52.060, P1, 2392, 14001, 36.41, 32, 0x0000000000000000
2026/09/26 12:52:52.125, P1, 2392, 14001, 36.41, 32, 0x0000000000000000
2026/09/26 12:52:52.176, P1, 2392, 14001, 36.41, 32, 0x0000000000000000
2026/09/26 12:52:52.239, P1, 2392, 14001, 36.41, 32, 0x0000000000000000
2026/09/26 12:52:52.302, P1, 2392, 14001, 36.41, 32, 0x0000000000000000
2026/09/26 12:52:52.365, P0, 2392, 14201, 34.56, 9, 0x0000000000000000
2026/09/26 12:52:52.428, P0, 2392, 14201, 34.56, 9, 0x0000000000000000
2026/09/26 12:52:52.490, P0, 2392, 14201, 34.56, 9, 0x0000000000000000
2026/09/26 12:52:52.542, P0, 2392, 14201, 34.56, 9, 0x0000000000000000
2026/09/26 12:52:52.592, P0, 2392, 14201, 34.56, 9, 0x0000000000000000
2026/09/26 12:52:52.655, P0, 2392, 14201, 34.56, 9, 0x0000000000000000
2026/09/26 12:52:52.709, P0, 2392, 14201, 34.56, 9, 0x0000000000000000
2026/09/26 12:52:52.760, P0, 2392, 14201, 34.56, 9, 0x0000000000000000
2026/09/26 12:52:52.823, P0, 2392, 14201, 34.56, 9, 0x0000000000000000
2026/09/26 12:52:52.886, P1, 2392, 14001, 34.32, 33, 0x0000000000000000
2026/09/26 12:52:52.950, P1, 2392, 14001, 34.32, 33, 0x0000000000000000
2026/09/26 12:52:53.009, P1, 2392, 14001, 34.32, 33, 0x0000000000000000
2026/09/26 12:52:53.059, P1, 2392, 14001, 34.32, 33, 0x0000000000000000
2026/09/26 12:52:53.110, P1, 2392, 14001, 34.32, 33, 0x0000000000000000
2026/09/26 12:52:53.160, P1, 2392, 14001, 34.32, 33, 0x0000000000000000
2026/09/26 12:52:53.226, P1, 2392, 14001, 34.32, 33, 0x0000000000000000
2026/09/26 12:52:53.293, P1, 2392, 14001, 34.32, 33, 0x0000000000000000
2026/09/26 12:52:53.343, P1, 2392, 14001, 34.32, 33, 0x0000000000000000
2026/09/26 12:52:53.393, P0, 2392, 14201, 33.49, 10, 0x0000000000000000
2026/09/26 12:52:53.444, P0, 2392, 14201, 33.49, 10, 0x0000000000000000
2026/09/26 12:52:53.509, P0, 2392, 14201, 33.49, 10, 0x0000000000000000
2026/09/26 12:52:53.560, P0, 2392, 14201, 33.49, 10, 0x0000000000000000
2026/09/26 12:52:53.611, P0, 2392, 14201, 33.49, 10, 0x0000000000000000
2026/09/26 12:52:53.666, P0, 2392, 14201, 33.49, 10, 0x0000000000000000
2026/09/26 12:52:53.726, P0, 2392, 14201, 33.49, 10, 0x0000000000000000
2026/09/26 12:52:53.777, P0, 2392, 14201, 33.49, 10, 0x0000000000000000
2026/09/26 12:52:53.828, P0, 2392, 14201, 33.49, 10, 0x0000000000000000
2026/09/26 12:52:53.893, P1, 2392, 14001, 34.76, 59, 0x0000000000000000
2026/09/26 12:52:53.944, P1, 2392, 14001, 34.76, 59, 0x0000000000000000
2026/09/26 12:52:53.994, P1, 2392, 14001, 34.76, 59, 0x0000000000000000
2026/09/26 12:52:54.045, P1, 2392, 14001, 34.76, 59, 0x0000000000000000
2026/09/26 12:52:54.096, P1, 2392, 14001, 34.76, 59, 0x0000000000000000
2026/09/26 12:52:54.160, P1, 2392, 14001, 34.76, 59, 0x0000000000000000
2026/09/26 12:52:54.211, P1, 2392, 14001, 34.76, 59, 0x0000000000000000
2026/09/26 12:52:54.261, P1, 2392, 14001, 34.76, 59, 0x0000000000000000
2026/09/26 12:52:54.312, P1, 2392, 14001, 34.76, 59, 0x0000000000000000
2026/09/26 12:52:54.377, P1, 2392, 14001, 34.20, 36, 0x0000000000000000
2026/09/26 12:52:54.428, P1, 2392, 14001, 34.20, 36, 0x0000000000000000
2026/09/26 12:52:54.494, P1, 2392, 14001, 34.20, 36, 0x0000000000000000
2026/09/26 12:52:54.545, P1, 2392, 14001, 34.20, 36, 0x0000000000000000
2026/09/26 12:52:54.610, P1, 2392, 14001, 34.20, 36, 0x0000000000000000
2026/09/26 12:52:54.661, P1, 2392, 14001, 34.20, 36, 0x0000000000000000
2026/09/26 12:52:54.712, P1, 2392, 14001, 34.20, 36, 0x0000000000000000
2026/09/26 12:52:54.778, P1, 2392, 14001, 34.20, 36, 0x0000000000000000
2026/09/26 12:52:54.829, P1, 2392, 14001, 34.20, 36, 0x0000000000000000
2026/09/26 12:52:54.895, P0, 2392, 14201, 37.14, 51, 0x0000000000000000
2026/09/26 12:52:54.961, P0, 2392, 14201, 37.14, 51, 0x0000000000000000
2026/09/26 12:52:55.012, P0, 2392, 14201, 37.14, 51, 0x0000000000000000
2026/09/26 12:52:55.062, P0, 2392, 14201, 37.14, 51, 0x0000000000000000
2026/09/26 12:52:55.126, P0, 2392, 14201, 37.14, 51, 0x0000000000000000
2026/09/26 12:52:55.177, P0, 2392, 14201, 37.14, 51, 0x0000000000000000
2026/09/26 12:52:55.240, P0, 2392, 14201, 37.14, 51, 0x0000000000000000
2026/09/26 12:52:55.303, P0, 2392, 14201, 37.14, 51, 0x0000000000000000
2026/09/26 12:52:55.362, P1, 2392, 14001, 36.28, 61, 0x0000000000000000
2026/09/26 12:52:55.425, P1, 2392, 14001, 36.28, 61, 0x0000000000000000
2026/09/26 12:52:55.489, P1, 2392, 14001, 36.28, 61, 0x0000000000000000
2026/09/26 12:52:55.546, P1, 2392, 14001, 36.28, 61, 0x0000000000000000
2026/09/26 12:52:55.596, P1, 2392, 14001, 36.28, 61, 0x0000000000000000
2026/09/26 12:52:55.661, P1, 2392, 14001, 36.28, 61, 0x0000000000000000
2026/09/26 12:52:55.713, P1, 2392, 14001, 36.28, 61, 0x0000000000000000
2026/09/26 12:52:55.776, P1, 2392, 14001, 36.28, 61, 0x0000000000000000
2026/09/26 12:52:55.839, P1, 2392, 14001, 36.28, 61, 0x0000000000000000
2026/09/26 12:52:55.896, P1, 2392, 14001, 33.79, 10, 0x0000000000000000
2026/09/26 12:52:55.959, P1, 2392, 14001, 33.79, 10, 0x0000000000000000
2026/09/26 12:52:56.012, P1, 2392, 14001, 33.79, 10, 0x0000000000000000
2026/09/26 12:52:56.063, P1, 2392, 14001, 33.79, 10, 0x0000000000000000
2026/09/26 12:52:56.113, P1, 2392, 14001, 33.79, 10, 0x0000000000000000
2026/09/26 12:52:56.179, P1, 2392, 14001, 33.79, 10, 0x0000000000000000
2026/09/26 12:52:56.230, P1, 2392, 14001, 33.79, 10, 0x0000000000000000
2026/09/26 12:52:56.280, P1, 2392, 14001, 33.79, 10, 0x0000000000000000
2026/09/26 12:52:56.346, P1, 2392, 14001, 33.79, 10, 0x0000000000000000
2026/09/26 12:52:56.396, P1, 2392, 14001, 36.45, 61, 0x0000000000000000
2026/09/26 12:52:56.446, P1, 2392, 14001, 36.45, 61, 0x0000000000000000
2026/09/26 12:52:56.497, P1, 2392, 14001, 36.45, 61, 0x0000000000000000
2026/09/26 12:52:56.563, P1, 2392, 14001, 36.45, 61, 0x0000000000000000
2026/09/26 12:52:56.614, P1, 2392, 14001, 36.45, 61, 0x0000000000000000
2026/09/26 12:52:56.664, P1, 2392, 14001, 36.45, 61, 0x0000000000000000
2026/09/26 12:52:56.715, P1, 2392, 14001, 36.45, 61, 0x0000000000000000
2026/09/26 12:52:56.780, P1, 2392, 14001, 36.45, 61, 0x0000000000000000
2026/09/26 12:52:56.832, P1, 2392, 14001, 36.45, 61, 0x0000000000000000
2026/09/26 12:52:56.897, P1, 2392, 14001, 34.78, 61, 0x0000000000000000
2026/09/26 12:52:56.948, P1, 2392, 14001, 34.78, 61, 0x0000000000000000
2026/09/26 12:52:57.013, P1, 2392, 14001, 34.78, 61, 0x0000000000000000
2026/09/26 12:52:57.064, P1, 2392, 14001, 34.78, 61, 0x0000000000000000
2026/09/26 12:52:57.114, P1, 2392, 14001, 34.78, 61, 0x0000000000000000
2026/09/26 12:52:57.180, P1, 2392, 14001, 34.78, 61, 0x0000000000000000
2026/09/26 12:52:57.230, P1, 2392, 14001, 34.78, 61, 0x0000000000000000
2026/09/26 12:52:57.281, P1, 2392, 14001, 34.78, 61, 0x0000000000000000
2026/09/26 12:52:57.331, P1, 2392, 14001, 34.78, 61, 0x0000000000000000
2026/09/26 12:52:57.397, P1, 2392, 14001, 35.06, 50, 0x0000000000000000
2026/09/26 12:52:57.448, P1, 2392, 14001, 35.06, 50, 0x0000000000000000
2026/09/26 12:52:57.514, P1, 2392, 14001, 35.06, 50, 0x0000000000000000
2026/09/26 12:52:57.565, P1, 2392, 14001, 35.06, 50, 0x0000000000000000
2026/09/26 12:52:57.630, P1, 2392, 14001, 35.06, 50, 0x0000000000000000
2026/09/26 12:52:57.681, P1, 2392, 14001, 35.06, 50, 0x0000000000000000
2026/09/26 12:52:57.731, P1, 2392, 14001, 35.06, 50, 0x0000000000000000
2026/09/26 12:52:57.782, P1, 2392, 14001, 35.06, 50, 0x0000000000000000
2026/09/26 12:52:57.848, P1, 2392, 14001, 35.06, 50, 0x0000000000000000
2026/09/26 12:52:57.899, P1, 2392, 14001, 33.33, 18, 0x0000000000000000
2026/09/26 12:52:57.964, P1, 2392, 14001, 33.33, 18, 0x0000000000000000
2026/09/26 12:52:58.015, P1, 2392, 14001, 33.33, 18, 0x0000000000000000
2026/09/26 12:52:58.065, P1, 2392, 14001, 33.33, 18, 0x0000000000000000
2026/09/26 12:52:58.130, P1, 2392, 14001, 33.33, 18, 0x0000000000000000
2026/09/26 12:52:58.194, P1, 2392, 14001, 33.33, 18, 0x0000000000000000
2026/09/26 12:52:58.258, P1, 2392, 14001, 33.33, 18, 0x0000000000000000
2026/09/26 12:52:58.321, P1, 2392, 14001, 33.33, 18, 0x0000000000000000
2026/09/26 12:52:58.383, P1, 2392, 14001, 33.42, 60, 0x0000000000000000
2026/09/26 12:52:58.447, P1, 2392, 14001, 33.42, 60, 0x0000000000000000
2026/09/26 12:52:58.500, P1, 2392, 14001, 33.42, 60, 0x0000000000000000
2026/09/26 12:52:58.565, P1, 2392, 14001, 33.42, 60, 0x0000000000000000
2026/09/26 12:52:58.631, P1, 2392, 14001, 33.42, 60, 0x0000000000000000
2026/09/26 12:52:58.695, P1, 2392, 14001, 33.42, 60, 0x0000000000000000
2026/09/26 12:52:58.759, P1, 2392, 14001, 33.42, 60, 0x0000000000000000
2026/09/26 12:52:58.822, P1, 2392, 14001, 33.42, 60, 0x0000000000000000
2026/09/26 12:52:58.885, P1, 2392, 14001, 34.76, 42, 0x0000000000000000
2026/09/26 12:52:58.948, P1, 2392, 14001, 34.76, 42, 0x0000000000000000
2026/09/26 12:52:59.000, P1, 2392, 14001, 34.76, 42, 0x0000000000000000
2026/09/26 12:52:59.051, P1, 2392, 14001, 34.76, 42, 0x0000000000000000
2026/09/26 12:52:59.115, P1, 2392, 14001, 34.76, 42, 0x0000000000000000
2026/09/26 12:52:59.166, P1, 2392, 14001, 34.76, 42, 0x0000000000000000
2026/09/26 12:52:59.217, P1, 2392, 14001, 34.76, 42, 0x0000000000000000
2026/09/26 12:52:59.282, P1, 2392, 14001, 34.76, 42, 0x0000000000000000
2026/09/26 12:52:59.350, P0, 2392, 14201, 35.63, 48, 0x0000000000000000
2026/09/26 12:52:59.416, P0, 2392, 14201, 35.63, 48, 0x0000000000000000
2026/09/26 12:52:59.467, P0, 2392, 14201, 35.63, 48, 0x0000000000000000
2026/09/26 12:52:59.532, P0, 2392, 14201, 35.63, 48, 0x0000000000000000
2026/09/26 12:52:59.582, P0, 2392, 14201, 35.63, 48, 0x0000000000000000
2026/09/26 12:52:59.633, P0, 2392, 14201, 35.63, 48, 0x0000000000000000
2026/09/26 12:52:59.700, P0, 2392, 14201, 35.63, 48, 0x0000000000000000
2026/09/26 12:52:59.751, P0, 2392, 14201, 35.63, 48, 0x0000000000000000
2026/09/26 12:52:59.816, P0, 2392, 14201, 35.63, 48, 0x0000000000000000
2026/09/26 12:52:59.867, P1, 2392, 14001, 36.12, 61, 0x0000000000000000
2026/09/26 12:52:59.933, P1, 2392, 14001, 36.12, 61, 0x0000000000000000
2026/09/26 12:52:59.983, P1, 2392, 14001, 36.12, 61, 0x0000000000000000
2026/09/26 12:53:00.034, P1, 2392, 14001, 36.12, 61, 0x0000000000000000
2026/09/26 12:53:00.085, P1, 2392, 14001, 36.12, 61, 0x0000000000000000
2026/09/26 12:53:00.150, P1, 2392, 14001, 36.12, 61, 0x0000000000000000
2026/09/26 12:53:00.200, P1, 2392, 14001, 36.12, 61, 0x0000000000000000
2026/09/26 12:53:00.251, P1, 2392, 14001, 36.12, 61, 0x0000000000000000
2026/09/26 12:53:00.317, P1, 2392, 14001, 36.12, 61, 0x0000000000000000
2026/09/26 12:53:00.368, P0, 2392, 14201, 34.31, 12, 0x0000000000000000
2026/09/26 12:53:00.433, P0, 2392, 14201, 34.31, 12, 0x0000000000000000
2026/09/26 12:53:00.485, P0, 2392, 14201, 34.31, 12, 0x0000000000000000
2026/09/26 12:53:00.550, P0, 2392, 14201, 34.31, 12, 0x0000000000000000
2026/09/26 12:53:00.601, P0, 2392, 14201, 34.31, 12, 0x0000000000000000
2026/09/26 12:53:00.651, P0, 2392, 14201, 34.31, 12, 0x0000000000000000
2026/09/26 12:53:00.701, P0, 2392, 14201, 34.31, 12, 0x0000000000000000
2026/09/26 12:53:00.767, P0, 2392, 14201, 34.31, 12, 0x0000000000000000
2026/09/26 12:53:00.818, P0, 2392, 14201, 34.31, 12, 0x0000000000000000
2026/09/26 12:53:00.884, P1, 2392, 14001, 35.06, 54, 0x0000000000000000
2026/09/26 12:53:00.935, P1, 2392, 14001, 35.06, 54, 0x0000000000000000
2026/09/26 12:53:01.001, P1, 2392, 14001, 35.06, 54, 0x0000000000000000
2026/09/26 12:53:01.051, P1, 2392, 14001, 35.06, 54, 0x0000000000000000
2026/09/26 12:53:01.102, P1, 2392, 14001, 35.06, 54, 0x0000000000000000
2026/09/26 12:53:01.167, P1, 2392, 14001, 35.06, 54, 0x0000000000000000
2026/09/26 12:53:01.232, P1, 2392, 14001, 35.06, 54, 0x0000000000000000
2026/09/26 12:53:01.295, P1, 2392, 14001, 35.06, 54, 0x0000000000000000
2026/09/26 12:53:01.359, P1, 2392, 14001, 33.96, 8, 0x0000000000000000
2026/09/26 12:53:01.421, P1, 2392, 14001, 33.96, 8, 0x0000000000000000
2026/09/26 12:53:01.484, P1, 2392, 14001, 33.96, 8, 0x0000000000000000
2026/09/26 12:53:01.535, P1, 2392, 14001, 33.96, 8, 0x0000000000000000
2026/09/26 12:53:01.586, P1, 2392, 14001, 33.96, 8, 0x0000000000000000
2026/09/26 12:53:01.649, P1, 2392, 14001, 33.96, 8, 0x0000000000000000
2026/09/26 12:53:01.701, P1, 2392, 14001, 33.96, 8, 0x0000000000000000
2026/09/26 12:53:01.766, P1, 2392, 14001, 33.96, 8, 0x0000000000000000
2026/09/26 12:53:01.819, P1, 2392, 14001, 33.96, 8, 0x0000000000000000
2026/09/26 12:53:01.882, P1, 2392, 14001, 35.51, 62, 0x0000000000000000
2026/09/26 12:53:01.945, P1, 2392, 14001, 35.51, 62, 0x0000000000000000
2026/09/26 12:53:02.003, P1, 2392, 14001, 35.51, 62, 0x0000000000000000
2026/09/26 12:53:02.053, P1, 2392, 14001, 35.51, 62, 0x0000000000000000
2026/09/26 12:53:02.119, P1, 2392, 14001, 35.51, 62, 0x0000000000000000
2026/09/26 12:53:02.170, P1, 2392, 14001, 35.51, 62, 0x0000000000000000
2026/09/26 12:53:02.235, P1, 2392, 14001, 35.51, 62, 0x0000000000000000
2026/09/26 12:53:02.286, P1, 2392, 14001, 35.51, 62, 0x0000000000000000
2026/09/26 12:53:02.336, P1, 2392, 14001, 35.51, 62, 0x0000000000000000
2026/09/26 12:53:02.386, P1, 2392, 14001, 35.30, 57, 0x0000000000000000
2026/09/26 12:53:02.452, P1, 2392, 14001, 35.30, 57, 0x0000000000000000
2026/09/26 12:53:02.503, P1, 2392, 14001, 35.30, 57, 0x0000000000000000
2026/09/26 12:53:02.569, P1, 2392, 14001, 35.30, 57, 0x0000000000000000
2026/09/26 12:53:02.620, P1, 2392, 14001, 35.30, 57, 0x0000000000000000
2026/09/26 12:53:02.685, P1, 2392, 14001, 35.30, 57, 0x0000000000000000
2026/09/26 12:53:02.736, P1, 2392, 14001, 35.30, 57, 0x0000000000000000
2026/09/26 12:53:02.787, P1, 2392, 14001, 35.30, 57, 0x0000000000000000
2026/09/26 12:53:02.853, P0, 2392, 14201, 35.82, 60, 0x0000000000000000
2026/09/26 12:53:02.904, P0, 2392, 14201, 35.82, 60, 0x0000000000000000
2026/09/26 12:53:02.970, P0, 2392, 14201, 35.82, 60, 0x0000000000000000
2026/09/26 12:53:03.021, P0, 2392, 14201, 35.82, 60, 0x0000000000000000
2026/09/26 12:53:03.086, P0, 2392, 14201, 35.82, 60, 0x0000000000000000
2026/09/26 12:53:03.137, P0, 2392, 14201, 35.82, 60, 0x0000000000000000
2026/09/26 12:53:03.187, P0, 2392, 14201, 35.82, 60, 0x0000000000000000
2026/09/26 12:53:03.253, P0, 2392, 14201, 35.82, 60, 0x0000000000000000
2026/09/26 12:53:03.304, P0, 2392, 14201, 35.82, 60, 0x0000000000000000
2026/09/26 12:53:03.370, P1, 2392, 14001, 37.31, 60, 0x0000000000000000
2026/09/26 12:53:03.421, P1, 2392, 14001, 37.31, 60, 0x0000000000000000
2026/09/26 12:53:03.487, P1, 2392, 14001, 37.31, 60, 0x0000000000000000
2026/09/26 12:53:03.538, P1, 2392, 14001, 37.31, 60, 0x0000000000000000
2026/09/26 12:53:03.603, P1, 2392, 14001, 37.31, 60, 0x0000000000000000
2026/09/26 12:53:03.654, P1, 2392, 14001, 37.31, 60, 0x0000000000000000
2026/09/26 12:53:03.720, P1, 2392, 14001, 37.31, 60, 0x0000000000000000
2026/09/26 12:53:03.771, P1, 2392, 14001, 37.31, 60, 0x0000000000000000
2026/09/26 12:53:03.837, P1, 2392, 14001, 37.31, 60, 0x0000000000000000
2026/09/26 12:53:03.888, P1, 2392, 14001, 34.76, 20, 0x0000000000000000
2026/09/26 12:53:03.938, P1, 2392, 14001, 34.76, 20, 0x0000000000000000
2026/09/26 12:53:04.005, P1, 2392, 14001, 34.76, 20, 0x0000000000000000
2026/09/26 12:53:04.055, P1, 2392, 14001, 34.76, 20, 0x0000000000000000
2026/09/26 12:53:04.106, P1, 2392, 14001, 34.76, 20, 0x0000000000000000
2026/09/26 12:53:04.170, P1, 2392, 14001, 34.76, 20, 0x0000000000000000
2026/09/26 12:53:04.224, P1, 2392, 14001, 34.76, 20, 0x0000000000000000
2026/09/26 12:53:04.286, P1, 2392, 14001, 34.76, 20, 0x0000000000000000
2026/09/26 12:53:04.337, P1, 2392, 14001, 34.76, 20, 0x0000000000000000
2026/09/26 12:53:04.388, P0, 2392, 14201, 36.57, 52, 0x0000000000000000
2026/09/26 12:53:04.450, P0, 2392, 14201, 36.57, 52, 0x0000000000000000
2026/09/26 12:53:04.506, P0, 2392, 14201, 36.57, 52, 0x0000000000000000
2026/09/26 12:53:04.571, P0, 2392, 14201, 36.57, 52, 0x0000000000000000
2026/09/26 12:53:04.636, P0, 2392, 14201, 36.57, 52, 0x0000000000000000
2026/09/26 12:53:04.688, P0, 2392, 14201, 36.57, 52, 0x0000000000000000
2026/09/26 12:53:04.752, P0, 2392, 14201, 36.57, 52, 0x0000000000000000
2026/09/26 12:53:04.815, P0, 2392, 14201, 36.57, 52, 0x0000000000000000
2026/09/26 12:53:04.872, P1, 2392, 14001, 35.38, 38, 0x0000000000000000
2026/09/26 12:53:04.936, P1, 2392, 14001, 35.38, 38, 0x0000000000000000
2026/09/26 12:53:04.999, P1, 2392, 14001, 35.38, 38, 0x0000000000000000
2026/09/26 12:53:05.053, P1, 2392, 14001, 35.38, 38, 0x0000000000000000
2026/09/26 12:53:05.105, P1, 2392, 14001, 35.38, 38, 0x0000000000000000
2026/09/26 12:53:05.156, P1, 2392, 14001, 35.38, 38, 0x0000000000000000
2026/09/26 12:53:05.211, P1, 2392, 14001, 35.38, 38, 0x0000000000000000
2026/09/26 12:53:05.272, P1, 2392, 14001, 35.38, 38, 0x0000000000000000
2026/09/26 12:53:05.323, P1, 2392, 14001, 35.38, 38, 0x0000000000000000
2026/09/26 12:53:05.374, P1, 2392, 14201, 34.79, 27, 0x0000000000000000
2026/09/26 12:53:05.439, P1, 2392, 14201, 34.79, 27, 0x0000000000000000
2026/09/26 12:53:05.490, P1, 2392, 14201, 34.79, 27, 0x0000000000000000
2026/09/26 12:53:05.554, P1, 2392, 14201, 34.79, 27, 0x0000000000000000
2026/09/26 12:53:05.606, P1, 2392, 14201, 34.79, 27, 0x0000000000000000
2026/09/26 12:53:05.657, P1, 2392, 14201, 34.79, 27, 0x0000000000000000
2026/09/26 12:53:05.722, P1, 2392, 14201, 34.79, 27, 0x0000000000000000
2026/09/26 12:53:05.772, P1, 2392, 14201, 34.79, 27, 0x0000000000000000
2026/09/26 12:53:05.823, P1, 2392, 14201, 34.79, 27, 0x0000000000000000
2026/09/26 12:53:05.876, P1, 2392, 14001, 35.79, 51, 0x0000000000000000
2026/09/26 12:53:05.939, P1, 2392, 14001, 35.79, 51, 0x0000000000000000
2026/09/26 12:53:05.990, P1, 2392, 14001, 35.79, 51, 0x0000000000000000
2026/09/26 12:53:06.056, P1, 2392, 14001, 35.79, 51, 0x0000000000000000
2026/09/26 12:53:06.107, P1, 2392, 14001, 35.79, 51, 0x0000000000000000
2026/09/26 12:53:06.173, P1, 2392, 14001, 35.79, 51, 0x0000000000000000
2026/09/26 12:53:06.224, P1, 2392, 14001, 35.79, 51, 0x0000000000000000
2026/09/26 12:53:06.277, P1, 2392, 14001, 35.79, 51, 0x0000000000000000
2026/09/26 12:53:06.340, P1, 2392, 14001, 35.79, 51, 0x0000000000000000
2026/09/26 12:53:06.391, P0, 2392, 14201, 34.04, 12, 0x00000000000000