start_unix,end_unix,wall_median_ms,kernel_median_ms,kernel_first10_ms,kernel_last10_ms,k1_median_ms,k2_median_ms,k3_median_ms,count,condition,index,warmups,reps,gap_s,high_priority,gpu
1790397861.027276,1790397862.5412662,0.14625,0.12262400100000001,0.1084159995,0.1312,0.081712,0.010128,0.008672,16384,long_warmup,0,8816,30,0.0,False,"{""samples"": 27, ""sm_min"": 2617.0, ""mem_min"": 14001.0, ""pstates"": [""P1""]}"
1790397862.5412662,1790397862.6550262,0.14835,0.118048,0.109344001,0.1281599965,0.081456002,0.010128,0.009808,16384,baseline,0,10,30,0.0,False,"{""samples"": 2, ""sm_min"": 2955.0, ""mem_min"": 14001.0, ""pstates"": [""P1""]}"
1790397862.6550262,1790397864.406841,0.13195,0.10635200049999999,0.110319999,0.10272000249999999,0.076655999,0.010144,0.008719999999999999,16384,long_warmup,1,8816,30,0.0,False,"{""samples"": 30, ""sm_min"": 2932.0, ""mem_min"": 14001.0, ""pstates"": [""P0"", ""P1""]}"
1790397864.406841,1790397864.5267422,0.13455,0.106272002,0.103824001,0.10726400250000001,0.0762559995,0.011104,0.008752,16384,baseline,1,10,30,0.0,False,"{""samples"": 3, ""sm_min"": 2955.0, ""mem_min"": 14001.0, ""pstates"": [""P1""]}"
1790397864.5267422,1790397864.643392,0.1387,0.11684799700000001,0.11504000050000002,0.110688,0.0806879995,0.011312,0.00896,16384,baseline,2,10,30,0.0,False,"{""samples"": 2, ""sm_min"": 2955.0, ""mem_min"": 14001.0, ""pstates"": [""P1""]}"
1790397864.643392,1790397866.1183567,0.12329999999999999,0.09879999950000001,0.109648001,0.0926240005,0.076288,0.010128,0.00856,16384,long_warmup,2,8816,30,0.0,False,"{""samples"": 27, ""sm_min"": 2835.0, ""mem_min"": 14001.0, ""pstates"": [""P0"", ""P1""]}"
1790397866.1183567,1790397867.597025,0.13565,0.108063999,0.089983999,0.12438399950000001,0.077040002,0.0108,0.008544,16384,long_warmup,3,8816,30,0.0,False,"{""samples"": 25, ""sm_min"": 2955.0, ""mem_min"": 14001.0, ""pstates"": [""P1""]}"
1790397867.597025,1790397867.718503,0.12605,0.0977280025,0.08454400100000001,0.093216,0.075008001,0.010928,0.008656,16384,baseline,3,10,30,0.0,False,"{""samples"": 2, ""sm_min"": 2955.0, ""mem_min"": 14001.0, ""pstates"": [""P1""]}"
1790397867.718503,1790397869.3148985,0.3669,0.31472000199999994,0.3206080025,0.3190720025,0.2223840055,0.040464001,0.0407200005,16384,long_warmup,4,8816,30,0.0,False,"{""samples"": 28, ""sm_min"": 2827.0, ""mem_min"": 14001.0, ""pstates"": [""P0"", ""P1""]}"
1790397869.3148985,1790397869.4316792,0.14105,0.09825600000000001,0.09734400300000001,0.0980800035,0.077872001,0.01056,0.008752,16384,baseline,4,10,30,0.0,False,"{""samples"": 3, ""sm_min"": 2955.0, ""mem_min"": 14001.0, ""pstates"": [""P1""]}"
1790397869.4316792,1790397869.565046,0.33855,0.2850720065,0.28619200749999996,0.289999996,0.2054399995,0.0404160005,0.0402560015,16384,baseline,5,10,30,0.0,False,"{""samples"": 2, ""sm_min"": 2955.0, ""mem_min"": 14001.0, ""pstates"": [""P1""]}"
1790397869.565046,1790397871.038387,0.1392,0.1097759985,0.111152,0.10982399749999999,0.0801919995,0.010447999999999999,0.008464,16384,long_warmup,5,8816,30,0.0,False,"{""samples"": 25, ""sm_min"": 2715.0, ""mem_min"": 14001.0, ""pstates"": [""P1""]}"
1790397871.038387,1790397873.1029608,0.1399,0.11644799800000001,0.1277599975,0.106720003,0.07993600149999999,0.010592,0.008912,16384,long_warmup,6,8816,30,0.0,False,"{""samples"": 36, ""sm_min"": 2955.0, ""mem_min"": 14001.0, ""pstates"": [""P1""]}"
1790397873.1029608,1790397873.2280748,0.3587,0.297248002,0.29769600350000003,0.297248002,0.21243199699999998,0.042208000999999995,0.040864,16384,baseline,6,10,30,0.0,False,"{""samples"": 2, ""sm_min"": 2955.0, ""mem_min"": 14001.0, ""pstates"": [""P1""]}"
1790397873.2280748,1790397874.8231184,0.18869999999999998,0.14472000450000003,0.13766400300000003,0.15476799949999998,0.105328001,0.013024,0.007936,16384,long_warmup,7,8816,30,0.0,False,"{""samples"": 28, ""sm_min"": 2797.0, ""mem_min"": 14001.0, ""pstates"": [""P1""]}"
1790397874.8231184,1790397874.9539149,0.3695,0.31195200050000005,0.3160159975,0.3103520015,0.23144000050000002,0.041248001,0.041088,16384,baseline,7,10,30,0.0,False,"{""samples"": 3, ""sm_min"": 2955.0, ""mem_min"": 14001.0, ""pstates"": [""P1""]}"
1790397874.9539149,1790397875.0748742,0.10985,0.091663998,0.08257599799999998,0.0971839995,0.066640001,0.011023999999999999,0.008639999999999998,16384,baseline,8,10,30,0.0,False,"{""samples"": 2, ""sm_min"": 2955.0, ""mem_min"": 14001.0, ""pstates"": [""P1""]}"
1790397875.0748742,1790397876.606875,0.1264,0.1075519985,0.1023519985,0.1099999995,0.08193600200000001,0.009184,0.008672,16384,long_warmup,8,8816,30,0.0,False,"{""samples"": 26, ""sm_min"": 2752.0, ""mem_min"": 14001.0, ""pstates"": [""P1""]}"
1790397876.606875,1790397878.2412016,0.1269,0.1026720005,0.113263997,0.12243200400000001,0.078400001,0.010096,0.008768000000000001,16384,long_warmup,9,8816,30,0.0,False,"{""samples"": 29, ""sm_min"": 2955.0, ""mem_min"": 14001.0, ""pstates"": [""P1""]}"
1790397878.2412016,1790397878.357353,0.13925,0.113727999,0.11739199950000001,0.1256800005,0.079647999,0.0104,0.008879999999999999,16384,baseline,9,10,30,0.0,False,"{""samples"": 2, ""sm_min"": 2955.0, ""mem_min"": 14001.0, ""pstates"": [""P1""]}"
1790397878.357353,1790397878.4759412,0.13845000000000002,0.10342399999999999,0.1045919985,0.09648000000000001,0.08241599799999999,0.01016,0.008944,16384,baseline,10,10,30,0.0,False,"{""samples"": 2, ""sm_min"": 2955.0, ""mem_min"": 14001.0, ""pstates"": [""P1""]}"
1790397878.4759412,1790397879.9256556,0.131,0.09737600099999999,0.11592000050000001,0.093183998,0.078288,0.008896000000000001,0.00848,16384,long_warmup,10,8816,30,0.0,False,"{""samples"": 25, ""sm_min"": 2625.0, ""mem_min"": 14001.0, ""pstates"": [""P1""]}"
1790397879.9256556,1790397881.3177483,0.13485,0.10057599950000001,0.1051359975,0.105104002,0.077519998,0.009791999999999999,0.00872,16384,long_warmup,11,8816,30,0.0,False,"{""samples"": 25, ""sm_min"": 2865.0, ""mem_min"": 14001.0, ""pstates"": [""P1""]}"
1790397881.3177483,1790397881.443997,0.14005,0.1099199995,0.11969599950000001,0.1131359975,0.07982400049999999,0.00992,0.00696,16384,baseline,11,10,30,0.0,False,"{""samples"": 2, ""sm_min"": 2955.0, ""mem_min"": 14001.0, ""pstates"": [""P1""]}"
1790397881.443997,1790397882.8981314,0.13965,0.114592001,0.11518399950000001,0.123984001,0.08216,0.008095999999999999,0.0046879999999999995,16384,long_warmup,12,8816,30,0.0,False,"{""samples"": 25, ""sm_min"": 2722.0, ""mem_min"": 14001.0, ""pstates"": [""P1""]}"
1790397882.8981314,1790397883.0152848,0.13955,0.115983999,0.12950399699999998,0.11359999949999999,0.0784799975,0.010672000000000001,0.00944,16384,baseline,12,10,30,0.0,False,"{""samples"": 2, ""sm_min"": 2955.0, ""mem_min"": 14001.0, ""pstates"": [""P1""]}"
1790397883.0152848,1790397884.4167273,0.13445000000000001,0.11347199799999999,0.1122239975,0.10971199749999999,0.08110399900000001,0.010336000000000001,0.008768,16384,long_warmup,13,8816,30,0.0,False,"{""samples"": 25, ""sm_min"": 2812.0, ""mem_min"": 14001.0, ""pstates"": [""P1""]}"
1790397884.4167273,1790397884.537066,0.1434,0.1241280015,0.126719999,0.1194399975,0.07918399949999999,0.010992,0.009167999999999999,16384,baseline,13,10,30,0.0,False,"{""samples"": 2, ""sm_min"": 2955.0, ""mem_min"": 14001.0, ""pstates"": [""P1""]}"
1790397884.537066,1790397885.9944296,0.1405,0.1155520035,0.133824,0.117328002,0.0863520015,0.009680000000000001,0.008719999999999999,16384,long_warmup,14,8816,30,0.0,False,"{""samples"": 25, ""sm_min"": 2850.0, ""mem_min"": 14001.0, ""pstates"": [""P1""]}"
1790397885.9944296,1790397886.128961,0.17535,0.1365600025,0.319504002,0.10545599850000001,0.1016959995,0.011152,0.02384,16384,baseline,14,10,30,0.0,False,"{""samples"": 3, ""sm_min"": 2955.0, ""mem_min"": 14001.0, ""pstates"": [""P1""]}"
1790397886.128961,1790397887.519325,0.13740000000000002,0.1109119985,0.1078880015,0.112096,0.08067199950000001,0.009072,0.004928,16384,long_warmup,15,8816,30,0.0,False,"{""samples"": 25, ""sm_min"": 2947.0, ""mem_min"": 14001.0, ""pstates"": [""P0"", ""P1""]}"
1790397887.519325,1790397887.6445756,0.1527,0.12422399849999999,0.13657599799999998,0.1182559985,0.089168001,0.011023999999999999,0.009696,16384,baseline,15,10,30,0.0,False,"{""samples"": 2, ""sm_min"": 2955.0, ""mem_min"": 14001.0, ""pstates"": [""P1""]}"
1790397887.6445756,1790397889.2941782,0.15165,0.12308799949999999,0.1158399975,0.1254720005,0.0841119995,0.0065439999999999995,0.008912,16384,long_warmup,16,8816,30,0.0,False,"{""samples"": 28, ""sm_min"": 2932.0, ""mem_min"": 14001.0, ""pstates"": [""P0"", ""P1""]}"
1790397889.2941782,1790397889.4154658,0.13675,0.104383999,0.1006239995,0.104383999,0.0786239985,0.00984,0.008752,16384,baseline,16,10,30,0.0,False,"{""samples"": 2, ""sm_min"": 2955.0, ""mem_min"": 14001.0, ""pstates"": [""P1""]}"
1790397889.4154658,1790397889.5385742,0.14695000000000003,0.1043359995,0.1096320005,0.10903999750000001,0.0856960005,0.011328000000000001,0.009056000000000002,16384,baseline,17,10,30,0.0,False,"{""samples"": 2, ""sm_min"": 2955.0, ""mem_min"": 14001.0, ""pstates"": [""P1""]}"
1790397889.5385742,1790397890.9934747,0.14355,0.1174399995,0.1260480015,0.11270399850000001,0.08244800199999999,0.010272,0.009104000000000001,16384,long_warmup,17,8816,30,0.0,False,"{""samples"": 26, ""sm_min"": 2670.0, ""mem_min"": 14001.0, ""pstates"": [""P1""]}"
1790397890.9934747,1790397891.1167767,0.37255,0.30929600599999996,0.31380800200000003,0.307008,0.231792003,0.039999999,0.039968001,16384,baseline,18,10,30,0.0,False,"{""samples"": 2, ""sm_min"": 2955.0, ""mem_min"": 14001.0, ""pstates"": [""P1""]}"
1790397891.1167767,1790397892.6766086,0.13135,0.10443199950000001,0.097455998,0.107983999,0.081615999,0.009663999999999999,0.008992,16384,long_warmup,18,8816,30,0.0,False,"{""samples"": 28, ""sm_min"": 2955.0, ""mem_min"": 14001.0, ""pstates"": [""P1""]}"
1790397892.6766086,1790397892.7887886,0.1449,0.1104160015,0.1041440005,0.10030400149999999,0.088064,0.010016,0.008656,16384,baseline,19,10,30,0.0,False,"{""samples"": 2, ""sm_min"": 2955.0, ""mem_min"": 14201.0, ""pstates"": [""P0""]}"
1790397892.7887886,1790397894.5298445,0.13840000000000002,0.11510400200000001,0.097536002,0.12067199950000002,0.0784960015,0.011184,0.00872,16384,long_warmup,19,8816,30,0.0,False,"{""samples"": 30, ""sm_min"": 2730.0, ""mem_min"": 14001.0, ""pstates"": [""P0"", ""P1""]}"
1790397894.5298445,1790397896.1771147,0.1386,0.10489599799999999,0.104432,0.1067679995,0.0777599995,0.009696,0.008576,16384,long_warmup,20,8816,30,0.0,False,"{""samples"": 29, ""sm_min"": 2955.0, ""mem_min"": 14001.0, ""pstates"": [""P1""]}"
1790397896.1771147,1790397896.320903,0.15525,0.11540800000000001,0.1138880015,0.12091199899999999,0.08516800050000001,0.01088,0.008816000000000001,16384,baseline,20,10,30,0.0,False,"{""samples"": 3, ""sm_min"": 2955.0, ""mem_min"": 14001.0, ""pstates"": [""P0"", ""P1""]}"
1790397896.320903,1790397897.8738813,0.13455,0.106895998,0.1106880015,0.11276799800000001,0.080416001,0.00928,0.008656,16384,long_warmup,21,8816,30,0.0,False,"{""samples"": 26, ""sm_min"": 2692.0, ""mem_min"": 14001.0, ""pstates"": [""P0"", ""P1""]}"
1790397897.8738813,1790397898.0188882,0.41054999999999997,0.3385919985,0.3328960015,0.3352320005,0.24859200450000002,0.0434879995,0.0428639985,16384,baseline,21,10,30,0.0,False,"{""samples"": 3, ""sm_min"": 2955.0, ""mem_min"": 14001.0, ""pstates"": [""P1""]}"
1790397898.0188882,1790397899.7963257,0.167,0.142704,0.144112002,0.150320002,0.1057600005,0.012591999999999999,0.011616,16384,long_warmup,22,8816,30,0.0,False,"{""samples"": 31, ""sm_min"": 2782.0, ""mem_min"": 14001.0, ""pstates"": [""P1""]}"
1790397899.7963257,1790397899.946264,0.3375,0.28432000199999996,0.27566400300000005,0.2849440015,0.2018560025,0.041359999999999994,0.0411360005,16384,baseline,22,10,30,0.0,False,"{""samples"": 3, ""sm_min"": 2955.0, ""mem_min"": 14001.0, ""pstates"": [""P1""]}"
1790397899.946264,1790397900.0767517,0.14625,0.110480001,0.11652799750000001,0.121487998,0.089391999,0.010976,0.00936,16384,baseline,23,10,30,0.0,False,"{""samples"": 2, ""sm_min"": 2955.0, ""mem_min"": 14001.0, ""pstates"": [""P1""]}"
1790397900.0767517,1790397901.9313476,0.1295,0.10324799949999999,0.091168,0.1027839995,0.078896001,0.010608,0.008799999999999999,16384,long_warmup,23,8816,30,0.0,False,"{""samples"": 33, ""sm_min"": 2685.0, ""mem_min"": 14001.0, ""pstates"": [""P1""]}"
1790397901.9313476,1790397903.3607323,0.12985000000000002,0.10824000050000002,0.113344,0.10327999850000001,0.0780799985,0.010447999999999999,0.008768,16384,long_warmup,24,8816,30,0.0,False,"{""samples"": 24, ""sm_min"": 2857.0, ""mem_min"": 14001.0, ""pstates"": [""P1""]}"
1790397903.3607323,1790397903.508815,0.42035,0.344704002,0.354544001,0.332832004,0.2500960005,0.043679999,0.0427839995,16384,baseline,24,10,30,0.0,False,"{""samples"": 3, ""sm_min"": 2940.0, ""mem_min"": 14001.0, ""pstates"": [""P1""]}"
1790397903.508815,1790397904.8999865,0.12669999999999998,0.1064479995,0.10736000000000001,0.09361599949999999,0.07459199799999999,0.010064,0.008480000000000001,16384,long_warmup,25,8816,30,0.0,False,"{""samples"": 24, ""sm_min"": 2752.0, ""mem_min"": 14001.0, ""pstates"": [""P1""]}"
1790397904.8999865,1790397905.03563,0.34704999999999997,0.292191995,0.287455998,0.2927999965,0.2086080015,0.040864,0.040864,16384,baseline,25,10,30,0.0,False,"{""samples"": 3, ""sm_min"": 2940.0, ""mem_min"": 14001.0, ""pstates"": [""P1""]}"
1790397905.03563,1790397906.7362435,0.15300000000000002,0.1243519995,0.124000001,0.126896001,0.0814240015,0.010655999999999999,0.009472,16384,long_warmup,26,8816,30,0.0,False,"{""samples"": 29, ""sm_min"": 2805.0, ""mem_min"": 14001.0, ""pstates"": [""P1""]}"
1790397906.7362435,1790397906.8891463,0.39325,0.32465599300000003,0.34699200249999995,0.3157119995,0.23281599549999998,0.044399998999999996,0.0423520005,16384,baseline,26,10,30,0.0,False,"{""samples"": 3, ""sm_min"": 2940.0, ""mem_min"": 14001.0, ""pstates"": [""P1""]}"
1790397906.8891463,1790397907.0311003,0.40885000000000005,0.341391997,0.33929600000000004,0.34163200299999996,0.2502239945,0.045359999,0.043391999,16384,baseline,27,10,30,0.0,False,"{""samples"": 2, ""sm_min"": 2940.0, ""mem_min"": 14001.0, ""pstates"": [""P1""]}"
1790397907.0311003,1790397908.9115074,0.1147,0.09062399900000001,0.0890399985,0.083359997,0.071295999,0.009455999999999999,0.008464,16384,long_warmup,27,8816,30,0.0,False,"{""samples"": 33, ""sm_min"": 2610.0, ""mem_min"": 14001.0, ""pstates"": [""P1""]}"
1790397908.9115074,1790397909.0444746,0.3658,0.28955199750000005,0.28577599800000003,0.3051839975,0.208863996,0.0414079985,0.0406880005,16384,baseline,28,10,30,0.0,False,"{""samples"": 2, ""sm_min"": 2940.0, ""mem_min"": 14001.0, ""pstates"": [""P1""]}"
1790397909.0444746,1790397910.6208305,0.14005,0.1056799995,0.1024960005,0.12651200099999999,0.081951998,0.00976,0.008672,16384,long_warmup,28,8816,30,0.0,False,"{""samples"": 27, ""sm_min"": 2820.0, ""mem_min"": 14001.0, ""pstates"": [""P1""]}"
1790397910.6208305,1790397910.7429645,0.3861,0.3270399945,0.3113759975,0.35067200049999997,0.2244959995,0.044064000000000006,0.042448001,16384,baseline,29,10,30,0.0,False,"{""samples"": 3, ""sm_min"": 2940.0, ""mem_min"": 14001.0, ""pstates"": [""P1""]}"
1790397910.7429645,1790397912.3706956,0.17149999999999999,0.136432,0.1365600005,0.13271999899999998,0.1026399995,0.012992,0.011888,16384,long_warmup,29,8816,30,0.0,False,"{""samples"": 27, ""sm_min"": 2790.0, ""mem_min"": 14001.0, ""pstates"": [""P1""]}"
1790397912.3706956,1790397912.5016212,0.35025,0.288991999,0.262591997,0.31188800000000005,0.207344003,0.0414079985,0.0406880005,16384,baseline,30,10,30,0.0,False,"{""samples"": 3, ""sm_min"": 2940.0, ""mem_min"": 14001.0, ""pstates"": [""P1""]}"
1790397912.5016212,1790397914.206549,0.13019999999999998,0.10052800049999999,0.1120640005,0.098224002,0.080480002,0.010032,0.008608,16384,long_warmup,30,8816,30,0.0,False,"{""samples"": 31, ""sm_min"": 2782.0, ""mem_min"": 14001.0, ""pstates"": [""P1""]}"
1790397914.206549,1790397914.3281264,0.14005,0.1107519985,0.109423998,0.10646400149999999,0.08046399800000001,0.010224,0.00864,16384,baseline,31,10,30,0.0,False,"{""samples"": 2, ""sm_min"": 2940.0, ""mem_min"": 14201.0, ""pstates"": [""P0""]}"
1790397914.3281264,1790397916.0444396,0.1406,0.11451199849999999,0.1264480005,0.11406399950000001,0.07775999950000001,0.0112,0.009232,16384,long_warmup,31,8816,30,0.0,False,"{""samples"": 30, ""sm_min"": 2662.0, ""mem_min"": 14001.0, ""pstates"": [""P0"", ""P1""]}"
1790397916.0444396,1790397917.9075496,0.14205,0.11841600099999999,0.112015999,0.11841600099999999,0.091359999,0.009392,0.009472000000000001,16384,long_warmup,32,8816,30,0.0,False,"{""samples"": 33, ""sm_min"": 2940.0, ""mem_min"": 14001.0, ""pstates"": [""P1""]}"
1790397917.9075496,1790397918.0202386,0.15015,0.117631997,0.11783999749999999,0.11590400000000001,0.082863998,0.01056,0.009648,16384,baseline,32,10,30,0.0,False,"{""samples"": 2, ""sm_min"": 2940.0, ""mem_min"": 14001.0, ""pstates"": [""P1""]}"
1790397918.0202386,1790397919.6228006,0.17145,0.1354720015,0.149839999,0.1339839995,0.1093599985,0.011904,0.012095999999999999,16384,long_warmup,33,8816,30,0.0,False,"{""samples"": 28, ""sm_min"": 2812.0, ""mem_min"": 14001.0, ""pstates"": [""P1""]}"
1790397919.6228006,1790397919.7494686,0.14739999999999998,0.1238399975,0.1282880005,0.11401600049999999,0.085584,0.010960000000000001,0.008976000000000001,16384,baseline,33,10,30,0.0,False,"{""samples"": 2, ""sm_min"": 2940.0, ""mem_min"": 14001.0, ""pstates"": [""P1""]}"
1790397919.7494686,1790397919.8917968,0.38995,0.320528004,0.3270400015,0.33643199849999994,0.220975995,0.044672001,0.0437920005,16384,baseline,34,10,30,0.0,False,"{""samples"": 3, ""sm_min"": 2940.0, ""mem_min"": 14201.0, ""pstates"": [""P1""]}"
1790397919.8917968,1790397921.5429,0.13355,0.109423999,0.107984,0.113184,0.07929599700000001,0.010208,0.008799999999999999,16384,long_warmup,34,8816,30,0.0,False,"{""samples"": 28, ""sm_min"": 2617.0, ""mem_min"": 14001.0, ""pstates"": [""P1""]}"
1790397921.5429,1790397923.3224149,0.12855,0.1021599985,0.110816,0.094479999,0.079728,0.010624,0.008752,16384,long_warmup,35,8816,30,0.0,False,"{""samples"": 33, ""sm_min"": 2940.0, ""mem_min"": 14001.0, ""pstates"": [""P1""]}"
1790397923.3224149,1790397923.4558952,0.36745,0.2973600015,0.29345599899999997,0.305712002,0.2129760015,0.042048,0.040912000500000004,16384,baseline,35,10,30,0.0,False,"{""samples"": 2, ""sm_min"": 2940.0, ""mem_min"": 14001.0, ""pstates"": [""P1""]}"
1790397923.5921853,1790397923.7220466,0.188,0.174927997,0.17743999449999998,0.17276800250000002,0.14004799699999998,0.024623999,0.009216,1048576,baseline,0,10,30,0.0,False,"{""samples"": 3, ""sm_min"": 2745.0, ""mem_min"": 14001.0, ""pstates"": [""P0"", ""P1""]}"
1790397923.7220466,1790397925.7825508,0.2012,0.183536001,0.1814080005,0.19020800399999999,0.1482720005,0.0245280005,0.009216,1048576,long_warmup,0,7401,30,0.0,False,"{""samples"": 37, ""sm_min"": 2745.0, ""mem_min"": 14001.0, ""pstates"": [""P0"", ""P1""]}"
1790397925.7825508,1790397925.9057474,0.1886,0.174783997,0.1717280015,0.181776001,0.14035199599999998,0.024848000500000002,0.010304,1048576,baseline,1,10,30,0.0,False,"{""samples"": 2, ""sm_min"": 2940.0, ""mem_min"": 14001.0, ""pstates"": [""P1""]}"
1790397925.9057474,1790397927.928111,0.21525,0.186751996,0.1915040005,0.185359997,0.15001600199999998,0.024576,0.010336,1048576,long_warmup,1,7401,30,0.0,False,"{""samples"": 36, ""sm_min"": 2940.0, ""mem_min"": 14001.0, ""pstates"": [""P1""]}"
1790397927.928111,1790397929.9047902,0.23815,0.2130079955,0.214608001,0.20604799749999997,0.1661120055,0.02544,0.009216,1048576,long_warmup,2,7401,30,0.0,False,"{""samples"": 34, ""sm_min"": 2940.0, ""mem_min"": 14001.0, ""pstates"": [""P1""]}"
1790397929.9047902,1790397930.0337672,0.33704999999999996,0.3058400015,0.311456,0.20028800149999998,0.23795199350000001,0.056528000499999995,0.010288,1048576,baseline,2,10,30,0.0,False,"{""samples"": 2, ""sm_min"": 2940.0, ""mem_min"": 14001.0, ""pstates"": [""P1""]}"
1790397930.0337672,1790397932.2147639,0.2056,0.182352,0.17772799649999999,0.19401600000000002,0.148704,0.024576,0.009216,1048576,long_warmup,3,7401,30,0.0,False,"{""samples"": 39, ""sm_min"": 2940.0, ""mem_min"": 14001.0, ""pstates"": [""P1""]}"
1790397932.2147639,1790397932.3536887,0.4309,0.36718400399999995,0.3534559985,0.385120001,0.29166400449999996,0.061456000499999996,0.010848,1048576,baseline,3,10,30,0.0,False,"{""samples"": 3, ""sm_min"": 2940.0, ""mem_min"": 14201.0, ""pstates"": [""P0""]}"
1790397932.3536887,1790397934.119266,0.19545,0.17921600599999998,0.199168006,0.1784320075,0.14560000550000002,0.024672,0.009184000000000001,1048576,long_warmup,4,7401,30,0.0,False,"{""samples"": 30, ""sm_min"": 2940.0, ""mem_min"": 14001.0, ""pstates"": [""P0"", ""P1""]}"
1790397934.119266,1790397934.2539601,0.40795000000000003,0.351519991,0.311408006,0.372639996,0.2652640045,0.061392,0.01072,1048576,baseline,4,10,30,0.0,False,"{""samples"": 2, ""sm_min"": 2940.0, ""mem_min"": 14001.0, ""pstates"": [""P1""]}"
1790397934.2539601,1790397936.143671,0.4062,0.36691199100000005,0.367087992,0.238927997,0.2925439925,0.060880000000000004,0.01032,1048576,long_warmup,5,7401,30,0.0,False,"{""samples"": 33, ""sm_min"": 2940.0, ""mem_min"": 14001.0, ""pstates"": [""P1""]}"
1790397936.143671,1790397936.2765455,0.2069,0.184880002,0.19180800550000002,0.1829920015,0.1509120015,0.024688,0.010224,1048576,baseline,5,10,30,0.0,False,"{""samples"": 2, ""sm_min"": 2940.0, ""mem_min"": 14001.0, ""pstates"": [""P0"", ""P1""]}"
1790397936.2765455,1790397938.298105,0.22294999999999998,0.1816800005,0.1715359985,0.179727999,0.1457759965,0.0246719995,0.009136,1048576,long_warmup,6,7401,30,0.0,False,"{""samples"": 36, ""sm_min"": 2940.0, ""mem_min"": 14001.0, ""pstates"": [""P0"", ""P1""]}"
1790397938.298105,1790397938.4190807,0.4315,0.3693919995,0.34448000850000005,0.3693919995,0.2963200065,0.061904,0.010672000000000001,1048576,baseline,6,10,30,0.0,False,"{""samples"": 2, ""sm_min"": 2940.0, ""mem_min"": 14001.0, ""pstates"": [""P1""]}"
1790397938.4190807,1790397940.5045824,0.19195,0.16647999949999998,0.17662400050000002,0.1661599975,0.132015996,0.024416,0.010192,1048576,long_warmup,7,7401,30,0.0,False,"{""samples"": 36, ""sm_min"": 2940.0, ""mem_min"": 14001.0, ""pstates"": [""P1""]}"
1790397940.5045824,1790397940.637377,0.40615,0.3527359925,0.34499200350000003,0.36004800400000003,0.2668479975,0.062784001,0.010672000000000001,1048576,baseline,7,10,30,0.0,False,"{""samples"": 3, ""sm_min"": 2940.0, ""mem_min"": 14001.0, ""pstates"": [""P1""]}"
1790397940.637377,1790397942.4131033,0.24080000000000001,0.2052159945,0.2160959945,0.2052159945,0.165151998,0.0252480005,0.010735999999999999,1048576,long_warmup,8,7401,30,0.0,False,"{""samples"": 30, ""sm_min"": 2940.0, ""mem_min"": 14001.0, ""pstates"": [""P0"", ""P1""]}"
1790397942.4131033,1790397942.54045,0.4072,0.358095998,0.313232,0.36856000050000004,0.269135997,0.061632,0.010688,1048576,baseline,8,10,30,0.0,False,"{""samples"": 2, ""sm_min"": 2940.0, ""mem_min"": 14001.0, ""pstates"": [""P1""]}"
1790397942.54045,1790397942.6859674,0.40535,0.35264000300000004,0.311536001,0.3674560055,0.2695360035,0.061647999999999994,0.010304,1048576,baseline,9,10,30,0.0,False,"{""samples"": 3, ""sm_min"": 2940.0, ""mem_min"": 14001.0, ""pstates"": [""P1""]}"
1790397942.6859674,1790397944.5091255,0.1911,0.165983998,0.162640002,0.1795359945,0.129568003,0.024592,0.00912,1048576,long_warmup,9,7401,30,0.0,False,"{""samples"": 32, ""sm_min"": 2940.0, ""mem_min"": 14001.0, ""pstates"": [""P0"", ""P1""]}"
1790397944.5091255,1790397946.3932426,0.2145,0.18588799500000003,0.1867200015,0.1837280025,0.149904005,0.024464,0.011296,1048576,long_warmup,10,7401,30,0.0,False,"{""samples"": 33, ""sm_min"": 2940.0, ""mem_min"": 14001.0, ""pstates"": [""P1""]}"
1790397946.3932426,1790397946.5267067,0.40915,0.367728007,0.31468799900000005,0.376272,0.29676800999999997,0.060479999,0.010655999999999999,1048576,baseline,10,10,30,0.0,False,"{""samples"": 2, ""sm_min"": 2940.0, ""mem_min"": 14001.0, ""pstates"": [""P1""]}"
1790397946.5267067,1790397946.651839,0.19219999999999998,0.176815995,0.1760319985,0.17313599699999999,0.13896000349999998,0.024768000499999998,0.010432,1048576,baseline,11,10,30,0.0,False,"{""samples"": 3, ""sm_min"": 2940.0, ""mem_min"": 14001.0, ""pstates"": [""P1""]}"
1790397946.651839,1790397948.5746148,0.19125,0.16534400300000002,0.15588800149999998,0.187023999,0.12940800200000002,0.02472,0.009792,1048576,long_warmup,11,7401,30,0.0,False,"{""samples"": 31, ""sm_min"": 2940.0, ""mem_min"": 14001.0, ""pstates"": [""P0"", ""P1""]}"
1790397948.5746148,1790397950.6359718,0.19945,0.183408001,0.1833919975,0.183248005,0.149856001,0.02448,0.00912,1048576,long_warmup,12,7401,30,0.0,False,"{""samples"": 33, ""sm_min"": 2940.0, ""mem_min"": 14001.0, ""pstates"": [""P1""]}"
1790397950.6359718,1790397950.7634676,0.38639999999999997,0.33828800449999996,0.3108960015,0.3899040115,0.24312,0.0603199995,0.01048,1048576,baseline,12,10,30,0.0,False,"{""samples"": 2, ""sm_min"": 2940.0, ""mem_min"": 14001.0, ""pstates"": [""P1""]}"
1790397950.7634676,1790397950.8900032,0.38575000000000004,0.3389759955,0.31193599800000005,0.349120002,0.2397280035,0.060624,0.010624000000000001,1048576,baseline,13,10,30,0.0,False,"{""samples"": 2, ""sm_min"": 2940.0, ""mem_min"": 14201.0, ""pstates"": [""P1""]}"
1790397950.8900032,1790397952.8603117,0.19555,0.16387200000000002,0.1635039985,0.17926400499999998,0.129280001,0.024416,0.00912,1048576,long_warmup,13,7401,30,0.0,False,"{""samples"": 31, ""sm_min"": 2940.0, ""mem_min"": 14001.0, ""pstates"": [""P1""]}"
1790397952.8603117,1790397954.7652347,0.1999,0.18430399649999998,0.18231999849999997,0.192912,0.1494400055,0.024752,0.010432,1048576,long_warmup,14,7401,30,0.0,False,"{""samples"": 31, ""sm_min"": 2940.0, ""mem_min"": 14001.0, ""pstates"": [""P1""]}"
1790397954.7652347,1790397954.89906,0.4078,0.347999996,0.3266880035,0.365312001,0.2698080095,0.0614879985,0.010608,1048576,baseline,14,10,30,0.0,False,"{""samples"": 2, ""sm_min"": 2955.0, ""mem_min"": 14001.0, ""pstates"": [""P1""]}"
1790397954.89906,1790397955.0201201,0.1881,0.1744479995,0.175471997,0.1846080025,0.13737599550000001,0.02752,0.009248,1048576,baseline,15,10,30,0.0,False,"{""samples"": 2, ""sm_min"": 2955.0, ""mem_min"": 14001.0, ""pstates"": [""P1""]}"
1790397955.0201201,1790397956.83631,0.1953,0.180719997,0.1775039975,0.1834880015,0.1460159945,0.024432000000000002,0.00912,1048576,long_warmup,15,7401,30,0.0,False,"{""samples"": 29, ""sm_min"": 2940.0, ""mem_min"": 14001.0, ""pstates"": [""P1""]}"
1790397956.83631,1790397958.55862,0.2089,0.183487997,0.18345600450000002,0.18822399950000002,0.1489919945,0.024544001,0.010336,1048576,long_warmup,16,7401,30,0.0,False,"{""samples"": 27, ""sm_min"": 2940.0, ""mem_min"": 14001.0, ""pstates"": [""P1""]}"
1790397958.55862,1790397958.6785676,0.18880000000000002,0.1750240015,0.1747360025,0.17240000300000002,0.1404640005,0.024896,0.0104,1048576,baseline,16,10,30,0.0,False,"{""samples"": 2, ""sm_min"": 2940.0, ""mem_min"": 14001.0, ""pstates"": [""P1""]}"
1790397958.6795702,1790397958.798368,0.189,0.1741920005,0.17295999550000002,0.1753440015,0.13931199900000002,0.0247840005,0.010288,1048576,baseline,17,10,30,0.0,False,"{""samples"": 2, ""sm_min"": 2940.0, ""mem_min"": 14001.0, ""pstates"": [""P0"", ""P1""]}"
1790397958.798368,1790397960.4725108,0.2049,0.1832320005,0.1903200055,0.1829600015,0.1485760065,0.0245759995,0.010208,1048576,long_warmup,17,7401,30,0.0,False,"{""samples"": 27, ""sm_min"": 2940.0, ""mem_min"": 14001.0, ""pstates"": [""P0"", ""P1""]}"
1790397960.4725108,1790397960.6036458,0.4075,0.349615997,0.339824004,0.3722079975,0.2746559975,0.0602080005,0.01056,1048576,baseline,18,10,30,0.0,False,"{""samples"": 2, ""sm_min"": 2940.0, ""mem_min"": 14001.0, ""pstates"": [""P1""]}"
1790397960.6036458,1790397962.4442122,0.2496,0.22393599649999998,0.2185119995,0.22435199999999997,0.1718399975,0.031327999999999995,0.010495999999999998,1048576,long_warmup,18,7401,30,0.0,False,"{""samples"": 29, ""sm_min"": 2940.0, ""mem_min"": 14001.0, ""pstates"": [""P1""]}"
1790397962.4442122,1790397964.1955633,0.2529,0.218912,0.21968000000000004,0.214912,0.17174400350000002,0.02568,0.010688,1048576,long_warmup,19,7401,30,0.0,False,"{""samples"": 28, ""sm_min"": 2940.0, ""mem_min"": 14001.0, ""pstates"": [""P1""]}"
1790397964.1965663,1790397964.3188756,0.1921,0.1767040005,0.17566400000000001,0.17822400100000002,0.143040001,0.0247839995,0.009216,1048576,baseline,19,10,30,0.0,False,"{""samples"": 2, ""sm_min"": 2940.0, ""mem_min"": 14001.0, ""pstates"": [""P0"", ""P1""]}"
1790397964.3188756,1790397966.1642666,0.1757,0.16328000250000002,0.16280000249999999,0.1636959985,0.129600003,0.024096,0.00912,1048576,long_warmup,20,7401,30,0.0,False,"{""samples"": 30, ""sm_min"": 2940.0, ""mem_min"": 14001.0, ""pstates"": [""P0"", ""P1""]}"
1790397966.1642666,1790397966.2956262,0.4001,0.3408320045,0.303551998,0.35638400000000003,0.239119999,0.062032001,0.010656,1048576,baseline,20,10,30,0.0,False,"{""samples"": 2, ""sm_min"": 2947.0, ""mem_min"": 14001.0, ""pstates"": [""P0"", ""P1""]}"
1790397966.2956262,1790397966.418668,0.1838,0.17089599900000002,0.17089599900000002,0.16622399999999998,0.137327999,0.024688,0.009232,1048576,baseline,21,10,30,0.0,False,"{""samples"": 2, ""sm_min"": 2955.0, ""mem_min"": 14201.0, ""pstates"": [""P0""]}"
1790397966.418668,1790397968.1127808,0.20665,0.183727996,0.18380799399999997,0.182895998,0.1499039975,0.024448,0.00912,1048576,long_warmup,21,7401,30,0.0,False,"{""samples"": 27, ""sm_min"": 2955.0, ""mem_min"": 14001.0, ""pstates"": [""P0"", ""P1""]}"
1790397968.1127808,1790397969.9552188,0.21025,0.184287996,0.184063994,0.18337599999999998,0.15022400000000002,0.024655999499999998,0.010079999999999999,1048576,long_warmup,22,7401,30,0.0,False,"{""samples"": 29, ""sm_min"": 2940.0, ""mem_min"": 14001.0, ""pstates"": [""P1""]}"
1790397969.9552188,1790397970.0772142,0.1866,0.17228799250000001,0.17238399250000003,0.171120001,0.138015993,0.0246719995,0.010112,1048576,baseline,22,10,30,0.0,False,"{""samples"": 2, ""sm_min"": 2940.0, ""mem_min"": 14001.0, ""pstates"": [""P1""]}"
1790397970.0772142,1790397972.01187,0.2015,0.1828480045,0.182527999,0.18350399799999997,0.1479199975,0.024623999,0.00912,1048576,long_warmup,23,7401,30,0.0,False,"{""samples"": 31, ""sm_min"": 2940.0, ""mem_min"": 14001.0, ""pstates"": [""P1""]}"
1790397972.01187,1790397972.1513436,0.4332,0.3705439945,0.4027359965,0.3647520015,0.29236800949999997,0.062751999,0.010688,1048576,baseline,23,10,30,0.0,False,"{""samples"": 2, ""sm_min"": 2955.0, ""mem_min"": 14001.0, ""pstates"": [""P1""]}"
1790397972.1523461,1790397973.885867,0.21875,0.19022399699999998,0.207040001,0.190112,0.1557760015,0.025168000000000003,0.009232,1048576,long_warmup,24,7401,30,0.0,False,"{""samples"": 28, ""sm_min"": 2955.0, ""mem_min"": 14001.0, ""pstates"": [""P0"", ""P1""]}"
1790397973.885867,1790397974.0055885,0.2073,0.1857279985,0.17865600450000002,0.19305599550000002,0.148832001,0.024896,0.010272,1048576,baseline,24,10,30,0.0,False,"{""samples"": 2, ""sm_min"": 2955.0, ""mem_min"": 14001.0, ""pstates"": [""P1""]}"
1790397974.0055885,1790397976.0885203,0.2539,0.21391999550000002,0.21401599999999998,0.2120000025,0.1675359975,0.026688,0.010848,1048576,long_warmup,25,7401,30,0.0,False,"{""samples"": 33, ""sm_min"": 2955.0, ""mem_min"": 14001.0, ""pstates"": [""P1""]}"
1790397976.0885203,1790397976.214994,0.19674999999999998,0.1778399945,0.17451200100000003,0.17753599450000002,0.1423039955,0.024704,0.010576,1048576,baseline,25,10,30,0.0,False,"{""samples"": 2, ""sm_min"": 2955.0, ""mem_min"": 14001.0, ""pstates"": [""P1""]}"
1790397976.214994,1790397976.335966,0.21395,0.19177599499999998,0.1784799995,0.2117919995,0.149071999,0.024815999999999998,0.010656,1048576,baseline,26,10,30,0.0,False,"{""samples"": 2, ""sm_min"": 2955.0, ""mem_min"": 14201.0, ""pstates"": [""P0""]}"
1790397976.335966,1790397978.116979,0.24325,0.223232002,0.23281599649999998,0.21076799400000001,0.16788800050000002,0.029360001000000004,0.010447999999999999,1048576,long_warmup,26,7401,30,0.0,False,"{""samples"": 28, ""sm_min"": 2955.0, ""mem_min"": 14001.0, ""pstates"": [""P0"", ""P1""]}"
1790397978.116979,1790397978.2359378,0.18864999999999998,0.1752159975,0.172256001,0.172336002,0.14231999950000002,0.024672,0.009216,1048576,baseline,27,10,30,0.0,False,"{""samples"": 2, ""sm_min"": 2955.0, ""mem_min"": 14001.0, ""pstates"": [""P1""]}"
1790397978.2369404,1790397980.0710845,0.19145,0.1782880035,0.190592004,0.17931200049999999,0.137199998,0.024416,0.00912,1048576,long_warmup,27,7401,30,0.0,False,"{""samples"": 30, ""sm_min"": 2955.0, ""mem_min"": 14001.0, ""pstates"": [""P0"", ""P1""]}"
1790397980.0710845,1790397980.210048,0.40245,0.362672004,0.3120639985,0.3666720105,0.2915360035,0.060927999999999996,0.010239999999999999,1048576,baseline,28,10,30,0.0,False,"{""samples"": 2, ""sm_min"": 2955.0, ""mem_min"": 14001.0, ""pstates"": [""P1""]}"
1790397980.210048,1790397982.130692,0.20879999999999999,0.18609600199999998,0.1868159985,0.18510400500000002,0.149728,0.024975999999999998,0.010336,1048576,long_warmup,28,7401,30,0.0,False,"{""samples"": 30, ""sm_min"": 2955.0, ""mem_min"": 14001.0, ""pstates"": [""P0"", ""P1""]}"
1790397982.130692,1790397982.269501,0.40425,0.365007988,0.34588800249999996,0.36561598949999996,0.2844479975,0.061007999,0.0104,1048576,baseline,29,10,30,0.0,False,"{""samples"": 3, ""sm_min"": 2955.0, ""mem_min"": 14001.0, ""pstates"": [""P1""]}"
1790397982.269501,1790397984.1416652,0.17804999999999999,0.16344000249999996,0.16822399799999999,0.1643839995,0.129184,0.0243999995,0.00912,1048576,long_warmup,29,7401,30,0.0,False,"{""samples"": 30, ""sm_min"": 2955.0, ""mem_min"": 14001.0, ""pstates"": [""P1""]}"
1790397984.1416652,1790397984.2606168,0.1818,0.1645759985,0.1574880005,0.17411200200000002,0.1293440015,0.025152,0.009216,1048576,baseline,30,10,30,0.0,False,"{""samples"": 1, ""sm_min"": 2955.0, ""mem_min"": 14001.0, ""pstates"": [""P1""]}"
1790397984.2606168,1790397986.1235256,0.19119999999999998,0.1790560005,0.1785600035,0.1804000025,0.1448640005,0.024416,0.00912,1048576,long_warmup,30,7401,30,0.0,False,"{""samples"": 30, ""sm_min"": 2955.0, ""mem_min"": 14001.0, ""pstates"": [""P1""]}"
1790397986.1235256,1790397986.2480304,0.1921,0.17696000150000002,0.17718400150000002,0.17267199849999998,0.141999997,0.024912,0.009232,1048576,baseline,31,10,30,0.0,False,"{""samples"": 2, ""sm_min"": 2955.0, ""mem_min"": 14001.0, ""pstates"": [""P1""]}"
1790397986.2480304,1790397988.1315675,0.21789999999999998,0.18396800249999998,0.19342400199999998,0.18529599749999998,0.1494560015,0.025312,0.009583999999999999,1048576,long_warmup,31,7401,30,0.0,False,"{""samples"": 30, ""sm_min"": 2955.0, ""mem_min"": 14001.0, ""pstates"": [""P0"", ""P1""]}"
1790397988.1315675,1790397990.0487406,0.20625,0.184832004,0.18465600399999998,0.20491199849999997,0.14979200050000002,0.024655999499999998,0.009344000000000002,1048576,long_warmup,32,7401,30,0.0,False,"{""samples"": 31, ""sm_min"": 2955.0, ""mem_min"": 14001.0, ""pstates"": [""P1""]}"
1790397990.0487406,1790397990.1756778,0.1895,0.1749600005,0.183583999,0.17395199700000002,0.1409920005,0.0247999995,0.00944,1048576,baseline,32,10,30,0.0,False,"{""samples"": 2, ""sm_min"": 2955.0, ""mem_min"": 14001.0, ""pstates"": [""P1""]}"
1790397990.1756778,1790397991.9130838,0.1867,0.1681759995,0.19801600249999998,0.164624003,0.13171200500000002,0.0245120005,0.00912,1048576,long_warmup,33,7401,30,0.0,False,"{""samples"": 28, ""sm_min"": 2955.0, ""mem_min"": 14001.0, ""pstates"": [""P0"", ""P1""]}"
1790397991.9130838,1790397992.053985,0.39115,0.345919996,0.310927994,0.3596479925,0.260655999,0.060416,0.010336000000000001,1048576,baseline,33,10,30,0.0,False,"{""samples"": 2, ""sm_min"": 2955.0, ""mem_min"": 14001.0, ""pstates"": [""P1""]}"
1790397992.053985,1790397994.0114148,0.2116,0.1831519965,0.1831040005,0.18439999899999998,0.14886400100000002,0.024560000999999998,0.009680000000000001,1048576,long_warmup,34,7401,30,0.0,False,"{""samples"": 31, ""sm_min"": 2955.0, ""mem_min"": 14001.0, ""pstates"": [""P1""]}"
1790397994.0114148,1790397994.1539717,0.40325,0.357152005,0.34254399550000003,0.3656000065,0.2695199995,0.0619680005,0.01064,1048576,baseline,34,10,30,0.0,False,"{""samples"": 2, ""sm_min"": 2955.0, ""mem_min"": 14001.0, ""pstates"": [""P1""]}"
1790397994.1539717,1790397995.9110262,0.19665,0.18187199650000002,0.180863996,0.181168001,0.145376004,0.024815999999999998,0.00912,1048576,long_warmup,35,7401,30,0.0,False,"{""samples"": 11, ""sm_min"": 2955.0, ""mem_min"": 14001.0, ""pstates"": [""P0"", ""P1""]}"
1790397995.9120274,1790397996.0564768,0.3931,0.34145600750000005,0.32046400649999995,0.373759997,0.266591996,0.059312001,0.010096,1048576,baseline,35,10,30,0.0,False,"{""samples"": 0}"
