count,bits,backend,boundary,correctness,warmup,reps,trials,median_ms,iqr_ms,trial_median_min_ms,trial_median_max_ms,spread_ratio,spread_p90_p10,stable,unstable_rev2,speedup_vs_c,speedup_low,speedup_high,speedup_ci_low,speedup_ci_high,verdict,boundary_inversion,direction_supported,magnitude_supported,claim_supported_rev2
1024,4,cpu,comparator,passed,44643,30,24,0.022200,0.000300,0.022000,0.022400,1.0182,1.0159,true,false,1.0000,1.0000,1.0000,1.0000,1.0000,comparator,false,,,
1024,4,cuda,resident,passed,9204,30,24,0.105400,0.025750,0.094950,0.115300,1.2143,1.1357,true,false,0.2106,0.1908,0.2359,0.2030,0.2153,slower,false,true,true,true
1024,4,cuda,resident-graph,passed,46512,30,24,0.020200,0.002100,0.018400,0.020400,1.1087,1.1048,true,false,1.0990,1.0784,1.2174,1.0833,1.1333,faster,false,true,true,true
1024,4,cuda,host-origin,passed,4622,30,24,0.212100,0.042650,0.199350,0.247700,1.2425,1.1962,true,false,0.1047,0.0888,0.1124,0.0959,0.1066,slower,false,true,true,true
1024,8,cpu,comparator,passed,47394,30,24,0.021000,0.000300,0.020900,0.021300,1.0191,1.0184,true,false,1.0000,1.0000,1.0000,1.0000,1.0000,comparator,false,,,
1024,8,cuda,resident,passed,8558,30,24,0.108150,0.026625,0.085150,0.118500,1.3917,1.1596,true,true,0.1942,0.1764,0.2501,0.1888,0.2004,slower,false,true,true,false
1024,8,cuda,resident-graph,passed,51151,30,24,0.019750,0.002100,0.018500,0.020400,1.1027,1.0988,true,false,1.0633,1.0245,1.1514,1.0392,1.1024,faster,false,true,true,true
1024,8,cuda,host-origin,passed,5150,30,24,0.208450,0.030525,0.195500,0.242100,1.2384,1.1596,true,false,0.1007,0.0863,0.1090,0.0988,0.1021,slower,false,true,true,true
2048,4,cpu,comparator,passed,22076,30,24,0.044800,0.000500,0.044600,0.045300,1.0157,1.0142,true,false,1.0000,1.0000,1.0000,1.0000,1.0000,comparator,false,,,
2048,4,cuda,resident,passed,8529,30,24,0.118050,0.027125,0.110850,0.124500,1.1231,1.0795,true,false,0.3795,0.3582,0.4087,0.3739,0.3852,slower,false,true,true,true
2048,4,cuda,resident-graph,passed,48781,30,24,0.020500,0.000100,0.020400,0.020500,1.0049,1.0049,true,false,2.1854,2.1756,2.2206,2.1805,2.1829,faster,false,true,true,true
2048,4,cuda,host-origin,passed,4574,30,24,0.219050,0.033900,0.179400,0.240800,1.3423,1.1477,true,true,0.2045,0.1852,0.2525,0.1933,0.2094,slower,false,true,true,false
2048,8,cpu,comparator,passed,23283,30,24,0.042300,0.000200,0.042200,0.042900,1.0166,1.0024,true,false,1.0000,1.0000,1.0000,1.0000,1.0000,comparator,false,,,
2048,8,cuda,resident,passed,8670,30,24,0.118250,0.025550,0.104950,0.122350,1.1658,1.0850,true,false,0.3577,0.3449,0.4088,0.3530,0.3643,slower,false,true,true,true
2048,8,cuda,resident-graph,passed,48900,30,24,0.020500,0.000100,0.020400,0.020500,1.0049,1.0049,true,false,2.0634,2.0585,2.1029,2.0585,2.0660,faster,false,true,true,true
2048,8,cuda,host-origin,passed,4728,30,24,0.225800,0.034325,0.208550,0.242850,1.1645,1.1551,true,false,0.1873,0.1738,0.2057,0.1787,0.1944,slower,false,true,true,true
4096,4,cpu,comparator,passed,11112,30,24,0.089400,0.000400,0.089250,0.090500,1.0140,1.0021,true,false,1.0000,1.0000,1.0000,1.0000,1.0000,comparator,false,,,
4096,4,cuda,resident,passed,8544,30,24,0.123200,0.024700,0.114600,0.127750,1.1147,1.0784,true,false,0.7256,0.6986,0.7897,0.7234,0.7434,slower,false,true,true,true
4096,4,cuda,resident-graph,passed,49020,30,24,0.020500,0.000100,0.020400,0.022500,1.1029,1.0049,true,false,4.3610,3.9667,4.4363,4.3561,4.3639,faster,false,true,true,true
4096,4,cuda,host-origin,passed,4650,30,24,0.233650,0.039250,0.204800,0.249000,1.2158,1.1601,true,false,0.3826,0.3584,0.4419,0.3720,0.3922,slower,false,true,true,true
4096,8,cpu,comparator,passed,11112,30,24,0.090200,0.001300,0.089550,0.110900,1.2384,1.0147,true,false,1.0000,1.0000,1.0000,1.0000,1.0000,comparator,false,,,
4096,8,cuda,resident,passed,7085,30,24,0.124200,0.027150,0.116550,0.129850,1.1141,1.0729,true,false,0.7262,0.6896,0.9515,0.7165,0.7487,slower,false,true,true,true
4096,8,cuda,resident-graph,passed,49020,30,24,0.020500,0.000100,0.020450,0.024450,1.1956,1.0017,true,false,4.4000,3.6626,5.4230,4.3732,4.4293,faster,false,true,true,true
4096,8,cuda,host-origin,passed,4579,30,24,0.229850,0.036725,0.208250,0.250550,1.2031,1.1296,true,false,0.3924,0.3574,0.5325,0.3811,0.4099,slower,false,true,true,true
8192,4,cpu,comparator,passed,5509,30,24,0.181600,0.001000,0.181350,0.183850,1.0138,1.0131,true,false,1.0000,1.0000,1.0000,1.0000,1.0000,comparator,false,,,
8192,4,cuda,resident,passed,7525,30,24,0.133600,0.032125,0.122300,0.144100,1.1783,1.1129,true,false,1.3593,1.2585,1.5033,1.3442,1.3935,faster,false,true,true,true
8192,4,cuda,resident-graph,passed,45663,30,24,0.020500,0.002000,0.020500,0.022500,1.0976,1.0961,true,false,8.8585,8.0600,8.9683,8.7260,8.8537,faster,false,true,true,true
8192,4,cuda,host-origin,passed,4655,30,24,0.218550,0.039225,0.195200,0.243900,1.2495,1.1720,true,false,0.8309,0.7435,0.9419,0.8130,0.8932,slower,false,true,true,true
8192,8,cpu,comparator,passed,5242,30,24,0.190200,0.001925,0.190000,0.192600,1.0137,1.0127,true,false,1.0000,1.0000,1.0000,1.0000,1.0000,comparator,false,,,
8192,8,cuda,resident,passed,7789,30,24,0.129600,0.029750,0.121000,0.141800,1.1719,1.1096,true,false,1.4676,1.3399,1.5917,1.4584,1.4870,faster,false,true,true,true
8192,8,cuda,resident-graph,passed,42554,30,24,0.020500,0.002100,0.020450,0.022450,1.0978,1.0466,true,false,9.2780,8.4633,9.4181,9.2732,9.2780,faster,false,true,true,true
8192,8,cuda,host-origin,passed,4550,30,24,0.221250,0.035475,0.204000,0.256150,1.2556,1.0989,true,true,0.8597,0.7418,0.9441,0.8550,0.8807,slower,false,true,true,false
16384,4,cpu,comparator,passed,2733,30,24,0.366000,0.000800,0.365700,0.366150,1.0012,1.0005,true,false,1.0000,1.0000,1.0000,1.0000,1.0000,comparator,false,,,
16384,4,cuda,resident,passed,7016,30,24,0.137000,0.024975,0.108650,0.147650,1.3590,1.0625,true,true,2.6715,2.4768,3.3700,2.6350,2.7061,faster,false,true,true,false
16384,4,cuda,resident-graph,passed,44445,30,24,0.022500,0.000100,0.022500,0.022500,1.0000,1.0000,true,false,16.2667,16.2533,16.2733,16.2644,16.2711,faster,false,true,true,true
16384,4,cuda,host-origin,passed,4821,30,24,0.219850,0.031125,0.203600,0.238100,1.1694,1.1076,true,false,1.6648,1.5359,1.7984,1.6418,1.7541,faster,false,true,true,true
16384,8,cpu,comparator,passed,2533,30,24,0.394900,0.001900,0.394450,0.399600,1.0131,1.0101,true,false,1.0000,1.0000,1.0000,1.0000,1.0000,comparator,false,,,
16384,8,cuda,resident,passed,7205,30,24,0.139100,0.019825,0.126000,0.142100,1.1278,1.0611,true,false,2.8390,2.7759,3.1714,2.8156,2.8557,faster,false,true,true,true
16384,8,cuda,resident-graph,passed,44445,30,24,0.022500,0.000100,0.022500,0.022500,1.0000,1.0000,true,false,17.5511,17.5311,17.7600,17.5422,17.5489,faster,false,true,true,true
16384,8,cuda,host-origin,passed,4562,30,24,0.225400,0.032925,0.205150,0.279900,1.3644,1.1203,true,true,1.7520,1.4093,1.9478,1.7180,1.8560,faster,false,true,true,false
32768,4,cpu,comparator,passed,1361,30,24,0.735400,0.002525,0.734750,0.744700,1.0135,1.0108,true,false,1.0000,1.0000,1.0000,1.0000,1.0000,comparator,false,,,
32768,4,cuda,resident,passed,7853,30,24,0.141400,0.025350,0.135000,0.160350,1.1878,1.0724,true,false,5.2008,4.5822,5.5163,5.1373,5.2771,faster,false,true,true,true
32768,4,cuda,resident-graph,passed,44248,30,24,0.022850,0.002100,0.022500,0.024500,1.0889,1.0681,true,false,32.1838,29.9898,33.0978,31.2830,32.5265,faster,false,true,true,true
32768,4,cuda,host-origin,passed,3661,30,24,0.269800,0.034700,0.251700,0.287500,1.1422,1.0915,true,false,2.7257,2.5557,2.9587,2.6684,2.7776,faster,false,true,true,true
32768,8,cpu,comparator,passed,1248,30,24,0.802300,0.001800,0.802000,0.811350,1.0117,1.0005,true,false,1.0000,1.0000,1.0000,1.0000,1.0000,comparator,false,,,
32768,8,cuda,resident,passed,6897,30,24,0.141150,0.020725,0.125450,0.147350,1.1746,1.0499,true,false,5.6840,5.4428,6.4675,5.6243,5.7144,faster,false,true,true,true
32768,8,cuda,resident-graph,passed,42373,30,24,0.022600,0.002100,0.022500,0.024500,1.0889,1.0693,true,false,35.5000,32.7347,36.0600,34.8837,35.5393,faster,false,true,true,true
32768,8,cuda,host-origin,passed,3637,30,24,0.272300,0.033250,0.212750,0.286300,1.3457,1.0794,true,true,2.9464,2.8013,3.8136,2.8827,2.9842,faster,false,true,true,false
65536,4,cpu,comparator,passed,681,30,24,1.470800,0.018500,1.469550,1.488950,1.0132,1.0126,true,false,1.0000,1.0000,1.0000,1.0000,1.0000,comparator,false,,,
65536,4,cuda,resident,passed,6344,30,24,0.152000,0.030350,0.142950,0.167900,1.1745,1.1320,true,false,9.6763,8.7525,10.4159,9.3862,9.8678,faster,false,true,true,true
65536,4,cuda,resident-graph,passed,36232,30,24,0.026600,0.000200,0.026600,0.027600,1.0376,1.0038,true,false,55.2932,53.2446,55.9756,55.2632,55.9004,faster,false,true,true,true
65536,4,cuda,host-origin,passed,3226,30,24,0.292200,0.043925,0.241750,0.318400,1.3171,1.1890,true,true,5.0335,4.6154,6.1590,4.7750,5.1395,faster,false,true,true,false
65536,8,cpu,comparator,passed,623,30,24,1.592450,0.018400,1.589300,1.610050,1.0131,1.0122,true,false,1.0000,1.0000,1.0000,1.0000,1.0000,comparator,false,,,
65536,8,cuda,resident,passed,6741,30,24,0.154700,0.028700,0.142950,0.165600,1.1584,1.1057,true,false,10.2938,9.5972,11.2630,10.0380,10.4563,faster,false,true,true,true
65536,8,cuda,resident-graph,passed,36232,30,24,0.026600,0.000100,0.026600,0.027600,1.0376,1.0013,true,false,59.8665,57.5833,60.5282,59.7895,60.4342,faster,false,true,true,true
65536,8,cuda,host-origin,passed,3078,30,24,0.301050,0.042025,0.246500,0.336500,1.3651,1.1818,true,true,5.2897,4.7230,6.5316,5.1349,5.3764,faster,false,true,true,false
131072,4,cpu,comparator,passed,341,30,24,2.941600,0.026100,2.938750,2.988600,1.0170,1.0125,true,false,1.0000,1.0000,1.0000,1.0000,1.0000,comparator,false,,,
131072,4,cuda,resident,passed,6306,30,24,0.165450,0.033700,0.149450,0.180000,1.2044,1.1103,true,false,17.7794,16.3264,19.9973,17.4494,18.2663,faster,false,true,true,true
131072,4,cuda,resident-graph,passed,31546,30,24,0.030700,0.000000,0.030700,0.032250,1.0505,1.0000,true,false,95.8176,91.1240,97.3485,95.7622,95.9560,faster,false,true,true,true
131072,4,cuda,host-origin,passed,2633,30,24,0.345500,0.052225,0.295100,0.378150,1.2814,1.2451,true,true,8.5140,7.7714,10.1274,8.0883,9.0645,faster,false,true,true,false
131072,8,cpu,comparator,passed,322,30,24,3.107300,0.010525,3.105450,3.143450,1.0122,1.0095,true,false,1.0000,1.0000,1.0000,1.0000,1.0000,comparator,false,,,
131072,8,cuda,resident,passed,6396,30,24,0.159200,0.028900,0.143250,0.174750,1.2199,1.1594,true,false,19.5182,17.7708,21.9438,18.8596,20.1735,faster,false,true,true,true
131072,8,cuda,resident-graph,passed,31546,30,24,0.030700,0.000000,0.030700,0.033550,1.0928,1.0000,true,false,101.2150,92.5618,102.3925,101.1873,101.2296,faster,false,true,true,true
131072,8,cuda,host-origin,passed,2426,30,24,0.367850,0.051000,0.306250,0.389900,1.2731,1.2009,true,true,8.4472,7.9647,10.2643,8.2107,8.7336,faster,false,true,true,false
262144,4,cpu,comparator,passed,171,30,24,5.881150,0.017825,5.875000,5.948550,1.0125,1.0017,true,false,1.0000,1.0000,1.0000,1.0000,1.0000,comparator,false,,,
262144,4,cuda,resident,passed,6334,30,24,0.164400,0.031575,0.151950,0.183250,1.2060,1.1153,true,false,35.7734,32.0600,39.1481,35.0551,36.6675,faster,false,true,true,true
262144,4,cuda,resident-graph,passed,25063,30,24,0.040900,0.000100,0.039850,0.040950,1.0276,1.0000,true,false,143.7934,143.4676,149.2735,143.7586,143.8509,faster,false,true,true,true
262144,4,cuda,host-origin,passed,2089,30,24,0.474400,0.043550,0.435400,0.517750,1.1891,1.1000,true,false,12.3970,11.3472,13.6623,12.0942,12.5553,faster,false,true,true,true
262144,8,cpu,comparator,passed,164,30,24,6.112800,0.018425,6.107150,6.161200,1.0089,1.0027,true,false,1.0000,1.0000,1.0000,1.0000,1.0000,comparator,false,,,
262144,8,cuda,resident,passed,6059,30,24,0.167250,0.029775,0.156900,0.183300,1.1683,1.1092,true,false,36.5489,33.3178,39.2683,35.7451,37.2327,faster,false,true,true,true
262144,8,cuda,resident-graph,passed,25063,30,24,0.040900,0.000100,0.040900,0.040900,1.0000,1.0000,true,false,149.4572,149.3191,150.6406,149.4108,149.5134,faster,false,true,true,true
262144,8,cuda,host-origin,passed,1875,30,24,0.501050,0.047425,0.470650,0.547650,1.1636,1.1150,true,false,12.2000,11.1516,13.0908,11.8641,12.4930,faster,false,true,true,true
524288,4,cpu,comparator,passed,86,30,24,11.767250,0.145050,11.755000,11.907200,1.0129,1.0098,true,false,1.0000,1.0000,1.0000,1.0000,1.0000,comparator,false,,,
524288,4,cuda,resident,passed,5786,30,24,0.189350,0.048325,0.173600,0.205550,1.1840,1.1056,true,false,62.1455,57.1880,68.5899,60.3114,64.3568,faster,false,true,true,true
524288,4,cuda,resident-graph,passed,16557,30,24,0.062400,0.000100,0.062400,0.062500,1.0016,1.0008,true,false,188.5777,188.0800,190.8205,188.4920,188.9319,faster,false,true,true,true
524288,4,cuda,host-origin,passed,1476,30,24,0.645800,0.031075,0.618850,0.680500,1.0996,1.0548,true,false,18.2212,17.2741,19.2408,17.9765,18.3566,faster,false,true,true,true
524288,8,cpu,comparator,passed,83,30,24,12.080950,0.140625,12.073900,12.318000,1.0202,1.0137,true,false,1.0000,1.0000,1.0000,1.0000,1.0000,comparator,false,,,
524288,8,cuda,resident,passed,5669,30,24,0.189800,0.042750,0.174400,0.199550,1.1442,1.1159,true,false,63.6509,60.5056,70.6307,62.0817,64.5020,faster,false,true,true,true
524288,8,cuda,resident-graph,passed,16026,30,24,0.062400,0.000100,0.062400,0.062500,1.0016,1.0016,true,false,193.6050,193.1824,197.4038,193.5385,193.6771,faster,false,true,true,true
524288,8,cuda,host-origin,passed,1349,30,24,0.689850,0.019825,0.673100,0.705050,1.0475,1.0278,true,false,17.5124,17.1249,18.3004,17.4336,17.7250,faster,false,true,true,true
1048576,4,cpu,comparator,passed,43,30,24,23.498000,0.041975,23.486100,23.545950,1.0025,1.0007,true,false,1.0000,1.0000,1.0000,1.0000,1.0000,comparator,false,,,
1048576,4,cuda,resident,passed,5528,30,24,0.193200,0.003200,0.189000,0.195800,1.0360,1.0154,true,false,121.6253,119.9494,124.5817,121.0589,121.6904,faster,false,true,true,true
1048576,4,cuda,resident-graph,passed,10505,30,24,0.097300,0.000100,0.097200,0.097300,1.0010,1.0009,true,false,241.5005,241.3782,242.2423,241.4836,241.5162,faster,false,true,true,true
1048576,4,cuda,host-origin,passed,992,30,24,1.013250,0.015100,1.009850,1.024750,1.0148,1.0113,true,false,23.1907,22.9189,23.3163,23.0937,23.2237,faster,false,true,true,true
1048576,8,cpu,comparator,passed,42,30,24,23.974850,0.040550,23.965750,23.995250,1.0012,1.0006,true,false,1.0000,1.0000,1.0000,1.0000,1.0000,comparator,false,,,
1048576,8,cuda,resident,passed,5149,30,24,0.209600,0.026200,0.191450,0.221150,1.1551,1.0855,true,false,114.3838,108.3688,125.3343,113.3709,115.8760,faster,false,true,true,true
1048576,8,cuda,resident-graph,passed,10071,30,24,0.101300,0.000125,0.101300,0.101400,1.0010,1.0010,true,false,236.6718,236.3486,236.8731,236.5579,236.7167,faster,false,true,true,true
1048576,8,cuda,host-origin,passed,884,30,24,1.124000,0.026800,1.110950,1.145850,1.0314,1.0244,true,false,21.3299,20.9153,21.5989,21.2140,21.4382,faster,false,true,true,true
2097152,4,cpu,comparator,passed,22,30,24,47.025100,0.171675,46.995050,47.219000,1.0048,1.0018,true,false,1.0000,1.0000,1.0000,1.0000,1.0000,comparator,false,,,
2097152,4,cuda,resident,passed,3979,30,24,0.264600,0.004100,0.257700,0.273300,1.0605,1.0206,true,false,177.7215,171.9541,183.2324,177.1183,179.0021,faster,false,true,true,true
2097152,4,cuda,resident-graph,passed,6143,30,24,0.164800,0.000100,0.164800,0.164900,1.0006,1.0006,true,false,285.3465,284.9912,286.5231,285.2127,285.4422,faster,false,true,true,true
2097152,4,cuda,host-origin,passed,556,30,24,1.793500,0.022300,1.784850,1.835100,1.0282,1.0174,true,false,26.2197,25.6090,26.4554,26.2026,26.2492,faster,false,true,true,true
2097152,8,cpu,comparator,passed,21,30,24,47.689550,0.089875,47.676950,47.749450,1.0015,1.0007,true,false,1.0000,1.0000,1.0000,1.0000,1.0000,comparator,false,,,
2097152,8,cuda,resident,passed,3853,30,24,0.296400,0.022350,0.269350,0.307650,1.1422,1.0646,true,false,160.8959,154.9714,177.2766,160.2936,162.5631,faster,false,true,true,true
2097152,8,cuda,resident-graph,passed,5886,30,24,0.171000,0.000025,0.171000,0.171050,1.0003,1.0000,true,false,278.8863,278.7311,279.2365,278.8520,278.9105,faster,false,true,true,true
2097152,8,cuda,host-origin,passed,514,30,24,1.943600,0.035650,1.932850,2.128750,1.1014,1.0180,true,false,24.5367,22.3967,24.7042,24.5224,24.5676,faster,false,true,true,true
4194304,4,cpu,comparator,passed,11,30,24,94.117350,0.276575,94.042350,94.199350,1.0017,1.0012,true,false,1.0000,1.0000,1.0000,1.0000,1.0000,comparator,false,,,
4194304,4,cuda,resident,passed,2591,30,24,0.425600,0.006125,0.401000,0.428600,1.0688,1.0139,true,false,221.1404,219.4175,234.9111,220.6374,221.2646,faster,false,true,true,true
4194304,4,cuda,resident-graph,passed,3356,30,24,0.300000,0.000100,0.300000,0.300100,1.0003,1.0001,true,false,313.7245,313.3700,313.9978,313.6750,313.7883,faster,false,true,true,true
4194304,4,cuda,host-origin,passed,304,30,24,3.289450,0.044325,3.256200,3.361850,1.0324,1.0098,true,false,28.6119,27.9734,28.9292,28.5453,28.7416,faster,false,true,true,true
4194304,8,cpu,comparator,passed,11,30,24,95.082050,0.281725,94.986600,95.259050,1.0029,1.0017,true,false,1.0000,1.0000,1.0000,1.0000,1.0000,comparator,false,,,
4194304,8,cuda,resident,passed,2457,30,24,0.422450,0.004000,0.419350,0.425600,1.0149,1.0078,true,false,225.0729,223.1828,227.1588,224.5537,225.5407,faster,false,true,true,true
4194304,8,cuda,resident-graph,passed,3120,30,24,0.324600,0.001100,0.324600,0.324650,1.0002,1.0000,true,false,292.9207,292.5815,293.4660,292.7278,293.0887,faster,false,true,true,true
4194304,8,cuda,host-origin,passed,278,30,24,3.605350,0.048725,3.595450,3.762850,1.0466,1.0066,true,false,26.3725,25.2433,26.4943,26.3556,26.3963,faster,false,true,true,true
8388608,4,cpu,comparator,passed,10,30,24,188.336100,0.600650,188.056800,188.739050,1.0036,1.0026,true,false,1.0000,1.0000,1.0000,1.0000,1.0000,comparator,false,,,
8388608,4,cuda,resident,passed,1374,30,24,0.738800,0.004825,0.735850,0.743250,1.0101,1.0049,true,false,254.9216,253.0196,256.4912,254.7382,255.2948,faster,false,true,true,true
8388608,4,cuda,resident-graph,passed,1583,30,24,0.635800,0.002000,0.633800,0.635950,1.0034,1.0032,true,false,296.2191,295.7100,297.7896,296.0989,297.0376,faster,false,true,true,true
8388608,4,cuda,host-origin,passed,157,30,24,6.340250,0.069050,6.315650,6.501950,1.0295,1.0074,true,false,29.7048,28.9231,29.8843,29.6880,29.7615,faster,false,true,true,true
8388608,8,cpu,comparator,passed,10,30,24,189.564900,0.365425,189.484450,189.677500,1.0010,1.0006,true,false,1.0000,1.0000,1.0000,1.0000,1.0000,comparator,false,,,
8388608,8,cuda,resident,passed,1268,30,24,0.777900,0.021300,0.769500,0.796250,1.0348,1.0293,true,false,243.6880,237.9711,246.4945,239.3170,244.9603,faster,false,true,true,true
8388608,8,cuda,resident-graph,passed,1494,30,24,0.670700,0.002000,0.670700,0.673650,1.0044,1.0031,true,false,282.6374,281.2803,282.8053,282.2583,282.6792,faster,false,true,true,true
8388608,8,cuda,host-origin,passed,143,30,24,6.962450,0.074825,6.936000,7.007200,1.0103,1.0075,true,false,27.2268,27.0414,27.3468,27.1488,27.2380,faster,false,true,true,true
16777216,4,cpu,comparator,passed,10,30,24,376.515450,1.431825,376.004150,377.589150,1.0042,1.0027,true,false,1.0000,1.0000,1.0000,1.0000,1.0000,comparator,false,,,
16777216,4,cuda,resident,passed,739,30,24,1.379700,0.015150,1.363000,1.386050,1.0169,1.0133,true,false,272.8966,271.2775,277.0280,272.6289,273.1455,faster,false,true,true,true
16777216,4,cuda,resident-graph,passed,800,30,24,1.256500,0.004000,1.254400,1.258550,1.0033,1.0030,true,false,299.6542,298.7598,301.0118,299.2616,299.9207,faster,false,true,true,true
16777216,4,cuda,host-origin,passed,81,30,24,12.386650,0.077725,12.327750,12.446700,1.0096,1.0063,true,false,30.3969,30.2091,30.6292,30.3434,30.4378,faster,false,true,true,true
16777216,8,cpu,comparator,passed,10,30,24,379.678450,1.743250,379.034150,380.414350,1.0036,1.0029,true,false,1.0000,1.0000,1.0000,1.0000,1.0000,comparator,false,,,
16777216,8,cuda,resident,passed,683,30,24,1.459650,0.019500,1.448950,1.471850,1.0158,1.0119,true,false,260.1161,257.5223,262.5448,258.7038,260.9055,faster,false,true,true,true
16777216,8,cuda,resident-graph,passed,744,30,24,1.348600,0.004200,1.344500,1.350700,1.0046,1.0043,true,false,281.5353,280.6205,282.9411,281.3451,281.9330,faster,false,true,true,true
16777216,8,cuda,host-origin,passed,74,30,24,13.654150,0.068500,13.594900,13.689600,1.0070,1.0053,true,false,27.8068,27.6877,27.9821,27.7854,27.8517,faster,false,true,true,true
33554432,4,cpu,comparator,passed,10,30,24,755.186850,2.824800,754.317600,756.373550,1.0027,1.0021,true,false,1.0000,1.0000,1.0000,1.0000,1.0000,comparator,false,,,
33554432,4,cuda,resident,passed,393,30,24,2.550100,0.017425,2.533800,2.556750,1.0091,1.0040,true,false,296.1401,295.0299,298.5135,295.9127,296.3829,faster,false,true,true,true
33554432,4,cuda,resident-graph,passed,414,30,24,2.425350,0.003900,2.423750,2.427700,1.0016,1.0006,true,false,311.3723,310.7129,312.0675,311.1365,311.5304,faster,false,true,true,true
33554432,4,cuda,host-origin,passed,42,30,24,24.340550,0.105125,24.242900,24.436500,1.0080,1.0056,true,false,31.0259,30.8685,31.1998,31.0050,31.0625,faster,false,true,true,true
33554432,8,cpu,comparator,passed,10,30,24,758.760300,2.782475,757.168200,760.466000,1.0044,1.0024,true,false,1.0000,1.0000,1.0000,1.0000,1.0000,comparator,false,,,
33554432,8,cuda,resident,passed,377,30,24,2.672800,0.023050,2.649900,2.680250,1.0115,1.0053,true,false,283.8822,282.4991,286.9791,283.5594,284.3443,faster,false,true,true,true
33554432,8,cuda,resident-graph,passed,395,30,24,2.547700,0.006625,2.541600,2.551000,1.0037,1.0029,true,false,297.8217,296.8123,299.2076,297.6024,298.2761,faster,false,true,true,true
33554432,8,cuda,host-origin,passed,38,30,24,26.805800,0.064200,26.732750,26.864750,1.0049,1.0020,true,false,28.3058,28.1844,28.4470,28.2883,28.3224,faster,false,true,true,true
67108864,4,cpu,comparator,passed,10,30,24,1506.746250,3.069075,1505.271300,1508.465750,1.0021,1.0017,true,false,1.0000,1.0000,1.0000,1.0000,1.0000,comparator,false,,,
67108864,4,cuda,resident,passed,206,30,24,4.879650,0.036275,4.858250,4.889650,1.0065,1.0041,true,false,308.7816,307.8485,310.4957,308.5764,309.1513,faster,false,true,true,true
67108864,4,cuda,resident-graph,passed,212,30,24,4.751200,0.013125,4.734250,4.759600,1.0054,1.0033,true,false,317.1296,316.2600,318.6282,317.0144,317.3199,faster,false,true,true,true
67108864,4,cuda,host-origin,passed,21,30,24,48.178350,0.121525,48.112750,48.225900,1.0024,1.0017,true,false,31.2743,31.2129,31.3527,31.2659,31.2901,faster,false,true,true,true
67108864,8,cpu,comparator,passed,10,30,24,1512.906000,3.220275,1510.912450,1514.596250,1.0024,1.0013,true,false,1.0000,1.0000,1.0000,1.0000,1.0000,comparator,false,,,
67108864,8,cuda,resident,passed,196,30,24,5.136150,0.142250,5.113950,5.144950,1.0061,1.0052,true,false,294.5603,293.6690,296.1695,294.4406,294.6348,faster,false,true,true,true
67108864,8,cuda,resident-graph,passed,201,30,24,5.003300,0.009600,4.989900,5.010500,1.0041,1.0023,true,false,302.3816,301.5492,303.5324,302.2892,302.5070,faster,false,true,true,true
67108864,8,cuda,host-origin,passed,19,30,24,53.144600,0.168375,53.079250,53.273000,1.0037,1.0016,true,false,28.4677,28.3617,28.5346,28.4594,28.4887,faster,false,true,true,true
